date,region,state,max_demand_met_mw,shortage_max_demand_mw,energy_met_mu,drawal_schedule_mu,od_ud_mu,max_od_mw,energy_shortage_mu
2018-12-31,NR,Rajasthan,12676.0,0.0,236.6,64.0,-0.3,388.0,0.0
2019-01-01,NR,Rajasthan,12538.0,435.0,238.3,65.0,2.1,572.0,0.0
2019-01-02,NR,Rajasthan,12757.0,0.0,239.8,61.2,-0.7,524.0,0.0
2019-01-03,NR,Rajasthan,12734.0,0.0,239.9,56.2,-0.5,265.0,0.0
2019-01-04,NR,Rajasthan,12268.0,21.0,236.5,61.7,0.3,405.0,0.0
2019-01-05,NR,Rajasthan,11834.0,0.0,234.2,62.0,-1.3,207.0,0.0
2019-01-06,NR,Rajasthan,12233.0,0.0,235.2,57.6,-1.0,554.0,0.0
2019-01-07,NR,Rajasthan,12620.0,0.0,239.9,60.1,-1.5,459.0,0.0
2019-01-08,NR,Rajasthan,12413.0,0.0,242.1,60.7,0.3,304.0,0.0
2019-01-09,NR,Rajasthan,12181.0,16.0,243.4,60.0,-0.1,600.0,0.0
2019-01-10,NR,Rajasthan,11970.0,100.0,238.3,58.8,0.5,568.0,0.0
2019-01-11,NR,Rajasthan,12557.0,158.0,244.0,68.3,-0.9,351.0,0.0
2019-01-12,NR,Rajasthan,11529.0,736.0,234.2,66.7,0.2,332.0,0.0
2019-01-13,NR,Rajasthan,12167.0,58.0,233.9,60.4,-2.7,318.0,0.0
2019-01-14,NR,Rajasthan,11918.0,0.0,231.0,59.2,-2.3,301.0,0.0
2019-01-15,NR,Rajasthan,12254.0,0.0,237.6,80.2,-0.3,582.0,0.0
2019-01-16,NR,Rajasthan,12168.0,0.0,240.9,79.6,0.2,546.0,0.0
2019-01-17,NR,Rajasthan,12172.0,0.0,244.1,67.8,-1.3,285.0,0.0
2019-01-18,NR,Rajasthan,12074.0,106.0,241.1,62.2,-1.1,168.0,0.0
2019-01-19,NR,Rajasthan,12294.0,0.0,242.0,68.0,-0.2,370.0,0.0
2019-01-20,NR,Rajasthan,12569.0,0.0,239.6,69.9,-0.3,456.0,0.0
2019-01-21,NR,Rajasthan,11958.0,0.0,225.2,63.8,-2.1,550.0,0.0
2019-01-22,NR,Rajasthan,11404.0,0.0,208.1,69.1,-4.3,479.0,0.0
2019-01-23,NR,Rajasthan,11214.0,0.0,227.0,63.4,-1.2,254.0,0.0
2019-01-24,NR,Rajasthan,11582.0,0.0,224.8,49.3,-3.3,322.0,0.0
2019-01-25,NR,Rajasthan,11348.0,0.0,219.2,57.4,-3.7,160.0,0.0
2019-01-26,NR,Rajasthan,12078.0,0.0,221.8,63.4,-1.8,267.0,0.0
2019-01-28,NR,Rajasthan,12096.0,0.0,232.8,61.3,-0.2,328.0,0.0
2019-01-29,NR,Rajasthan,12180.0,0.0,236.7,62.7,0.8,256.0,0.0
2019-01-30,NR,Rajasthan,12263.0,0.0,237.0,66.2,-0.2,191.0,0.0
2019-01-31,NR,Rajasthan,12061.0,0.0,235.2,60.5,-1.7,170.0,0.0
2019-02-01,NR,Rajasthan,12406.0,0.0,236.6,62.2,-2.6,245.0,0.0
2019-02-02,NR,Rajasthan,11948.0,0.0,234.3,59.9,-1.6,216.0,0.0
2019-02-03,NR,Rajasthan,12307.0,460.0,232.0,63.7,-0.2,360.0,0.0
2019-02-04,NR,Rajasthan,11914.0,0.0,229.6,63.9,-0.7,340.0,0.0
2019-02-05,NR,Rajasthan,12436.0,0.0,239.7,77.6,0.9,333.0,0.0
2019-02-06,NR,Rajasthan,12209.0,0.0,234.3,64.6,-0.4,294.0,0.0
2019-02-07,NR,Rajasthan,11612.0,0.0,226.4,62.5,-0.1,318.0,0.0
2019-02-08,NR,Rajasthan,12328.0,0.0,234.3,67.2,-0.3,387.0,0.0
2019-02-09,NR,Rajasthan,11501.0,0.0,229.4,67.9,-1.1,204.0,0.0
2019-02-10,NR,Rajasthan,11801.0,0.0,227.8,62.5,0.1,321.0,0.0
2019-02-11,NR,Rajasthan,12287.0,0.0,233.3,58.9,-1.5,288.0,0.0
2019-02-12,NR,Rajasthan,12115.0,0.0,236.5,50.5,-2.3,140.0,0.0
2019-02-13,NR,Rajasthan,12097.0,0.0,236.6,53.2,-2.0,258.0,0.0
2019-02-14,NR,Rajasthan,11404.0,0.0,227.5,56.2,-1.6,195.0,0.0
2019-02-15,NR,Rajasthan,11845.0,0.0,230.5,61.9,-2.2,187.0,0.0
2019-02-16,NR,Rajasthan,11830.0,0.0,233.4,63.4,-0.7,227.0,0.0
2019-02-17,NR,Rajasthan,11836.0,0.0,227.8,62.5,-0.4,480.0,0.0
2019-02-18,NR,Rajasthan,11245.0,0.0,217.7,47.1,-1.1,376.0,0.0
2019-02-19,NR,Rajasthan,11668.0,0.0,232.5,67.3,1.2,302.0,0.0
2019-02-20,NR,Rajasthan,11786.0,0.0,231.1,66.4,0.9,292.0,0.0
2019-02-21,NR,Rajasthan,11656.0,0.0,233.4,75.6,-0.4,337.0,0.0
2019-02-22,NR,Rajasthan,11677.0,0.0,235.0,71.3,-1.0,326.0,0.0
2019-02-23,NR,Rajasthan,11748.0,0.0,235.3,64.7,-0.7,225.0,0.0
2019-02-24,NR,Rajasthan,11858.0,0.0,231.4,67.1,-0.1,266.0,0.0
2019-02-25,NR,Rajasthan,11609.0,0.0,232.4,70.0,1.2,278.0,0.0
2019-02-26,NR,Rajasthan,11679.0,69.0,228.8,74.4,1.4,382.0,0.0
2019-02-27,NR,Rajasthan,11418.0,0.0,222.5,72.5,0.9,324.0,0.0
2019-02-28,NR,Rajasthan,11339.0,0.0,229.7,76.9,-0.2,374.0,0.0
2019-03-01,NR,Rajasthan,11428.0,0.0,231.3,66.9,0.8,331.0,0.0
2019-03-02,NR,Rajasthan,11235.0,0.0,223.6,62.9,-0.3,426.0,0.0
2019-03-03,NR,Rajasthan,11040.0,0.0,212.0,54.7,-2.3,282.0,0.0
2019-03-04,NR,Rajasthan,11789.0,0.0,225.1,61.0,-0.9,246.0,0.0
2019-03-05,NR,Rajasthan,11271.0,0.0,225.9,69.0,-0.2,272.0,0.0
2019-03-06,NR,Rajasthan,11152.0,0.0,226.0,68.9,-0.3,301.0,0.0
2019-03-07,NR,Rajasthan,11329.0,0.0,233.0,68.7,-2.2,280.0,0.0
2019-03-08,NR,Rajasthan,11355.0,0.0,228.5,51.7,-4.3,94.0,0.0
2019-03-09,NR,Rajasthan,10998.0,0.0,227.1,61.3,-1.1,122.0,0.0
2019-03-10,NR,Rajasthan,10751.0,0.0,217.2,65.3,-2.0,174.0,0.0
2019-03-11,NR,Rajasthan,10770.0,0.0,222.7,65.4,-0.6,206.0,0.0
2019-03-12,NR,Rajasthan,11161.0,0.0,230.4,65.0,-0.9,282.0,0.0
2019-03-13,NR,Rajasthan,11106.0,0.0,225.0,62.1,-1.8,302.0,0.0
2019-03-14,NR,Rajasthan,10942.0,0.0,219.4,58.4,-2.4,120.0,0.0
2019-03-15,NR,Rajasthan,10847.0,0.0,218.2,61.8,-0.9,301.0,0.0
2019-03-16,NR,Rajasthan,11010.0,0.0,220.9,65.4,0.1,231.0,0.0
2019-03-17,NR,Rajasthan,10711.0,0.0,215.3,69.7,-1.3,248.0,0.0
2019-03-18,NR,Rajasthan,10898.0,0.0,220.5,69.3,-0.6,263.0,0.0
2019-03-19,NR,Rajasthan,10747.0,0.0,218.3,59.0,-0.2,302.0,0.0
2019-03-20,NR,Rajasthan,10534.0,0.0,211.7,64.0,-2.0,237.0,0.0
2019-03-21,NR,Rajasthan,9285.0,0.0,187.8,59.0,-1.1,140.0,0.0
2019-03-22,NR,Rajasthan,9528.0,0.0,199.1,61.2,-1.8,181.0,0.0
2019-03-23,NR,Rajasthan,9860.0,0.0,208.2,65.8,-2.2,676.0,0.0
2019-03-24,NR,Rajasthan,10122.0,0.0,211.1,71.4,0.1,246.0,0.0
2019-03-25,NR,Rajasthan,10199.0,0.0,209.5,67.1,-1.4,737.0,0.0
2019-03-26,NR,Rajasthan,10124.0,0.0,216.3,66.2,-0.3,246.0,0.0
2019-03-27,NR,Rajasthan,10299.0,0.0,215.4,58.4,0.2,213.0,0.0
2019-03-28,NR,Rajasthan,10023.0,0.0,214.8,55.2,-0.3,262.0,0.0
2019-03-29,NR,Rajasthan,10190.0,0.0,222.9,59.6,-1.6,232.0,0.0
2019-03-30,NR,Rajasthan,10380.0,0.0,220.4,50.9,-2.2,158.0,0.0
2019-03-31,NR,Rajasthan,10292.0,0.0,217.5,58.5,-0.2,288.0,0.0
2019-04-01,NR,Rajasthan,9783.0,0.0,213.8,58.1,-1.9,191.0,0.0
2019-04-02,NR,Rajasthan,9959.0,0.0,216.6,59.2,-1.5,245.0,0.0
2019-04-03,NR,Rajasthan,10023.0,0.0,220.4,54.7,-0.7,230.0,0.0
2019-04-04,NR,Rajasthan,9953.0,0.0,218.4,51.8,-0.4,266.0,0.0
2019-04-05,NR,Rajasthan,9631.0,0.0,205.6,42.9,-3.5,157.0,0.0
2019-04-06,NR,Rajasthan,9868.0,0.0,207.0,48.7,-0.4,236.0,0.0
2019-04-07,NR,Rajasthan,10265.0,0.0,201.4,48.7,-0.7,438.0,0.0
2019-04-08,NR,Rajasthan,9395.0,0.0,197.5,51.3,-2.0,196.0,0.0
2019-04-09,NR,Rajasthan,9627.0,0.0,211.3,59.7,-1.2,209.0,0.0
2019-04-10,NR,Rajasthan,9879.0,0.0,215.1,54.7,-1.9,218.0,0.0
2019-04-11,NR,Rajasthan,9804.0,0.0,215.6,52.5,-2.0,299.0,0.0
2019-04-12,NR,Rajasthan,9800.0,0.0,210.6,58.3,-2.1,292.0,0.0
2019-04-13,NR,Rajasthan,9726.0,0.0,216.6,62.6,-1.2,271.0,0.0
2019-04-14,NR,Rajasthan,9432.0,0.0,213.0,65.5,-0.7,241.0,0.0
2019-04-15,NR,Rajasthan,9842.0,0.0,205.8,54.2,-2.4,542.0,0.0
2019-04-16,NR,Rajasthan,8398.0,0.0,159.2,33.8,-5.6,341.0,0.0
2019-04-17,NR,Rajasthan,7119.0,0.0,146.4,43.8,-2.9,262.0,0.0
2019-04-18,NR,Rajasthan,7699.0,0.0,168.3,52.2,-2.3,145.0,0.0
2019-04-19,NR,Rajasthan,8243.0,0.0,178.1,54.6,-1.7,287.0,0.0
2019-04-20,NR,Rajasthan,8423.0,0.0,187.2,61.5,-1.3,282.0,0.0
2019-04-21,NR,Rajasthan,8610.0,0.0,190.4,58.5,-2.2,474.0,0.0
2019-04-22,NR,Rajasthan,9477.0,0.0,205.5,61.5,-0.6,320.0,0.0
2019-04-23,NR,Rajasthan,9808.0,0.0,216.8,63.4,-0.1,581.0,0.0
2019-04-24,NR,Rajasthan,9788.0,0.0,221.1,73.1,-1.1,363.0,0.0
2019-04-25,NR,Rajasthan,10076.0,0.0,226.7,77.9,-1.4,343.0,0.0
2019-04-26,NR,Rajasthan,10343.0,0.0,226.5,77.0,-1.0,330.0,0.0
2019-04-27,NR,Rajasthan,10269.0,0.0,228.3,75.7,-0.8,290.0,0.0
2019-04-28,NR,Rajasthan,10170.0,0.0,224.7,70.9,-0.3,332.0,0.0
2019-04-29,NR,Rajasthan,10142.0,0.0,227.2,62.1,-0.2,524.0,0.0
2019-04-30,NR,Rajasthan,10499.0,0.0,231.6,64.8,1.2,362.0,0.0
2019-05-01,NR,Rajasthan,10482.0,0.0,232.4,72.8,1.7,449.0,0.0
2019-05-02,NR,Rajasthan,10578.0,0.0,229.6,71.9,0.2,318.0,0.0
2019-05-03,NR,Rajasthan,10455.0,0.0,226.9,70.1,0.1,396.0,0.0
2019-05-04,NR,Rajasthan,9977.0,0.0,222.4,72.0,-0.7,394.0,0.0
2019-05-05,NR,Rajasthan,10180.0,0.0,223.8,72.7,-1.2,360.0,0.0
2019-05-06,NR,Rajasthan,10170.0,0.0,223.1,59.9,-1.2,488.0,0.0
2019-05-07,NR,Rajasthan,10442.0,0.0,230.6,66.5,-1.4,419.0,0.0
2019-05-08,NR,Rajasthan,10710.0,0.0,239.3,74.4,-1.3,285.0,0.0
2019-05-10,NR,Rajasthan,10830.0,0.0,241.7,84.2,0.2,408.0,0.0
2019-05-11,NR,Rajasthan,10431.0,0.0,227.1,68.3,-1.5,447.0,0.0
2019-05-12,NR,Rajasthan,9724.0,0.0,205.0,63.6,-0.3,521.0,0.0
2019-05-13,NR,Rajasthan,10143.0,0.0,215.5,66.3,-1.0,341.0,0.0
2019-05-15,NR,Rajasthan,10399.0,0.0,221.5,65.1,-1.9,542.0,0.0
2019-05-16,NR,Rajasthan,10196.0,0.0,211.8,60.6,-1.4,510.0,0.0
2019-05-17,NR,Rajasthan,9602.0,0.0,192.2,53.1,-2.4,643.0,0.0
2019-05-18,NR,Rajasthan,9297.0,0.0,194.9,52.3,-0.7,279.0,0.0
2019-05-19,NR,Rajasthan,9532.0,0.0,211.2,55.5,-1.8,311.0,0.0
2019-05-20,NR,Rajasthan,10412.0,0.0,226.8,63.8,0.8,292.0,0.0
2019-05-21,NR,Rajasthan,10718.0,0.0,230.7,77.6,2.9,563.0,0.0
2019-05-22,NR,Rajasthan,10756.0,0.0,233.6,82.6,1.8,446.0,0.0
2019-05-23,NR,Rajasthan,11143.0,25.0,240.3,78.1,-0.4,716.0,0.0
2019-05-24,NR,Rajasthan,10662.0,0.0,234.0,70.5,2.0,435.0,0.0
2019-05-25,NR,Rajasthan,10667.0,0.0,238.8,64.7,2.3,559.0,0.0
2019-05-26,NR,Rajasthan,10783.0,0.0,239.8,67.0,2.0,319.0,0.0
2019-05-27,NR,Rajasthan,11072.0,0.0,248.1,71.8,-1.4,329.0,0.0
2019-05-28,NR,Rajasthan,12103.0,0.0,257.9,67.9,1.4,502.0,0.0
2019-05-29,NR,Rajasthan,11634.0,0.0,256.2,68.7,-0.7,394.0,0.0
2019-05-30,NR,Rajasthan,11668.0,0.0,250.0,67.0,-1.1,206.0,0.0
2019-05-31,NR,Rajasthan,11528.0,0.0,255.7,67.5,1.7,578.0,0.0
2019-06-01,NR,Rajasthan,11755.0,0.0,261.6,76.5,1.4,293.0,0.0
2019-06-02,NR,Rajasthan,11710.0,0.0,260.2,73.9,1.8,527.0,0.0
2019-06-03,NR,Rajasthan,11872.0,0.0,261.8,68.6,0.9,385.0,0.0
2019-06-04,NR,Rajasthan,12041.0,0.0,268.1,76.3,-0.1,544.0,0.0
2019-06-06,NR,Rajasthan,12297.0,0.0,271.3,80.0,0.7,419.0,0.0
2019-06-07,NR,Rajasthan,12157.0,0.0,270.4,85.6,-3.0,248.0,0.0
2019-06-08,NR,Rajasthan,12467.0,0.0,275.2,90.7,-1.0,194.0,0.0
2019-06-09,NR,Rajasthan,11967.0,0.0,271.0,83.5,1.0,373.0,0.0
2019-06-10,NR,Rajasthan,11870.0,0.0,264.9,80.3,-0.4,615.0,0.0
2019-06-11,NR,Rajasthan,12395.0,0.0,278.0,71.1,-0.6,304.0,0.0
2019-06-12,NR,Rajasthan,12251.0,0.0,265.9,84.1,3.5,561.0,0.0
2019-06-13,NR,Rajasthan,11518.0,0.0,244.4,72.8,0.3,501.0,0.0
2019-06-14,NR,Rajasthan,11798.0,0.0,257.8,74.4,2.4,412.0,0.0
2019-06-15,NR,Rajasthan,11605.0,0.0,257.9,64.5,-1.2,345.0,0.0
2019-06-16,NR,Rajasthan,10566.0,0.0,223.1,51.1,-3.0,566.0,0.0
2019-06-17,NR,Rajasthan,10496.0,0.0,235.1,48.7,-2.0,310.0,1.2
2019-06-18,NR,Rajasthan,10318.0,0.0,223.7,61.3,-1.9,608.0,0.0
2019-06-19,NR,Rajasthan,9872.0,0.0,208.5,52.3,-1.7,770.0,0.0
2019-06-20,NR,Rajasthan,10240.0,0.0,224.0,60.0,-1.8,368.0,0.0
2019-06-21,NR,Rajasthan,10708.0,0.0,228.2,65.0,0.1,729.0,0.0
2019-06-22,NR,Rajasthan,11152.0,0.0,241.8,68.1,2.3,839.0,0.0
2019-06-23,NR,Rajasthan,10895.0,0.0,240.1,67.9,-0.1,437.0,0.0
2019-06-24,NR,Rajasthan,11035.0,0.0,240.6,81.4,1.6,500.0,0.0
2019-06-25,NR,Rajasthan,11114.0,0.0,242.9,82.3,0.7,808.0,0.0
2019-06-26,NR,Rajasthan,11164.0,0.0,248.5,74.0,0.9,463.0,0.0
2019-06-27,NR,Rajasthan,11565.0,0.0,249.5,60.7,1.7,650.0,0.0
2019-06-28,NR,Rajasthan,11660.0,0.0,254.7,63.9,0.7,566.0,0.0
2019-06-29,NR,Rajasthan,11671.0,0.0,255.7,64.2,-2.0,352.0,0.0
2019-06-30,NR,Rajasthan,11393.0,0.0,246.4,56.1,-1.8,293.0,0.0
2019-07-01,NR,Rajasthan,11399.0,0.0,247.9,70.6,-2.1,486.0,0.0
2019-07-02,NR,Rajasthan,10985.0,0.0,237.5,70.0,0.3,595.0,0.0
2019-07-03,NR,Rajasthan,11017.0,0.0,242.7,65.4,-1.3,611.0,0.0
2019-07-04,NR,Rajasthan,11049.0,0.0,237.3,57.2,-2.2,543.0,0.0
2019-07-05,NR,Rajasthan,9928.0,0.0,220.9,50.5,0.7,1005.0,0.0
2019-07-06,NR,Rajasthan,9814.0,0.0,218.1,53.3,-0.8,300.0,0.0
2019-07-07,NR,Rajasthan,9097.0,0.0,201.3,49.4,0.9,455.0,0.0
2019-07-08,NR,Rajasthan,9958.0,0.0,218.1,56.5,-1.6,282.0,0.0
2019-07-09,NR,Rajasthan,10437.0,0.0,225.8,52.6,-1.1,272.0,0.0
2019-07-10,NR,Rajasthan,10815.0,0.0,239.7,60.3,2.2,530.0,0.0
2019-07-11,NR,Rajasthan,11238.0,0.0,242.6,65.6,0.7,350.0,0.0
2019-07-12,NR,Rajasthan,11451.0,0.0,249.6,68.3,0.3,381.0,0.0
2019-07-13,NR,Rajasthan,11695.0,0.0,252.4,62.7,0.0,444.0,0.0
2019-07-14,NR,Rajasthan,11514.0,0.0,247.6,61.2,-0.4,381.0,0.0
2019-07-15,NR,Rajasthan,11917.0,0.0,256.5,67.8,-0.1,414.0,0.0
2019-07-16,NR,Rajasthan,11904.0,0.0,264.3,66.2,-0.6,499.0,0.0
2019-07-17,NR,Rajasthan,11632.0,0.0,261.6,70.8,1.0,641.0,0.0
2019-07-18,NR,Rajasthan,11084.0,0.0,245.1,64.1,-3.3,371.0,0.0
2019-07-19,NR,Rajasthan,10966.0,0.0,240.0,59.6,2.3,820.0,0.0
2019-07-20,NR,Rajasthan,11053.0,0.0,244.3,66.3,2.2,621.0,0.0
2019-07-21,NR,Rajasthan,10723.0,0.0,240.5,67.0,1.9,576.0,0.0
2019-07-22,NR,Rajasthan,11013.0,0.0,242.2,74.2,-0.2,497.0,0.0
2019-07-23,NR,Rajasthan,11344.0,0.0,251.4,79.1,9.7,986.0,0.0
2019-07-24,NR,Rajasthan,12285.0,0.0,256.8,72.0,1.9,877.0,0.0
2019-07-25,NR,Rajasthan,10105.0,0.0,219.3,42.6,-4.0,330.0,0.0
2019-07-26,NR,Rajasthan,9679.0,0.0,218.3,61.2,-1.0,725.0,0.0
2019-07-27,NR,Rajasthan,9024.0,0.0,198.7,45.5,-4.0,263.0,0.0
2019-07-28,NR,Rajasthan,7463.0,0.0,159.3,51.2,-8.0,289.0,0.0
2019-07-29,NR,Rajasthan,8660.0,0.0,175.3,55.9,-3.2,360.0,0.0
2019-07-30,NR,Rajasthan,9451.0,0.0,197.2,69.8,-1.1,533.0,0.0
2019-07-31,NR,Rajasthan,9641.0,0.0,209.8,70.4,-2.5,592.0,0.0
2019-08-01,NR,Rajasthan,9042.0,0.0,197.6,52.9,-4.3,154.0,0.0
2019-08-02,NR,Rajasthan,8950.0,0.0,197.6,61.5,-1.4,424.0,0.0
2019-08-03,NR,Rajasthan,8419.0,0.0,189.7,60.6,-2.5,414.0,0.0
2019-08-04,NR,Rajasthan,8757.0,0.0,191.9,61.0,-1.2,433.0,0.0
2019-08-05,NR,Rajasthan,9347.0,0.0,205.5,53.9,-2.1,239.0,0.0
2019-08-06,NR,Rajasthan,9220.0,0.0,203.5,40.2,-1.5,317.0,0.0
2019-08-07,NR,Rajasthan,8777.0,0.0,197.1,55.7,0.4,504.0,0.0
2019-08-08,NR,Rajasthan,9026.0,0.0,201.1,71.6,0.4,525.0,0.0
2019-08-09,NR,Rajasthan,8605.0,0.0,195.4,60.5,-3.4,293.0,0.0
2019-08-10,NR,Rajasthan,8809.0,0.0,192.2,50.3,-4.9,321.0,0.0
2019-08-11,NR,Rajasthan,8975.0,0.0,197.6,64.3,-2.5,472.0,0.0
2019-08-12,NR,Rajasthan,9524.0,0.0,211.5,75.0,-0.8,534.0,0.0
2019-08-13,NR,Rajasthan,9577.0,0.0,214.5,72.2,-3.4,234.0,0.0
2019-08-14,NR,Rajasthan,9115.0,0.0,207.5,65.3,-2.2,392.0,0.0
2019-08-15,NR,Rajasthan,8373.0,0.0,171.0,49.4,-4.3,208.0,0.0
2019-08-16,NR,Rajasthan,6903.0,0.0,156.0,42.2,-4.6,258.0,0.0
2019-08-17,NR,Rajasthan,7044.0,0.0,147.3,38.9,-5.5,179.0,0.0
2019-08-18,NR,Rajasthan,7691.0,0.0,163.0,39.1,-0.8,320.0,0.0
2019-08-19,NR,Rajasthan,8494.0,0.0,180.9,61.7,-0.7,418.0,0.0
2019-08-20,NR,Rajasthan,9098.0,0.0,196.9,74.1,-2.8,195.0,0.0
2019-08-21,NR,Rajasthan,9691.0,0.0,215.6,59.8,-3.3,214.0,0.0
2019-08-22,NR,Rajasthan,10050.0,0.0,222.0,61.8,-3.7,169.0,0.0
2019-08-23,NR,Rajasthan,10353.0,0.0,231.7,57.4,-2.5,410.0,0.0
2019-08-24,NR,Rajasthan,10613.0,0.0,237.9,58.6,0.6,547.0,0.0
2019-08-25,NR,Rajasthan,10180.0,0.0,229.1,62.5,-1.2,495.0,0.0
2019-08-26,NR,Rajasthan,10150.0,0.0,229.7,67.8,1.9,494.0,0.0
2019-08-27,NR,Rajasthan,10459.0,0.0,232.4,76.3,-2.9,638.0,0.0
2019-08-28,NR,Rajasthan,9983.0,0.0,221.0,72.2,-2.8,300.0,0.0
2019-08-29,NR,Rajasthan,9849.0,0.0,217.3,65.0,-2.6,340.0,0.0
2019-08-30,NR,Rajasthan,9392.0,0.0,212.7,47.8,-0.8,405.0,0.0
2019-08-31,NR,Rajasthan,9738.0,0.0,214.6,49.8,-0.9,567.0,0.0
2019-09-01,NR,Rajasthan,9127.0,0.0,203.9,57.0,-3.3,195.0,0.0
2019-09-02,NR,Rajasthan,9304.0,0.0,203.2,64.9,-0.5,1208.0,0.0
2019-09-03,NR,Rajasthan,9651.0,0.0,212.6,74.7,-2.6,222.0,0.0
2019-09-04,NR,Rajasthan,10070.0,0.0,225.5,75.7,-2.0,377.0,0.0
2019-09-05,NR,Rajasthan,10058.0,0.0,225.7,76.7,-3.3,98.0,0.0
2019-09-06,NR,Rajasthan,10211.0,0.0,228.7,74.4,0.8,476.0,0.0
2019-09-07,NR,Rajasthan,9911.0,0.0,224.7,74.9,-1.8,393.0,0.0
2019-09-08,NR,Rajasthan,9735.0,0.0,219.8,73.5,-1.5,340.0,0.0
2019-09-09,NR,Rajasthan,10504.0,0.0,232.7,80.5,-3.6,193.0,0.0
2019-09-10,NR,Rajasthan,11035.0,0.0,246.5,81.9,-2.8,245.0,0.0
2019-09-11,NR,Rajasthan,11444.0,0.0,253.5,81.4,-3.6,316.0,0.0
2019-09-12,NR,Rajasthan,11275.0,0.0,253.0,66.0,-3.3,170.0,0.0
2019-09-13,NR,Rajasthan,10937.0,0.0,247.4,68.2,-1.4,499.0,0.0
2019-09-14,NR,Rajasthan,10687.0,0.0,243.3,76.5,-1.1,416.0,0.0
2019-09-15,NR,Rajasthan,10476.0,0.0,237.1,79.6,-0.3,328.0,0.0
2019-09-16,NR,Rajasthan,10995.0,0.0,243.9,75.7,-0.3,384.0,0.0
2019-09-17,NR,Rajasthan,10977.0,0.0,245.4,72.3,-1.7,484.0,0.0
2019-09-18,NR,Rajasthan,11097.0,0.0,245.5,71.2,-2.0,372.0,0.0
2019-09-19,NR,Rajasthan,10827.0,0.0,240.5,72.4,-1.4,329.0,0.0
2019-09-20,NR,Rajasthan,10630.0,0.0,242.4,76.5,-0.2,255.0,0.0
2019-09-21,NR,Rajasthan,10729.0,0.0,237.8,78.8,-2.5,170.0,0.0
2019-09-22,NR,Rajasthan,9779.0,0.0,222.2,74.2,-3.0,351.0,0.0
2019-09-23,NR,Rajasthan,9950.0,0.0,225.8,73.3,-1.4,428.0,0.0
2019-09-24,NR,Rajasthan,10095.0,0.0,228.5,74.4,-1.8,297.0,0.0
2019-09-25,NR,Rajasthan,9895.0,0.0,225.0,72.8,-1.5,335.0,0.0
2019-09-26,NR,Rajasthan,9929.0,0.0,226.6,80.6,0.5,363.0,0.0
2019-09-27,NR,Rajasthan,9945.0,0.0,222.0,89.6,0.2,439.0,0.0
2019-09-28,NR,Rajasthan,9360.0,0.0,210.8,75.4,-0.8,431.0,0.0
2019-09-29,NR,Rajasthan,9234.0,0.0,197.9,69.0,-1.1,872.0,0.0
2019-10-01,NR,Rajasthan,8998.0,0.0,199.9,72.8,-3.1,296.0,0.0
2019-10-02,NR,Rajasthan,8702.0,0.0,187.7,60.7,-0.1,507.0,0.0
2019-10-03,NR,Rajasthan,8714.0,0.0,189.9,49.8,-4.7,204.0,0.0
2019-10-04,NR,Rajasthan,8713.0,0.0,186.9,50.0,-1.5,552.0,0.0
2019-10-05,NR,Rajasthan,8640.0,0.0,195.2,60.5,-3.5,245.0,0.0
2019-10-06,NR,Rajasthan,8555.0,0.0,185.4,54.7,-3.1,231.0,0.0
2019-10-07,NR,Rajasthan,8301.0,0.0,182.5,50.6,-0.6,304.0,0.0
2019-10-08,NR,Rajasthan,8485.0,0.0,184.7,54.4,1.4,268.0,0.0
2019-10-09,NR,Rajasthan,8921.0,0.0,193.7,63.6,0.4,424.0,0.0
2019-10-10,NR,Rajasthan,9076.0,0.0,197.7,67.5,-1.3,365.0,0.0
2019-10-11,NR,Rajasthan,9300.0,0.0,201.4,66.2,-1.0,221.0,0.0
2019-10-12,NR,Rajasthan,9417.0,0.0,202.7,68.6,-0.9,237.0,0.0
2019-10-13,NR,Rajasthan,9354.0,0.0,202.3,65.3,-1.4,227.0,0.0
2019-10-15,NR,Rajasthan,9742.0,0.0,211.2,60.2,-0.8,266.0,0.0
2019-10-16,NR,Rajasthan,10055.0,0.0,213.1,59.5,0.1,474.0,0.0
2019-10-17,NR,Rajasthan,10162.0,0.0,215.5,62.2,-2.2,311.0,0.0
2019-10-18,NR,Rajasthan,10041.0,0.0,213.0,64.8,-4.2,161.0,0.0
2019-10-19,NR,Rajasthan,9764.0,0.0,208.4,57.8,-3.8,126.0,0.0
2019-10-20,NR,Rajasthan,9676.0,0.0,202.2,63.3,-2.7,374.0,0.0
2019-10-21,NR,Rajasthan,9892.0,0.0,203.1,67.2,0.6,285.0,0.0
2019-10-22,NR,Rajasthan,9919.0,0.0,202.6,66.3,-1.6,257.0,0.0
2019-10-23,NR,Rajasthan,10021.0,0.0,200.6,61.5,-0.9,440.0,0.0
2019-10-24,NR,Rajasthan,10127.0,0.0,202.3,63.3,-2.2,449.0,0.0
2019-10-25,NR,Rajasthan,10330.0,0.0,204.3,63.1,-1.6,387.0,0.0
2019-10-26,NR,Rajasthan,10305.0,0.0,197.0,53.9,-1.8,274.0,0.0
2019-10-27,NR,Rajasthan,9855.0,0.0,185.3,54.5,-0.6,418.0,0.0
2019-10-28,NR,Rajasthan,9332.0,0.0,175.3,56.1,0.6,365.0,0.0
2019-10-29,NR,Rajasthan,9673.0,0.0,188.1,70.5,3.3,1099.0,0.0
2019-10-30,NR,Rajasthan,10140.0,0.0,201.3,70.6,-2.1,328.0,0.0
2019-10-31,NR,Rajasthan,10464.0,0.0,209.7,70.4,-2.0,240.0,0.0
2019-11-01,NR,Rajasthan,10699.0,0.0,210.8,63.9,-3.4,473.0,0.0
2019-11-02,NR,Rajasthan,10192.0,0.0,205.0,65.7,-6.1,177.0,0.0
2019-11-03,NR,Rajasthan,9891.0,0.0,202.4,68.6,-2.1,382.0,0.0
2019-11-04,NR,Rajasthan,10620.0,0.0,212.7,68.7,-1.1,467.0,0.0
2019-11-05,NR,Rajasthan,10864.0,0.0,215.9,71.1,-1.5,303.0,0.0
2019-11-06,NR,Rajasthan,11284.0,0.0,218.6,67.7,-2.4,321.0,0.0
2019-11-07,NR,Rajasthan,10053.0,0.0,207.9,60.5,-3.4,363.0,0.0
2019-11-08,NR,Rajasthan,10914.0,0.0,210.7,42.3,-3.4,731.0,0.0
2019-11-09,NR,Rajasthan,10957.0,0.0,215.6,56.4,-1.0,282.0,0.0
2019-11-10,NR,Rajasthan,10916.0,0.0,211.3,69.0,-0.5,416.0,0.0
2019-11-11,NR,Rajasthan,10976.0,0.0,212.4,67.0,0.1,416.0,0.0
2019-11-12,NR,Rajasthan,10934.0,0.0,214.4,62.1,0.9,748.0,0.0
2019-11-13,NR,Rajasthan,11229.0,0.0,215.3,67.9,-0.6,314.0,0.0
2019-11-15,NR,Rajasthan,10125.0,0.0,194.3,54.3,-0.2,657.0,0.0
2019-11-16,NR,Rajasthan,10464.0,0.0,200.5,54.9,-1.5,480.0,0.0
2019-11-18,NR,Rajasthan,,10902.0,0.0,208.2,64.0,-0.1,342.0
2019-11-19,NR,Rajasthan,,10958.0,0.0,211.8,64.2,-0.9,588.0
2019-11-20,NR,Rajasthan,11227.0,0.0,214.7,63.3,-1.1,454.0,0.0
2019-11-21,NR,Rajasthan,11551.0,0.0,215.5,56.9,-0.3,537.0,0.0
2019-11-22,NR,Rajasthan,11944.0,0.0,218.7,58.3,-0.1,584.0,0.0
2019-11-23,NR,Rajasthan,11815.0,0.0,220.6,59.7,-1.1,320.0,0.0
2019-11-24,NR,Rajasthan,11685.0,0.0,215.0,65.7,-0.4,571.0,0.0
2019-11-25,NR,Rajasthan,11424.0,0.0,216.7,62.3,-1.1,266.0,0.0
2019-11-26,NR,Rajasthan,11863.0,0.0,214.5,55.7,-2.9,243.0,0.0
2019-11-27,NR,Rajasthan,11474.0,0.0,218.6,64.3,0.2,464.0,0.0
2019-11-28,NR,Rajasthan,11445.0,0.0,213.0,65.4,-1.9,426.0,0.0
2019-11-29,NR,Rajasthan,11148.0,0.0,212.3,51.1,-1.7,678.0,0.0
2019-11-30,NR,Rajasthan,11158.0,0.0,213.3,53.2,-1.2,454.0,0.0
2019-12-01,NR,Rajasthan,11369.0,0.0,210.3,56.7,-0.5,383.0,0.0
2019-12-02,NR,Rajasthan,11469.0,0.0,210.4,57.9,-0.3,358.0,0.0
2019-12-03,NR,Rajasthan,11512.0,0.0,217.5,59.0,0.5,228.0,0.0
2019-12-04,NR,Rajasthan,11832.0,0.0,220.4,65.6,0.3,336.0,0.0
2019-12-05,NR,Rajasthan,12203.0,0.0,222.7,67.5,-0.1,372.0,0.0
2019-12-06,NR,Rajasthan,12382.0,0.0,225.4,62.8,-0.3,438.0,0.0
2019-12-07,NR,Rajasthan,12110.0,0.0,223.2,62.7,0.8,584.0,0.0
2019-12-08,NR,Rajasthan,12149.0,0.0,219.8,64.4,-1.4,376.0,0.0
2019-12-09,NR,Rajasthan,12181.0,2.0,222.6,69.9,3.9,781.0,0.0
2019-12-10,NR,Rajasthan,12474.0,0.0,228.8,73.7,2.5,486.0,0.0
2019-12-11,NR,Rajasthan,12552.0,231.0,229.9,71.3,2.3,459.0,0.0
2019-12-12,NR,Rajasthan,11716.0,0.0,211.8,58.8,-4.7,186.0,0.0
2019-12-13,NR,Rajasthan,11034.0,0.0,202.2,62.3,-1.0,555.0,0.0
2019-12-14,NR,Rajasthan,11621.0,0.0,211.4,61.6,-1.2,292.0,0.0
2019-12-15,NR,Rajasthan,11276.0,0.0,212.7,56.7,-1.9,335.0,0.0
2019-12-16,NR,Rajasthan,11761.0,83.0,217.9,56.4,2.2,443.0,0.0
2019-12-17,NR,Rajasthan,12320.0,0.0,222.5,64.6,-0.8,394.0,0.0
2019-12-18,NR,Rajasthan,12191.0,0.0,223.2,61.8,2.1,593.0,0.0
2019-12-19,NR,Rajasthan,12522.0,0.0,227.8,62.0,3.5,605.0,0.0
2019-12-20,NR,Rajasthan,13082.0,0.0,234.8,66.8,0.8,314.0,0.0
2019-12-21,NR,Rajasthan,13112.0,0.0,233.4,57.6,-3.7,284.0,0.0
2019-12-22,NR,Rajasthan,12943.0,0.0,227.9,50.8,-3.2,293.0,0.0
2019-12-23,NR,Rajasthan,12948.0,0.0,232.5,58.4,-2.5,427.0,0.0
2019-12-24,NR,Rajasthan,12994.0,0.0,232.8,53.9,-0.2,373.0,0.0
2019-12-25,NR,Rajasthan,12997.0,0.0,235.6,61.1,-0.3,435.0,0.0
2019-12-26,NR,Rajasthan,12635.0,0.0,232.7,69.4,-2.5,138.0,0.0
2019-12-27,NR,Rajasthan,12949.0,0.0,235.0,68.2,1.3,543.0,0.0
2019-12-28,NR,Rajasthan,12646.0,0.0,234.6,65.0,-2.0,240.0,0.0
2019-12-29,NR,Rajasthan,12165.0,427.0,231.0,67.2,1.9,983.0,0.0
2019-12-30,NR,Rajasthan,12836.0,0.0,234.1,69.2,-4.5,287.0,0.0
2019-12-31,NR,Rajasthan,13128.0,386.0,240.2,67.1,0.4,510.0,0.0
2020-01-01,NR,Rajasthan,13711.0,0.0,239.8,62.1,-1.2,561.0,0.0
2020-01-02,NR,Rajasthan,13670.0,0.0,239.1,70.5,-5.0,134.0,0.0
2020-01-03,NR,Rajasthan,13864.0,0.0,240.4,74.0,-1.7,445.0,0.0
2020-01-04,NR,Rajasthan,13658.0,0.0,241.9,79.8,-1.6,288.0,0.0
2020-01-05,NR,Rajasthan,13146.0,0.0,237.2,81.1,-2.3,676.0,0.0
2020-01-06,NR,Rajasthan,13442.0,0.0,240.7,77.5,-0.9,457.0,0.0
2020-01-07,NR,Rajasthan,13672.0,0.0,242.6,77.1,-1.3,477.0,0.0
2020-01-08,NR,Rajasthan,12950.0,79.0,239.0,75.5,-0.8,430.0,0.0
2020-01-09,NR,Rajasthan,13495.0,0.0,231.5,70.1,-3.4,246.0,0.0
2020-01-10,NR,Rajasthan,13706.0,0.0,243.4,63.8,-3.3,320.0,0.0
2020-01-11,NR,Rajasthan,13560.0,0.0,237.6,68.3,-1.9,465.0,0.0
2020-01-12,NR,Rajasthan,13669.0,0.0,240.4,76.6,-0.3,585.0,0.0
2020-01-13,NR,Rajasthan,12415.0,0.0,226.5,79.4,0.4,517.0,0.0
2020-01-15,NR,Rajasthan,13389.0,0.0,233.3,72.3,-0.7,405.0,0.0
2020-01-16,NR,Rajasthan,12650.0,0.0,225.9,68.2,-3.6,310.0,0.0
2020-01-17,NR,Rajasthan,12857.0,0.0,228.1,74.2,0.1,410.0,0.0
2020-01-18,NR,Rajasthan,12764.0,0.0,230.2,74.9,-1.1,384.0,0.0
2020-01-19,NR,Rajasthan,13193.0,0.0,228.2,69.0,-0.8,427.0,0.0
2020-01-20,NR,Rajasthan,13279.0,0.0,234.2,76.8,0.2,313.0,0.0
2020-01-21,NR,Rajasthan,13716.0,0.0,240.4,70.3,2.5,523.0,0.0
2020-01-22,NR,Rajasthan,13387.0,0.0,238.7,52.9,-2.2,570.0,0.0
2020-01-23,NR,Rajasthan,13553.0,0.0,238.6,56.3,-1.1,558.0,0.0
2020-01-24,NR,Rajasthan,13744.0,0.0,237.6,65.2,1.5,596.0,0.0
2020-01-25,NR,Rajasthan,13886.0,0.0,245.5,73.3,-0.1,473.0,0.0
2020-01-26,NR,Rajasthan,13298.0,0.0,231.0,72.1,0.7,419.0,0.0
2020-01-27,NR,Rajasthan,13578.0,0.0,238.4,67.9,-2.7,300.0,0.0
2020-01-28,NR,Rajasthan,13781.0,0.0,240.6,63.1,-1.0,261.0,0.0
2020-01-29,NR,Rajasthan,13619.0,0.0,240.9,69.3,-0.9,258.0,0.0
2020-01-30,NR,Rajasthan,13733.0,0.0,240.9,60.7,-1.4,362.0,0.0
2020-01-31,NR,Rajasthan,13835.0,0.0,243.6,65.4,1.1,801.0,0.0
2020-02-01,NR,Rajasthan,13796.0,0.0,243.7,76.9,-0.3,452.0,0.0
2020-02-02,NR,Rajasthan,13526.0,0.0,242.5,71.8,1.1,643.0,0.0
2020-02-03,NR,Rajasthan,13830.0,0.0,245.1,79.4,1.3,512.0,0.0
2020-02-04,NR,Rajasthan,14088.0,0.0,249.0,97.2,3.0,472.0,0.0
2020-02-05,NR,Rajasthan,13913.0,484.0,250.3,84.7,4.1,604.0,0.0
2020-02-06,NR,Rajasthan,14209.0,0.0,251.7,85.4,0.5,324.0,0.0
2020-02-07,NR,Rajasthan,14198.0,0.0,249.7,76.3,-3.0,176.0,0.0
2020-02-08,NR,Rajasthan,14085.0,0.0,247.4,64.7,-0.6,303.0,0.0
2020-02-09,NR,Rajasthan,13831.0,0.0,243.3,72.7,-0.9,435.0,0.0
2020-02-10,NR,Rajasthan,13864.0,0.0,243.3,71.6,1.7,340.0,0.0
2020-02-11,NR,Rajasthan,14113.0,0.0,248.1,70.5,0.8,592.0,0.0
2020-02-12,NR,Rajasthan,14168.0,0.0,249.0,71.1,2.9,591.0,0.0
2020-02-13,NR,Rajasthan,13864.0,0.0,249.0,81.3,1.9,377.0,0.0
2020-02-16,NR,Rajasthan,13784.0,0.0,245.5,78.4,0.0,476.0,0.0
2020-02-17,NR,Rajasthan,13812.0,0.0,247.1,75.9,-0.6,181.0,0.0
2020-02-18,NR,Rajasthan,14001.0,0.0,250.9,76.3,0.4,382.0,0.0
2020-02-19,NR,Rajasthan,13629.0,0.0,250.6,76.5,-4.2,339.0,0.0
2020-02-20,NR,Rajasthan,13615.0,0.0,246.9,63.5,-3.6,278.0,0.0
2020-02-21,NR,Rajasthan,13730.0,0.0,248.9,63.2,-0.9,353.0,0.0
2020-02-22,NR,Rajasthan,13627.0,0.0,247.3,62.0,0.2,539.0,0.0
2020-02-23,NR,Rajasthan,13363.0,0.0,236.3,68.3,-2.1,386.0,0.0
2020-02-24,NR,Rajasthan,13765.0,0.0,242.6,73.5,2.1,482.0,0.0
2020-02-25,NR,Rajasthan,13916.0,0.0,244.8,80.4,-2.2,277.0,0.0
2020-02-26,NR,Rajasthan,13965.0,0.0,245.1,78.8,-1.8,263.0,0.0
2020-02-27,NR,Rajasthan,13915.0,0.0,245.7,75.6,-2.2,239.0,0.0
2020-02-28,NR,Rajasthan,13961.0,0.0,246.2,62.9,-2.7,260.0,0.0
2020-02-29,NR,Rajasthan,13486.0,0.0,236.0,62.7,-5.2,135.0,0.0
2020-03-01,NR,Rajasthan,12528.0,0.0,230.1,50.4,-0.9,559.0,0.0
2020-03-02,NR,Rajasthan,13285.0,0.0,236.5,68.1,0.8,546.0,0.0
2020-03-03,NR,Rajasthan,13448.0,0.0,244.7,71.3,-1.4,315.0,0.0
2020-03-04,NR,Rajasthan,13381.0,0.0,225.9,62.6,-2.6,259.0,0.0
2020-03-05,NR,Rajasthan,12307.0,0.0,215.6,42.7,-5.7,209.0,0.0
2020-03-06,NR,Rajasthan,8918.0,0.0,153.3,39.0,-7.4,572.0,0.0
2020-03-07,NR,Rajasthan,10542.0,0.0,193.9,53.2,-2.8,367.0,0.0
2020-03-08,NR,Rajasthan,11159.0,0.0,201.1,51.2,-2.3,239.0,0.0
2020-03-09,NR,Rajasthan,11511.0,0.0,198.2,47.8,-2.4,286.0,0.0
2020-03-10,NR,Rajasthan,10319.0,0.0,173.4,27.9,-4.9,353.0,0.0
2020-03-11,NR,Rajasthan,10241.0,0.0,170.6,35.7,-6.9,1004.0,0.0
2020-03-12,NR,Rajasthan,10958.0,0.0,193.0,50.7,-2.2,439.0,0.0
2020-03-13,NR,Rajasthan,11435.0,483.0,206.4,66.6,-1.3,451.0,0.0
2020-03-14,NR,Rajasthan,12099.0,0.0,209.3,63.2,-3.4,169.0,0.0
2020-03-15,NR,Rajasthan,11874.0,0.0,205.8,52.2,-1.2,732.0,0.0
2020-03-16,NR,Rajasthan,11777.0,0.0,205.6,58.9,-0.6,209.0,0.0
2020-03-17,NR,Rajasthan,12291.0,0.0,213.6,56.2,-1.3,481.0,0.0
2020-03-18,NR,Rajasthan,12205.0,0.0,215.2,50.3,-1.6,261.0,0.0
2020-03-19,NR,Rajasthan,12151.0,0.0,216.8,58.9,-2.1,251.0,0.0
2020-03-20,NR,Rajasthan,12017.0,0.0,210.3,52.8,-0.7,264.0,0.0
2020-03-21,NR,Rajasthan,10895.0,0.0,202.4,53.2,-1.0,456.0,0.0
2020-03-22,NR,Rajasthan,10077.0,0.0,178.7,41.0,-0.3,425.0,0.0
2020-03-23,NR,Rajasthan,9610.0,0.0,171.9,51.7,2.9,691.0,0.0
2020-03-24,NR,Rajasthan,9839.0,0.0,171.4,48.4,0.9,749.0,0.0
2020-03-25,NR,Rajasthan,9439.0,0.0,161.2,44.8,-1.0,329.0,0.0
2020-03-26,NR,Rajasthan,7330.0,0.0,127.9,37.4,-2.7,373.0,0.0
2020-03-27,NR,Rajasthan,5599.0,0.0,105.8,29.3,-8.1,525.0,0.0
2020-03-29,NR,Rajasthan,7394.0,0.0,131.8,47.8,-3.6,200.0,0.0
2020-03-31,NR,Rajasthan,8044.0,0.0,141.3,39.9,-2.0,556.0,0.0
2020-04-01,NR,Rajasthan,7996.0,0.0,145.1,50.3,-2.3,139.0,0.0
2020-04-02,NR,Rajasthan,8252.0,0.0,147.7,54.9,-1.6,200.0,0.0
2020-04-03,NR,Rajasthan,8212.0,0.0,149.0,49.4,-1.9,340.0,0.0
2020-04-04,NR,Rajasthan,8169.0,0.0,148.9,57.9,-1.3,358.0,0.0
2020-04-06,NR,Rajasthan,8164.0,0.0,149.5,57.9,-0.7,440.0,0.0
2020-04-07,NR,Rajasthan,7934.0,0.0,148.6,54.8,0.4,443.0,0.0
2020-04-08,NR,Rajasthan,7941.0,0.0,150.1,56.4,-0.3,641.0,0.0
2020-04-09,NR,Rajasthan,8106.0,0.0,150.6,59.0,-0.7,319.0,0.0
2020-04-10,NR,Rajasthan,8074.0,0.0,155.5,58.2,-0.6,544.0,0.0
2020-04-11,NR,Rajasthan,8272.0,0.0,158.3,60.7,-0.1,401.0,0.0
2020-04-13,NR,Rajasthan,8438.0,0.0,162.7,46.3,-1.2,496.0,0.0
2020-04-14,NR,Rajasthan,8600.0,0.0,168.6,49.3,-2.3,398.0,0.0
2020-04-15,NR,Rajasthan,8665.0,0.0,170.4,64.9,0.2,400.0,0.0
2020-04-16,NR,Rajasthan,8760.0,0.0,169.7,64.9,-3.1,242.0,0.0
2020-04-17,NR,Rajasthan,8509.0,0.0,169.2,48.1,-5.0,433.0,0.0
2020-04-18,NR,Rajasthan,8542.0,0.0,170.4,59.6,-1.4,0.0,0.0
2020-04-20,NR,Rajasthan,7054.0,0.0,154.1,50.5,-4.6,635.0,0.0
2020-04-21,NR,Rajasthan,8281.0,0.0,163.0,55.9,1.3,698.0,0.0
2020-04-22,NR,Rajasthan,8441.0,0.0,171.0,62.6,-1.1,349.0,0.0
2020-04-23,NR,Rajasthan,8130.0,0.0,167.2,62.1,-1.8,303.0,0.0
2020-04-24,NR,Rajasthan,8507.0,0.0,170.6,61.9,0.3,493.0,0.0
2020-04-25,NR,Rajasthan,8174.0,0.0,168.0,59.3,-1.5,510.0,0.0
2020-04-26,NR,Rajasthan,8269.0,0.0,164.0,59.5,-0.2,472.0,0.0
2020-04-28,NR,Rajasthan,8431.0,0.0,180.1,65.1,1.4,527.0,0.0
2020-04-29,NR,Rajasthan,9060.0,68.0,188.8,66.1,0.5,1000.0,0.0
2020-04-30,NR,Rajasthan,9138.0,0.0,190.9,62.5,-2.5,437.0,0.0
2020-05-01,NR,Rajasthan,9581.0,0.0,198.4,55.1,-0.5,467.0,0.0
2020-05-02,NR,Rajasthan,9878.0,0.0,206.6,66.6,-2.4,366.0,0.0
2020-05-03,NR,Rajasthan,10025.0,0.0,187.7,61.5,-3.7,556.0,0.0
2020-05-05,NR,Rajasthan,8698.0,0.0,185.3,83.4,8.0,804.0,0.0
2020-05-06,NR,Rajasthan,8631.0,0.0,178.8,69.4,-2.6,475.0,0.0
2020-05-07,NR,Rajasthan,9071.0,0.0,192.5,77.0,1.1,354.0,0.0
2020-05-08,NR,Rajasthan,9694.0,171.0,208.7,78.8,0.7,411.0,0.0
2020-05-09,NR,Rajasthan,10463.0,0.0,214.8,79.1,-0.9,274.0,0.0
2020-05-10,NR,Rajasthan,10471.0,0.0,205.2,71.1,-0.4,394.0,0.0
2020-05-11,NR,Rajasthan,9989.0,0.0,204.7,76.2,0.1,406.0,0.0
2020-05-12,NR,Rajasthan,9744.0,0.0,203.2,75.0,1.8,486.0,0.0
2020-05-14,NR,Rajasthan,10203.0,0.0,215.1,79.7,-0.4,592.0,0.0
2020-05-15,NR,Rajasthan,10403.0,0.0,219.7,78.7,-0.3,399.0,0.0
2020-05-16,NR,Rajasthan,10525.0,0.0,225.2,84.4,1.1,320.0,0.0
2020-05-17,NR,Rajasthan,10743.0,0.0,220.8,78.5,-0.1,582.0,0.0
2020-05-18,NR,Rajasthan,10637.0,0.0,225.6,81.8,1.3,418.0,0.0
2020-05-19,NR,Rajasthan,11078.0,0.0,231.8,79.3,0.2,419.0,0.0
2020-05-20,NR,Rajasthan,11017.0,0.0,230.0,79.7,2.6,445.0,0.0
2020-05-22,NR,Rajasthan,11079.0,0.0,237.2,75.1,-1.9,316.0,0.0
2020-05-23,NR,Rajasthan,11219.0,0.0,244.1,81.6,0.4,488.0,0.0
2020-05-24,NR,Rajasthan,11595.0,0.0,245.8,85.5,1.7,530.0,0.0
2020-05-25,NR,Rajasthan,11967.0,0.0,249.6,85.3,0.1,400.0,0.0
2020-05-26,NR,Rajasthan,11749.0,0.0,253.8,80.5,-0.8,520.0,0.0
2020-05-27,NR,Rajasthan,11961.0,0.0,260.7,78.6,-0.1,452.0,0.0
2020-05-28,NR,Rajasthan,11745.0,0.0,249.4,66.1,0.1,530.0,0.0
2020-05-30,NR,Rajasthan,10488.0,0.0,197.7,57.8,-5.8,319.0,0.0
2020-05-31,NR,Rajasthan,8977.0,0.0,186.9,54.9,-3.1,386.0,0.0
2020-06-01,NR,Rajasthan,9815.0,0.0,197.4,61.5,-2.9,790.0,0.0
2020-06-02,NR,Rajasthan,9767.0,0.0,201.2,61.7,-0.9,753.0,0.0
2020-06-03,NR,Rajasthan,9839.0,0.0,203.8,68.6,-0.4,769.0,0.0
2020-06-04,NR,Rajasthan,9482.0,0.0,201.2,75.5,-0.7,481.0,0.0
2020-06-05,NR,Rajasthan,9121.0,0.0,198.0,64.7,-3.7,784.0,0.0
2020-06-07,NR,Rajasthan,9717.0,0.0,205.9,74.5,-0.3,523.0,0.0
2020-06-08,NR,Rajasthan,10396.0,0.0,221.7,81.2,1.7,496.0,0.0
2020-06-09,NR,Rajasthan,11006.0,0.0,237.0,79.7,3.0,604.0,0.0
2020-06-10,NR,Rajasthan,11540.0,0.0,244.7,80.3,0.1,394.0,0.0
2020-06-11,NR,Rajasthan,11005.0,0.0,243.2,81.6,2.6,702.0,0.0
2020-06-12,NR,Rajasthan,11539.0,69.0,243.7,93.3,1.5,1214.0,0.0
2020-06-13,NR,Rajasthan,10980.0,0.0,241.3,86.0,-0.1,622.0,0.0
2020-06-15,NR,Rajasthan,11632.0,0.0,251.1,91.2,1.7,594.0,0.0
2020-06-16,NR,Rajasthan,11820.0,0.0,262.8,88.7,1.7,1070.0,0.0
2020-06-17,NR,Rajasthan,12496.0,0.0,270.4,83.2,-1.3,515.0,0.0
2020-06-18,NR,Rajasthan,12479.0,0.0,278.2,79.9,0.0,492.0,0.0
2020-06-19,NR,Rajasthan,12572.0,0.0,280.3,77.9,-1.2,294.0,0.0
2020-06-20,NR,Rajasthan,12303.0,0.0,264.6,80.9,0.6,610.0,0.0
2020-06-21,NR,Rajasthan,11219.0,0.0,248.1,85.8,-0.7,613.0,0.0
2020-06-22,NR,Rajasthan,11746.0,0.0,253.9,87.8,2.5,464.0,0.0
2020-06-24,NR,Rajasthan,10912.0,0.0,241.5,91.3,1.1,948.0,0.0
2020-06-25,NR,Rajasthan,10270.0,0.0,229.5,80.4,-3.6,290.0,0.0
2020-06-26,NR,Rajasthan,10434.0,0.0,233.6,72.9,-4.7,478.0,0.0
2020-06-27,NR,Rajasthan,11104.0,0.0,242.7,76.4,-2.0,394.0,0.0
2020-06-28,NR,Rajasthan,11520.0,0.0,256.6,74.0,0.9,493.0,0.0
2020-06-29,NR,Rajasthan,12699.0,0.0,273.6,89.6,4.7,543.0,0.0
2020-07-01,NR,Rajasthan,12095.0,0.0,256.7,108.8,3.1,575.0,0.0
2020-07-02,NR,Rajasthan,12423.0,0.0,272.0,96.8,2.2,561.0,0.0
2020-07-03,NR,Rajasthan,13034.0,0.0,273.0,97.4,2.7,421.0,0.0
2020-07-04,NR,Rajasthan,12608.0,0.0,267.1,97.0,-2.0,465.0,0.0
2020-07-06,NR,Rajasthan,11236.0,0.0,234.2,96.1,-1.9,419.0,0.0
2020-07-07,NR,Rajasthan,11175.0,0.0,240.5,91.5,1.7,678.0,0.0
2020-07-09,NR,Rajasthan,10930.0,0.0,239.6,90.2,-2.9,175.0,0.0
2020-07-10,NR,Rajasthan,11553.0,0.0,254.2,79.7,-0.8,367.0,0.0
2020-07-11,NR,Rajasthan,11921.0,0.0,263.4,82.5,-1.5,327.0,0.0
2020-07-12,NR,Rajasthan,11719.0,0.0,252.0,78.5,-2.0,664.0,0.0
2020-07-13,NR,Rajasthan,11377.0,0.0,242.2,94.3,-1.2,457.0,0.0
2020-07-17,NR,Rajasthan,12156.0,0.0,265.6,117.1,3.2,410.0,0.0
2020-07-18,NR,Rajasthan,12408.0,0.0,268.5,130.4,1.9,493.0,0.0
2020-07-19,NR,Rajasthan,11711.0,0.0,260.4,100.5,-2.3,417.0,0.0
2020-07-20,NR,Rajasthan,11539.0,0.0,248.6,75.8,-1.6,282.0,0.0
2020-07-22,NR,Rajasthan,10563.0,0.0,228.7,85.0,-0.6,552.0,0.0
2020-07-23,NR,Rajasthan,11384.0,0.0,244.1,80.3,-3.3,311.0,0.0
2020-07-25,NR,Rajasthan,10512.0,0.0,224.4,83.0,-0.2,394.0,0.0
2020-07-26,NR,Rajasthan,10565.0,0.0,230.2,86.3,0.9,407.0,0.0
2020-07-27,NR,Rajasthan,11697.0,0.0,250.7,85.8,1.2,510.0,0.0
2020-07-28,NR,Rajasthan,12255.0,0.0,266.5,80.8,-1.4,282.0,0.0
2020-07-29,NR,Rajasthan,12648.0,0.0,273.8,88.8,2.8,545.0,0.0
2020-07-31,NR,Rajasthan,11486.0,0.0,244.7,94.8,-1.8,293.0,0.0
2020-08-02,NR,Rajasthan,10986.0,0.0,242.0,85.4,0.3,393.0,0.0
2020-08-03,NR,Rajasthan,10481.0,0.0,230.0,67.9,-6.0,311.0,0.0
2020-08-04,NR,Rajasthan,11726.0,0.0,252.2,88.5,4.2,519.0,0.0
2020-08-05,NR,Rajasthan,12137.0,0.0,250.1,102.6,0.9,425.0,0.0
2020-08-07,NR,Rajasthan,10208.0,0.0,226.3,91.7,0.0,358.0,0.0
2020-08-08,NR,Rajasthan,9856.0,0.0,223.0,88.6,-2.2,280.0,0.0
2020-08-09,NR,Rajasthan,9926.0,0.0,221.6,80.9,-3.4,375.0,0.0
2020-08-11,NR,Rajasthan,10050.0,0.0,206.5,78.6,-2.4,275.0,0.0
2020-08-12,NR,Rajasthan,10164.0,0.0,225.4,68.6,-3.1,276.0,0.0
2020-08-13,NR,Rajasthan,10290.0,0.0,231.9,78.2,-2.8,475.0,0.0
2020-08-16,NR,Rajasthan,9662.0,0.0,216.0,80.3,0.0,423.0,0.0
2020-08-18,NR,Rajasthan,10500.0,0.0,234.4,83.2,-3.4,281.0,0.0
2020-08-19,NR,Rajasthan,9975.0,0.0,216.7,67.2,-6.2,482.0,0.0
2020-08-20,NR,Rajasthan,9444.0,0.0,208.1,75.8,0.7,455.0,0.0
2020-08-21,NR,Rajasthan,9756.0,0.0,208.6,87.8,-1.6,277.0,0.0
2020-08-22,NR,Rajasthan,9474.0,0.0,215.5,77.6,-3.1,525.0,0.0
2020-08-23,NR,Rajasthan,9115.0,0.0,207.3,74.4,-2.0,269.0,0.0
2020-08-24,NR,Rajasthan,9193.0,0.0,205.1,81.0,-3.9,350.0,0.0
2020-08-25,NR,Rajasthan,8911.0,0.0,194.8,82.2,-2.4,419.0,0.0
2020-08-26,NR,Rajasthan,9515.0,0.0,207.3,72.4,-1.2,442.0,0.0
2020-08-27,NR,Rajasthan,9925.0,0.0,219.0,93.3,3.8,597.0,0.0
2020-08-28,NR,Rajasthan,10142.0,0.0,225.7,104.0,0.3,267.0,0.0
2020-08-29,NR,Rajasthan,9572.0,0.0,218.3,107.5,1.3,549.0,0.0
2020-08-30,NR,Rajasthan,8909.0,0.0,195.3,83.9,-6.7,338.0,0.0
2020-08-31,NR,Rajasthan,7899.0,0.0,174.7,71.6,-8.5,415.0,0.0
2020-09-01,NR,Rajasthan,8295.0,0.0,180.8,63.6,-3.2,283.0,0.0
2020-09-02,NR,Rajasthan,8875.0,0.0,190.8,76.3,-0.5,234.0,0.6
2020-09-04,NR,Rajasthan,8539.0,0.0,185.8,74.1,-2.4,566.0,0.0
2020-09-05,NR,Rajasthan,8406.0,0.0,185.8,75.3,-2.4,598.0,0.0
2020-09-06,NR,Rajasthan,8334.0,0.0,173.1,73.2,-4.0,204.0,0.0
2020-09-07,NR,Rajasthan,8938.0,0.0,193.0,69.7,-3.0,200.0,0.0
2020-09-09,NR,Rajasthan,9773.0,0.0,217.3,83.0,-0.6,399.0,0.0
2020-09-10,NR,Rajasthan,10375.0,0.0,226.8,83.9,0.5,396.0,0.0
2020-09-11,NR,Rajasthan,10902.0,0.0,227.3,87.2,-0.7,396.0,0.0
2020-09-12,NR,Rajasthan,11170.0,0.0,245.1,90.5,0.4,280.0,0.0
2020-09-14,NR,Rajasthan,11903.0,0.0,260.0,91.7,1.7,562.0,0.0
2020-09-15,NR,Rajasthan,12100.0,0.0,264.3,89.6,2.4,523.0,0.0
2020-09-16,NR,Rajasthan,12434.0,0.0,270.5,93.6,0.0,358.0,0.0
2020-09-17,NR,Rajasthan,11693.0,0.0,263.7,85.0,-2.1,366.0,0.0
2020-09-18,NR,Rajasthan,12581.0,0.0,277.1,84.8,0.5,252.0,0.0
2020-09-19,NR,Rajasthan,12555.0,0.0,271.0,86.0,0.3,262.0,0.0
2020-09-20,NR,Rajasthan,11746.0,0.0,259.2,85.0,-1.3,321.0,0.0
2020-09-22,NR,Rajasthan,12161.0,0.0,267.3,84.0,0.1,409.0,0.0
2020-09-23,NR,Rajasthan,12197.0,0.0,267.7,86.6,2.7,419.0,0.0
2020-09-24,NR,Rajasthan,12151.0,0.0,266.3,82.5,-3.0,334.0,0.0
2020-09-25,NR,Rajasthan,12118.0,0.0,267.3,77.7,-1.8,502.0,0.0
2020-09-26,NR,Rajasthan,11662.0,0.0,254.7,73.4,-3.4,342.0,0.0
2020-09-27,NR,Rajasthan,10792.0,0.0,237.5,72.8,-0.3,442.0,0.0
2020-09-28,NR,Rajasthan,11134.0,0.0,245.2,74.5,-2.8,315.0,0.0
2020-09-29,NR,Rajasthan,11256.0,0.0,247.7,78.8,-1.5,327.0,0.0
2020-09-30,NR,Rajasthan,11120.0,0.0,245.7,78.0,0.4,415.0,0.0
2020-10-01,NR,Rajasthan,11245.0,0.0,247.9,78.5,0.8,554.0,0.0
2020-10-02,NR,Rajasthan,11060.0,0.0,243.6,79.0,-1.5,325.0,0.0
2020-10-03,NR,Rajasthan,11458.0,0.0,245.5,77.0,-2.3,450.0,0.0
2020-10-04,NR,Rajasthan,11054.0,0.0,239.1,73.3,-0.9,267.0,0.0
2020-10-05,NR,Rajasthan,11330.0,0.0,240.2,73.2,-1.7,288.0,0.0
2020-10-06,NR,Rajasthan,11447.0,0.0,245.4,77.3,0.1,323.0,0.0
2020-10-07,NR,Rajasthan,11458.0,0.0,246.6,72.4,0.3,297.0,0.0
2020-10-08,NR,Rajasthan,11516.0,0.0,244.8,74.9,1.2,420.0,0.0
2020-10-09,NR,Rajasthan,11719.0,0.0,249.1,76.5,0.7,364.0,0.0
2020-10-10,NR,Rajasthan,11423.0,0.0,243.1,76.3,-0.5,307.0,0.0
2020-10-11,NR,Rajasthan,11166.0,0.0,229.6,76.3,1.3,695.0,0.0
2020-10-12,NR,Rajasthan,11498.0,0.0,241.8,82.9,-0.7,386.0,0.0
2020-10-13,NR,Rajasthan,11526.0,0.0,242.7,85.8,1.4,619.0,0.0
2020-10-14,NR,Rajasthan,11509.0,0.0,242.7,91.0,2.6,523.0,0.0
2020-10-15,NR,Rajasthan,11805.0,0.0,249.3,88.1,1.6,505.0,0.0
2020-10-16,NR,Rajasthan,11474.0,0.0,242.7,79.1,1.4,360.0,0.0
2020-10-18,NR,Rajasthan,11347.0,0.0,238.6,81.8,2.8,825.0,0.0
2020-10-19,NR,Rajasthan,11461.0,0.0,244.1,91.0,3.3,500.0,0.0
2020-10-20,NR,Rajasthan,11617.0,0.0,242.3,90.8,1.6,332.0,0.0
2020-10-21,NR,Rajasthan,11679.0,0.0,240.6,89.2,0.8,391.0,0.0
2020-10-22,NR,Rajasthan,11617.0,0.0,242.2,85.7,1.6,394.0,0.0
2020-10-24,NR,Rajasthan,12007.0,0.0,239.5,91.2,1.4,436.0,0.0
2020-10-25,NR,Rajasthan,11647.0,0.0,233.1,87.2,-0.1,684.0,0.0
2020-10-26,NR,Rajasthan,12018.0,0.0,238.1,89.2,1.0,445.0,0.0
2020-10-29,NR,Rajasthan,12465.0,0.0,242.3,90.8,-0.3,364.0,0.0
2020-10-30,NR,Rajasthan,12645.0,0.0,241.5,89.6,-1.6,338.0,0.0
2020-10-31,NR,Rajasthan,12571.0,0.0,242.6,87.5,0.0,239.0,0.0
2020-11-01,NR,Rajasthan,12301.0,0.0,236.2,87.5,0.8,343.0,0.0
2020-11-02,NR,Rajasthan,12630.0,0.0,241.3,82.5,2.2,402.0,0.0
2020-11-03,NR,Rajasthan,12793.0,0.0,246.6,86.0,2.2,520.0,0.0
2020-11-04,NR,Rajasthan,12821.0,0.0,244.8,94.8,1.6,453.0,0.0
2020-11-05,NR,Rajasthan,12666.0,0.0,245.2,99.8,2.5,318.0,0.0
2020-11-06,NR,Rajasthan,12696.0,0.0,248.4,93.8,1.9,467.0,0.0
2020-11-07,NR,Rajasthan,12639.0,0.0,248.5,92.9,1.9,429.0,0.0
2020-11-08,NR,Rajasthan,12609.0,0.0,247.8,89.8,1.0,360.0,0.0
2020-11-09,NR,Rajasthan,12885.0,0.0,251.9,92.2,2.1,559.0,0.0
2020-11-10,NR,Rajasthan,12622.0,0.0,250.8,91.2,0.6,286.0,0.0
2020-11-11,NR,Rajasthan,12636.0,0.0,248.4,81.5,0.0,599.0,0.0
2020-11-12,NR,Rajasthan,12985.0,0.0,248.2,80.8,-2.2,326.0,0.0
2020-11-14,NR,Rajasthan,12299.0,0.0,224.2,67.8,-2.0,235.0,0.0
2020-11-16,NR,Rajasthan,10804.0,0.0,208.0,70.0,-4.4,488.0,0.0
2020-11-17,NR,Rajasthan,11680.0,0.0,224.9,79.0,-2.0,374.0,0.0
2020-11-18,NR,Rajasthan,12008.0,0.0,228.2,81.1,1.1,400.0,0.0
2020-11-19,NR,Rajasthan,12406.0,0.0,230.4,85.6,1.6,416.0,0.0
2020-11-20,NR,Rajasthan,12293.0,0.0,231.8,82.7,0.7,327.0,0.0
2020-11-21,NR,Rajasthan,12445.0,0.0,233.6,83.0,0.3,398.0,0.0
2020-11-22,NR,Rajasthan,12219.0,0.0,230.0,75.4,1.1,513.0,0.0
2020-11-23,NR,Rajasthan,12471.0,0.0,233.8,75.9,1.2,446.0,0.0
2020-11-24,NR,Rajasthan,12819.0,0.0,236.2,66.9,-0.6,365.0,0.0
2020-11-25,NR,Rajasthan,12718.0,282.0,236.1,65.6,1.6,435.0,0.83
2020-11-26,NR,Rajasthan,11641.0,0.0,224.5,46.3,-4.8,363.0,0.0
2020-11-27,NR,Rajasthan,12757.0,0.0,231.9,59.0,-3.5,365.0,0.0
2020-11-28,NR,Rajasthan,12450.0,0.0,233.3,67.8,-0.7,307.0,0.0
2020-11-30,NR,Rajasthan,12800.0,0.0,235.9,79.8,2.0,613.0,0.0
2020-12-01,NR,Rajasthan,12886.0,0.0,240.0,83.7,1.5,373.0,0.0
2020-12-02,NR,Rajasthan,13054.0,0.0,242.6,78.6,-0.4,351.0,0.0
2020-12-04,NR,Rajasthan,13404.0,0.0,251.6,80.6,0.8,306.0,0.4
2020-12-05,NR,Rajasthan,13188.0,0.0,250.1,79.9,-0.4,318.0,0.0
2020-12-06,NR,Rajasthan,12895.0,0.0,245.3,67.9,-0.8,357.0,0.0
2020-12-07,NR,Rajasthan,13181.0,0.0,248.2,71.7,1.1,411.0,0.0
2020-12-08,NR,Rajasthan,13200.0,0.0,252.3,81.6,1.5,260.0,0.0
2020-12-09,NR,Rajasthan,13214.0,0.0,253.4,85.7,0.1,356.0,0.0
2020-12-10,NR,Rajasthan,13410.0,0.0,252.2,71.9,-1.2,583.0,0.0
2020-12-11,NR,Rajasthan,12877.0,0.0,241.8,70.8,-1.0,289.0,0.0
2020-12-12,NR,Rajasthan,12651.0,0.0,242.5,81.4,0.3,469.0,0.0
2020-12-13,NR,Rajasthan,12495.0,0.0,239.3,78.2,-1.2,449.0,0.0
2020-12-17,NR,Rajasthan,12830.0,0.0,246.8,82.3,-0.6,317.0,0.0
2020-12-18,NR,Rajasthan,13440.0,0.0,251.5,85.7,1.6,491.0,0.0
2020-12-19,NR,Rajasthan,13528.0,0.0,250.9,81.1,1.6,389.0,0.0
2020-12-20,NR,Rajasthan,13396.0,0.0,252.0,88.3,1.0,349.0,0.0
2020-12-21,NR,Rajasthan,13760.0,0.0,255.9,91.0,2.4,444.0,0.0
2020-12-22,NR,Rajasthan,13725.0,130.0,256.5,95.3,2.4,627.0,2.27
2020-12-23,NR,Rajasthan,14149.0,0.0,262.4,96.5,0.6,494.0,0.0
2020-12-24,NR,Rajasthan,14112.0,0.0,261.8,84.7,-0.1,448.0,0.0
2020-12-25,NR,Rajasthan,14118.0,0.0,266.6,88.6,0.9,361.0,0.0
2020-12-26,NR,Rajasthan,13839.0,0.0,263.4,98.5,1.5,422.0,0.0
2020-12-27,NR,Rajasthan,13806.0,0.0,255.7,85.1,-0.9,516.0,0.0
2020-12-28,NR,Rajasthan,13744.0,0.0,258.8,93.3,0.0,413.0,0.0
2020-12-29,NR,Rajasthan,13813.0,0.0,264.2,98.1,1.6,515.0,0.0
2020-12-30,NR,Rajasthan,13803.0,0.0,265.9,99.6,0.1,434.0,0.0
2020-12-31,NR,Rajasthan,13784.0,0.0,263.9,94.2,0.9,336.0,0.0
2021-01-01,NR,Rajasthan,14088.0,0.0,264.4,97.9,0.9,342.0,0.0
2021-01-02,NR,Rajasthan,13720.0,0.0,258.3,90.8,1.4,376.0,0.0
2021-01-04,NR,Rajasthan,12843.0,0.0,227.2,65.6,-0.6,580.0,0.0
2021-01-05,NR,Rajasthan,11188.0,0.0,215.3,65.4,-0.8,333.0,0.0
2021-01-06,NR,Rajasthan,11454.0,0.0,223.1,73.4,-0.6,589.0,0.0
2021-01-07,NR,Rajasthan,12124.0,0.0,230.6,79.4,1.4,544.0,0.0
2021-01-08,NR,Rajasthan,12497.0,0.0,235.0,78.3,-1.2,295.0,0.0
2021-01-09,NR,Rajasthan,12404.0,0.0,231.5,75.4,0.0,459.0,0.0
2021-01-10,NR,Rajasthan,12480.0,0.0,230.2,77.4,-0.6,358.0,0.0
2021-01-11,NR,Rajasthan,13063.0,0.0,241.7,86.1,1.0,293.0,0.0
2021-01-12,NR,Rajasthan,13495.0,0.0,247.8,92.6,1.3,473.0,0.0
2021-01-13,NR,Rajasthan,13441.0,0.0,246.6,91.0,0.3,175.0,0.0
2021-01-14,NR,Rajasthan,13491.0,0.0,244.1,82.0,-1.6,323.0,0.0
2021-01-15,NR,Rajasthan,13655.0,0.0,251.2,75.4,-0.8,336.0,0.0
2021-01-16,NR,Rajasthan,13825.0,0.0,256.4,80.2,2.0,542.0,0.0
2021-01-17,NR,Rajasthan,13692.0,0.0,254.0,85.2,1.4,360.0,0.0
2021-01-18,NR,Rajasthan,13415.0,724.0,249.4,76.4,2.9,816.0,9.76
2021-01-19,NR,Rajasthan,13837.0,0.0,257.3,96.3,1.9,463.0,0.0
2021-01-20,NR,Rajasthan,14193.0,0.0,266.1,91.2,2.6,517.0,0.0
2021-01-21,NR,Rajasthan,13865.0,0.0,263.8,85.4,-1.0,281.0,0.0
2021-01-22,NR,Rajasthan,14054.0,0.0,265.6,71.7,0.7,598.0,0.0
2021-01-23,NR,Rajasthan,14020.0,0.0,266.2,82.0,1.1,504.0,0.0
2021-01-24,NR,Rajasthan,14039.0,0.0,262.7,89.0,-0.3,471.0,0.0
2021-01-25,NR,Rajasthan,13996.0,0.0,263.0,89.3,2.0,491.0,0.0
2021-01-26,NR,Rajasthan,14156.0,0.0,261.9,89.1,1.2,430.0,0.0
2021-01-27,NR,Rajasthan,13995.0,0.0,264.2,85.7,2.8,488.0,0.0
2021-01-28,NR,Rajasthan,13987.0,0.0,267.1,91.4,1.5,583.0,0.0
2021-01-29,NR,Rajasthan,14125.0,0.0,269.2,94.4,2.1,446.0,0.0
2021-01-30,NR,Rajasthan,14012.0,0.0,268.4,94.1,2.8,468.0,0.48
2021-01-31,NR,Rajasthan,13935.0,0.0,262.7,89.1,1.3,500.0,0.0
2021-02-01,NR,Rajasthan,14122.0,0.0,266.1,88.2,2.9,514.0,0.0
2021-02-02,NR,Rajasthan,14012.0,0.0,268.1,91.8,2.0,404.0,0.0
2021-02-03,NR,Rajasthan,14059.0,195.0,269.7,93.5,3.6,689.0,0.97
2021-02-04,NR,Rajasthan,14150.0,0.0,267.9,88.1,2.3,728.0,0.8
2021-02-05,NR,Rajasthan,14033.0,0.0,267.9,96.8,4.3,590.0,0.0
2021-02-06,NR,Rajasthan,14223.0,0.0,266.5,102.4,2.1,482.0,0.58
2021-02-07,NR,Rajasthan,13960.0,0.0,264.5,104.0,0.9,354.0,0.0
2021-02-08,NR,Rajasthan,13988.0,0.0,266.3,103.7,0.5,273.0,0.0
2021-02-09,NR,Rajasthan,14195.0,0.0,269.0,93.4,-0.9,334.0,0.0
2021-02-10,NR,Rajasthan,14319.0,0.0,271.5,93.6,1.6,249.0,0.0
2021-02-11,NR,Rajasthan,14062.0,0.0,262.7,94.6,-2.2,161.0,0.0
2021-02-12,NR,Rajasthan,14004.0,0.0,268.8,89.7,-0.6,306.0,0.0
2021-02-13,NR,Rajasthan,13718.0,0.0,268.2,92.5,0.5,426.0,0.0
2021-02-14,NR,Rajasthan,13390.0,0.0,262.5,99.0,1.8,277.0,0.0
2021-02-15,NR,Rajasthan,13854.0,0.0,264.9,93.9,2.1,425.0,0.0
2021-02-16,NR,Rajasthan,13980.0,0.0,263.5,95.9,0.2,415.0,0.0
2021-02-17,NR,Rajasthan,14138.0,0.0,264.0,89.1,1.4,408.0,0.0
2021-02-19,NR,Rajasthan,13965.0,0.0,262.3,88.2,1.4,286.0,0.0
2021-02-20,NR,Rajasthan,13767.0,0.0,261.1,90.0,1.6,356.0,0.0
2021-02-21,NR,Rajasthan,13577.0,0.0,257.1,90.6,1.3,563.0,0.0
2021-02-22,NR,Rajasthan,13781.0,0.0,258.9,89.6,-0.1,397.0,0.0
2021-02-23,NR,Rajasthan,13673.0,0.0,260.6,79.2,0.7,378.0,0.0
2021-02-24,NR,Rajasthan,14024.0,0.0,261.4,81.0,1.9,303.0,1.51
2021-02-25,NR,Rajasthan,12845.0,0.0,259.1,78.9,1.2,422.0,0.0
2021-02-26,NR,Rajasthan,13611.0,329.0,262.6,72.3,0.5,558.0,1.54
2021-02-28,NR,Rajasthan,13029.0,0.0,255.8,81.7,0.8,462.0,0.0
2021-03-01,NR,Rajasthan,13845.0,0.0,264.4,75.0,2.6,920.0,0.0
2021-03-02,NR,Rajasthan,13753.0,0.0,264.6,72.8,0.8,426.0,0.0
2021-03-03,NR,Rajasthan,13901.0,0.0,264.8,89.2,3.4,389.0,0.31
2021-03-04,NR,Rajasthan,13547.0,0.0,263.6,82.7,1.4,352.0,0.0
2021-03-05,NR,Rajasthan,13671.0,0.0,263.4,94.1,1.9,371.0,0.65
2021-03-06,NR,Rajasthan,13406.0,0.0,262.0,73.6,-0.4,432.0,0.54
2021-03-07,NR,Rajasthan,13159.0,0.0,256.6,71.7,2.7,487.0,0.15
2021-03-08,NR,Rajasthan,13278.0,185.0,257.7,95.5,1.9,402.0,1.65
2021-03-09,NR,Rajasthan,13018.0,0.0,259.1,96.4,1.7,401.0,0.61
2021-03-10,NR,Rajasthan,12894.0,0.0,256.2,89.5,3.3,459.0,1.66
2021-03-11,NR,Rajasthan,13410.0,0.0,255.5,76.5,-0.5,358.0,0.29
2021-03-12,NR,Rajasthan,12463.0,0.0,242.0,68.9,-2.7,264.0,0.0
2021-03-13,NR,Rajasthan,12143.0,0.0,238.1,67.9,-0.4,426.0,0.24
2021-03-14,NR,Rajasthan,12236.0,0.0,239.2,76.1,2.9,505.0,0.24
2021-03-15,NR,Rajasthan,12495.0,0.0,243.1,77.8,1.8,537.0,0.0
2021-03-16,NR,Rajasthan,12366.0,0.0,245.6,78.0,2.7,428.0,1.97
2021-03-17,NR,Rajasthan,12578.0,139.0,245.1,76.1,1.2,251.0,3.57
2021-03-18,NR,Rajasthan,11461.0,1105.0,236.8,72.6,2.0,403.0,8.73
2021-03-19,NR,Rajasthan,11687.0,0.0,232.7,59.4,-3.5,205.0,0.0
2021-03-20,NR,Rajasthan,11745.0,0.0,236.2,66.6,-0.4,255.0,0.0
2021-03-21,NR,Rajasthan,11560.0,0.0,227.2,52.3,-0.9,537.0,0.3
2021-03-22,NR,Rajasthan,10883.0,0.0,216.2,45.7,-2.0,753.0,0.0
2021-03-23,NR,Rajasthan,9832.0,0.0,196.3,37.4,-2.2,872.0,0.0
2021-03-24,NR,Rajasthan,9944.0,0.0,203.9,32.7,1.1,710.0,0.0
2021-03-25,NR,Rajasthan,10624.0,0.0,212.0,35.6,-1.4,327.0,0.0
2021-03-26,NR,Rajasthan,10563.0,0.0,210.1,32.9,-2.4,168.0,0.0
2021-03-27,NR,Rajasthan,10364.0,0.0,208.1,24.7,-1.4,325.0,0.0
2021-03-28,NR,Rajasthan,10225.0,0.0,199.7,1.7,0.4,722.0,0.0
2021-03-29,NR,Rajasthan,8824.0,0.0,178.2,-2.5,-0.7,580.0,0.0
2021-03-30,NR,Rajasthan,9414.0,0.0,175.9,-5.7,-2.6,581.0,0.0
2021-03-31,NR,Rajasthan,9973.0,0.0,203.4,7.3,0.9,662.0,0.0
2021-04-01,NR,Rajasthan,10029.0,0.0,204.8,40.6,-2.2,215.0,0.0
2021-04-02,NR,Rajasthan,10032.0,0.0,205.2,38.5,-3.3,137.0,0.0
2021-04-03,NR,Rajasthan,9994.0,0.0,203.5,27.6,-1.7,188.0,0.0
2021-04-04,NR,Rajasthan,9913.0,0.0,200.7,25.8,-0.7,397.0,0.0
2021-04-05,NR,Rajasthan,10022.0,0.0,208.6,9.5,-0.3,479.0,0.0
2021-04-06,NR,Rajasthan,10409.0,0.0,211.3,16.2,-0.5,835.0,0.29
2021-04-07,NR,Rajasthan,10395.0,0.0,214.8,45.6,0.6,482.0,0.17
2021-04-08,NR,Rajasthan,10324.0,0.0,214.9,43.3,-0.8,245.0,0.0
2021-04-09,NR,Rajasthan,10346.0,0.0,214.5,55.4,-0.5,335.0,0.13
2021-04-10,NR,Rajasthan,10405.0,0.0,214.2,47.5,-1.0,303.0,0.0
2021-04-11,NR,Rajasthan,9921.0,0.0,208.6,45.8,-1.1,324.0,0.0
2021-04-12,NR,Rajasthan,10075.0,0.0,212.6,50.8,-0.4,165.0,0.0
2021-04-13,NR,Rajasthan,10554.0,0.0,222.8,50.5,1.6,354.0,0.25
2021-04-14,NR,Rajasthan,10807.0,0.0,223.0,37.3,-1.3,452.0,0.29
2021-04-15,NR,Rajasthan,10585.0,0.0,223.4,45.9,0.7,429.0,0.0
2021-04-16,NR,Rajasthan,10892.0,0.0,209.2,55.6,-1.3,546.0,0.0
2021-04-17,NR,Rajasthan,9910.0,0.0,209.2,67.8,-1.0,282.0,0.0
2021-04-18,NR,Rajasthan,10403.0,0.0,213.5,64.6,2.7,351.0,0.0
2021-04-19,NR,Rajasthan,10611.0,0.0,216.4,66.1,0.9,428.0,0.6
2021-04-20,NR,Rajasthan,10917.0,0.0,208.8,58.0,-2.5,574.0,1.26
2021-04-21,NR,Rajasthan,9951.0,0.0,205.6,60.6,-0.3,360.0,0.0
2021-04-22,NR,Rajasthan,10151.0,0.0,210.5,55.0,-2.2,518.0,0.0
2021-04-23,NR,Rajasthan,10853.0,0.0,214.8,48.2,0.3,441.0,0.35
2021-04-24,NR,Rajasthan,11088.0,0.0,214.3,51.2,-1.9,421.0,0.18
2021-04-25,NR,Rajasthan,10497.0,0.0,209.3,44.6,-0.2,410.0,0.0
2021-04-26,NR,Rajasthan,10755.0,0.0,216.3,52.6,-0.5,432.0,0.0
2021-04-27,NR,Rajasthan,10938.0,0.0,221.6,60.4,0.0,198.0,0.0
2021-04-28,NR,Rajasthan,11263.0,0.0,227.4,59.4,0.9,548.0,0.79
2021-04-29,NR,Rajasthan,11527.0,0.0,228.3,63.1,-1.1,445.0,0.21
2021-04-30,NR,Rajasthan,11148.0,0.0,223.6,61.3,-0.8,339.0,0.0
2021-05-01,NR,Rajasthan,10648.0,0.0,217.5,57.2,-1.9,436.0,0.0
2021-05-02,NR,Rajasthan,10595.0,0.0,213.2,52.8,-1.2,404.0,0.0
2021-05-03,NR,Rajasthan,10837.0,0.0,221.2,49.0,0.3,370.0,0.0
2021-05-04,NR,Rajasthan,11075.0,0.0,226.1,55.6,-0.8,355.0,0.34
2021-05-05,NR,Rajasthan,11173.0,0.0,227.7,70.8,3.3,707.0,0.0
2021-05-06,NR,Rajasthan,11130.0,0.0,220.9,67.7,-3.4,657.0,0.0
2021-05-07,NR,Rajasthan,10523.0,0.0,220.4,69.8,0.7,439.0,0.0
2021-05-08,NR,Rajasthan,11150.0,0.0,228.2,74.3,1.0,456.0,0.0
2021-05-09,NR,Rajasthan,11114.0,0.0,222.4,70.1,0.3,555.0,0.0
2021-05-10,NR,Rajasthan,11024.0,66.0,223.2,73.3,1.0,731.0,0.0
2021-05-11,NR,Rajasthan,10804.0,140.0,218.1,73.5,0.5,534.0,0.0
2021-05-12,NR,Rajasthan,10719.0,0.0,211.1,65.5,-2.8,712.0,0.0
2021-05-13,NR,Rajasthan,9948.0,0.0,207.7,50.1,-1.3,345.0,0.0
2021-05-14,NR,Rajasthan,10576.0,0.0,216.6,67.2,0.4,370.0,0.15
2021-05-15,NR,Rajasthan,10550.0,0.0,217.7,71.3,-0.9,447.0,0.0
2021-05-16,NR,Rajasthan,10981.0,0.0,222.4,62.4,-0.2,552.0,0.0
2021-05-17,NR,Rajasthan,10866.0,0.0,221.1,61.8,-1.0,520.0,0.0
2021-05-18,NR,Rajasthan,8612.0,0.0,174.5,37.7,-5.7,346.0,0.0
2021-05-19,NR,Rajasthan,5951.0,0.0,130.0,9.2,-6.0,413.0,0.0
2021-05-20,NR,Rajasthan,7732.0,0.0,158.1,15.2,-2.1,499.0,0.0
2021-05-21,NR,Rajasthan,9215.0,0.0,183.7,27.8,-3.7,432.0,0.16
2021-05-22,NR,Rajasthan,8676.0,0.0,176.2,40.4,-3.1,400.0,0.0
2021-05-23,NR,Rajasthan,8716.0,0.0,181.2,41.0,-1.2,769.0,0.0
2021-05-24,NR,Rajasthan,10200.0,0.0,212.9,59.3,4.0,943.0,0.49
2021-05-25,NR,Rajasthan,10718.0,0.0,223.8,70.9,0.3,806.0,0.0
2021-05-26,NR,Rajasthan,11145.0,0.0,230.5,76.4,0.2,613.0,0.0
2021-05-27,NR,Rajasthan,10877.0,0.0,235.2,81.4,0.5,355.0,0.0
2021-05-28,NR,Rajasthan,11135.0,0.0,238.4,68.2,-1.1,247.0,0.0
2021-05-29,NR,Rajasthan,11372.0,0.0,242.1,75.9,-0.4,286.0,0.0
2021-05-30,NR,Rajasthan,10930.0,0.0,230.8,70.7,-1.5,449.0,0.0
2021-05-31,NR,Rajasthan,11347.0,0.0,242.7,74.9,-1.3,350.0,0.0
2021-06-01,NR,Rajasthan,10399.0,0.0,219.3,67.3,0.6,1031.0,0.0
2021-06-02,NR,Rajasthan,10126.0,0.0,210.3,64.8,-0.9,646.0,0.0
2021-06-03,NR,Rajasthan,9845.0,0.0,204.8,64.4,1.1,381.0,1.71
2021-06-04,NR,Rajasthan,10430.0,0.0,230.8,92.8,4.5,670.0,0.0
2021-06-05,NR,Rajasthan,10492.0,0.0,218.1,80.7,-0.8,410.0,0.55
2021-06-06,NR,Rajasthan,9990.0,0.0,217.6,83.6,3.9,613.0,0.0
2021-06-07,NR,Rajasthan,10905.0,0.0,243.8,81.4,2.4,690.0,0.0
2021-06-08,NR,Rajasthan,11518.0,0.0,255.2,87.4,1.7,359.0,0.0
2021-06-09,NR,Rajasthan,12000.0,0.0,267.6,93.1,2.5,516.0,0.0
2021-06-10,NR,Rajasthan,12227.0,0.0,267.7,98.4,-0.3,564.0,0.1
2021-06-11,NR,Rajasthan,12353.0,0.0,273.4,98.6,2.8,783.0,0.0
2021-06-12,NR,Rajasthan,12594.0,0.0,271.0,106.5,-0.7,538.0,0.0
2021-06-13,NR,Rajasthan,11779.0,0.0,247.6,101.6,1.9,499.0,0.0
2021-06-14,NR,Rajasthan,11899.0,0.0,253.7,107.4,3.7,742.0,0.0
2021-06-15,NR,Rajasthan,11646.0,0.0,238.4,83.5,-1.1,315.0,0.33
2021-06-16,NR,Rajasthan,11021.0,0.0,229.1,93.4,2.0,705.0,0.0
2021-06-17,NR,Rajasthan,10988.0,0.0,239.2,106.2,1.9,691.0,0.0
2021-06-18,NR,Rajasthan,11105.0,0.0,243.3,114.1,2.0,431.0,0.0
2021-06-19,NR,Rajasthan,10837.0,0.0,237.2,97.4,0.5,551.0,0.0
2021-06-20,NR,Rajasthan,10323.0,0.0,223.9,73.9,0.4,459.0,0.0
2021-06-21,NR,Rajasthan,10567.0,0.0,221.4,78.3,1.6,558.0,4.38
2021-06-22,NR,Rajasthan,11056.0,149.0,238.1,80.5,2.2,694.0,2.5
2021-06-23,NR,Rajasthan,11548.0,0.0,253.8,83.2,2.7,590.0,0.98
2021-06-24,NR,Rajasthan,11749.0,0.0,251.7,83.8,0.0,643.0,0.0
2021-06-25,NR,Rajasthan,11520.0,0.0,244.7,68.8,-2.4,596.0,0.0
2021-06-26,NR,Rajasthan,11307.0,0.0,244.1,67.5,1.3,487.0,0.0
2021-06-27,NR,Rajasthan,10756.0,0.0,240.6,76.9,1.0,616.0,0.0
2021-06-28,NR,Rajasthan,11933.0,0.0,257.3,84.4,2.1,713.0,0.68
2021-06-29,NR,Rajasthan,12672.0,0.0,274.6,82.6,3.0,612.0,0.0
2021-06-30,NR,Rajasthan,12641.0,0.0,281.4,54.9,-0.4,853.0,0.0
2021-07-01,NR,Rajasthan,12925.0,0.0,286.1,59.9,-1.7,292.0,0.0
2021-07-02,NR,Rajasthan,13499.0,0.0,289.6,59.5,-0.9,566.0,0.0
2021-07-03,NR,Rajasthan,13199.0,0.0,281.9,63.5,-1.0,517.0,0.52
2021-07-04,NR,Rajasthan,12833.0,0.0,269.7,72.2,0.2,621.0,0.0
2021-07-05,NR,Rajasthan,12900.0,323.0,275.7,80.5,2.2,646.0,0.0
2021-07-06,NR,Rajasthan,13063.0,0.0,283.4,84.1,1.5,345.0,2.1
2021-07-07,NR,Rajasthan,13504.0,0.0,294.7,66.0,-1.3,533.0,0.0
2021-07-08,NR,Rajasthan,13740.0,0.0,298.9,70.5,-0.7,359.0,0.0
2021-07-09,NR,Rajasthan,13672.0,0.0,298.5,89.6,3.0,500.0,0.0
2021-07-10,NR,Rajasthan,13852.0,0.0,296.4,102.7,2.8,666.0,0.0
2021-07-11,NR,Rajasthan,13082.0,0.0,276.1,90.4,-0.6,344.0,0.61
2021-07-12,NR,Rajasthan,12032.0,0.0,262.1,74.4,-0.2,622.0,0.0
2021-07-13,NR,Rajasthan,12247.0,0.0,258.2,74.8,3.9,631.0,0.0
2021-07-14,NR,Rajasthan,12015.0,0.0,247.8,77.2,0.6,616.0,0.0
2021-07-15,NR,Rajasthan,11455.0,0.0,249.7,75.2,1.2,477.0,0.0
2021-07-16,NR,Rajasthan,12229.0,0.0,269.2,88.6,3.3,793.0,3.36
2021-07-18,NR,Rajasthan,11848.0,0.0,260.3,71.3,-2.7,864.0,0.0
2021-07-19,NR,Rajasthan,10975.0,0.0,244.0,50.7,-2.1,254.0,0.0
2021-07-20,NR,Rajasthan,11432.0,0.0,250.9,70.5,1.2,519.0,0.37
2021-07-21,NR,Rajasthan,11534.0,0.0,258.6,96.6,4.5,736.0,0.23
2021-07-22,NR,Rajasthan,12099.0,0.0,263.5,109.1,3.7,509.0,0.0
2021-07-23,NR,Rajasthan,11862.0,0.0,257.9,114.8,-0.2,449.0,0.0
2021-07-24,NR,Rajasthan,11547.0,0.0,258.8,109.6,0.8,525.0,0.0
2021-07-25,NR,Rajasthan,12024.0,0.0,255.2,97.6,2.5,665.0,0.0
2021-07-26,NR,Rajasthan,11724.0,0.0,253.7,71.6,-3.3,88.0,0.0
2021-07-27,NR,Rajasthan,10556.0,0.0,241.3,58.6,-3.9,533.0,0.0
2021-07-28,NR,Rajasthan,10355.0,0.0,227.5,61.6,0.6,540.0,0.0
2021-07-29,NR,Rajasthan,9853.0,0.0,221.1,79.3,0.6,454.0,0.0
2021-07-30,NR,Rajasthan,9978.0,0.0,219.4,68.3,-3.2,356.0,0.0
2021-07-31,NR,Rajasthan,9237.0,0.0,204.8,56.6,-4.4,687.0,0.0
2021-08-01,NR,Rajasthan,8881.0,0.0,201.1,60.2,1.0,822.0,0.12
2021-08-02,NR,Rajasthan,9350.0,0.0,206.7,65.7,0.0,595.0,0.16
2021-08-03,NR,Rajasthan,9272.0,0.0,207.9,60.7,0.8,609.0,1.52
2021-08-04,NR,Rajasthan,10056.0,0.0,213.5,63.2,1.3,538.0,0.0
2021-08-05,NR,Rajasthan,10062.0,0.0,224.8,62.9,1.4,394.0,0.0
2021-08-06,NR,Rajasthan,10689.0,0.0,234.6,65.7,0.5,668.0,4.27
2021-08-07,NR,Rajasthan,10704.0,0.0,236.0,70.1,1.1,667.0,1.14
2021-08-08,NR,Rajasthan,10223.0,0.0,231.5,55.0,-1.0,595.0,0.0
2021-08-09,NR,Rajasthan,10985.0,0.0,244.3,46.1,-1.9,450.0,0.0
2021-08-10,NR,Rajasthan,11509.0,0.0,255.2,42.0,-0.4,345.0,0.0
2021-08-11,NR,Rajasthan,11978.0,0.0,265.3,54.5,1.6,583.0,0.32
2021-08-12,NR,Rajasthan,12309.0,0.0,270.5,70.3,4.0,813.0,1.81
2021-08-13,NR,Rajasthan,12678.0,0.0,278.4,77.9,-0.1,417.0,0.0
2021-08-14,NR,Rajasthan,12814.0,0.0,283.6,65.6,0.4,349.0,0.0
2021-08-15,NR,Rajasthan,13077.0,0.0,283.3,79.0,3.2,1152.0,0.0
2021-08-16,NR,Rajasthan,13590.0,182.0,285.3,112.9,3.6,554.0,4.8
2021-08-17,NR,Rajasthan,14151.0,0.0,298.6,120.6,2.5,774.0,2.69
2021-08-18,NR,Rajasthan,14578.0,0.0,308.0,121.8,2.2,805.0,0.0
2021-08-19,NR,Rajasthan,14645.0,0.0,310.8,123.6,-0.4,364.0,0.0
2021-08-20,NR,Rajasthan,14111.0,0.0,300.4,119.6,0.5,662.0,0.0
2021-08-21,NR,Rajasthan,12733.0,0.0,280.7,112.3,0.7,515.0,0.0
2021-08-22,NR,Rajasthan,11384.0,0.0,245.4,81.1,2.3,511.0,0.0
2021-08-23,NR,Rajasthan,11915.0,0.0,254.8,74.0,1.7,820.0,0.0
2021-08-24,NR,Rajasthan,12958.0,0.0,280.3,59.9,1.0,418.0,0.0
2021-08-25,NR,Rajasthan,13387.0,0.0,289.8,67.3,1.3,356.0,0.0
2021-08-26,NR,Rajasthan,13585.0,0.0,289.1,94.5,5.5,537.0,4.4
2021-08-27,NR,Rajasthan,13424.0,2264.0,276.4,112.1,5.1,494.0,30.87
2021-08-28,NR,Rajasthan,14136.0,875.0,287.6,136.2,7.0,571.0,26.66
2021-08-29,NR,Rajasthan,14473.0,0.0,299.5,142.9,1.8,525.0,2.34
2021-08-30,NR,Rajasthan,13657.0,0.0,286.4,136.3,-0.4,518.0,0.54
2021-08-31,NR,Rajasthan,13109.0,0.0,270.0,108.1,0.1,823.0,0.0
2021-09-01,NR,Rajasthan,11470.0,0.0,245.3,104.4,1.1,571.0,0.0
2021-09-02,NR,Rajasthan,11148.0,0.0,235.6,101.8,0.2,478.0,0.0
2021-09-03,NR,Rajasthan,9950.0,0.0,222.2,83.8,2.1,652.0,0.0
2021-09-04,NR,Rajasthan,10617.0,0.0,234.8,83.6,0.8,394.0,0.0
2021-09-05,NR,Rajasthan,10847.0,0.0,241.7,87.4,1.7,339.0,0.0
2021-09-06,NR,Rajasthan,11394.0,0.0,251.3,95.9,3.5,552.0,0.0
2021-09-07,NR,Rajasthan,11754.0,0.0,261.0,120.4,3.7,520.0,0.27
2021-09-08,NR,Rajasthan,11713.0,0.0,264.5,122.8,0.9,267.0,0.0
2021-09-09,NR,Rajasthan,11876.0,0.0,259.4,116.5,2.9,549.0,0.0
2021-09-10,NR,Rajasthan,10861.0,0.0,235.2,101.0,-2.8,592.0,0.0
2021-09-11,NR,Rajasthan,8780.0,0.0,198.9,73.3,-5.5,516.0,0.0
2021-09-12,NR,Rajasthan,8492.0,0.0,185.4,59.4,-0.6,551.0,0.0
2021-09-13,NR,Rajasthan,9179.0,0.0,201.4,78.1,1.7,411.0,0.0
2021-09-14,NR,Rajasthan,9055.0,0.0,200.0,84.7,2.0,702.0,0.2
2021-09-15,NR,Rajasthan,9358.0,0.0,207.5,83.1,1.1,293.0,0.0
2021-09-16,NR,Rajasthan,9731.0,0.0,218.0,93.5,1.9,638.0,0.0
2021-09-17,NR,Rajasthan,9593.0,0.0,215.4,82.0,0.3,553.0,0.0
2021-09-18,NR,Rajasthan,9892.0,0.0,220.5,77.5,0.3,388.0,0.16
2021-09-19,NR,Rajasthan,9453.0,0.0,215.2,74.1,1.4,388.0,0.07
2021-09-20,NR,Rajasthan,10303.0,0.0,224.7,75.4,3.9,690.0,1.69
2021-09-21,NR,Rajasthan,9851.0,0.0,219.7,82.8,-0.6,769.0,0.0
2021-09-22,NR,Rajasthan,8564.0,0.0,193.0,56.5,-2.8,385.0,0.0
2021-09-23,NR,Rajasthan,8698.0,0.0,187.6,51.0,-0.9,420.0,0.0
2021-09-24,NR,Rajasthan,8706.0,0.0,189.2,47.6,-1.9,272.0,0.0
2021-09-25,NR,Rajasthan,9131.0,0.0,201.0,53.1,-0.4,387.0,0.0
2021-09-26,NR,Rajasthan,8781.0,0.0,199.9,52.7,-2.0,302.0,0.0
2021-09-27,NR,Rajasthan,9230.0,0.0,200.4,52.6,-2.3,311.0,0.0
2021-09-28,NR,Rajasthan,9239.0,0.0,201.2,49.1,-2.1,286.0,0.13
2021-09-29,NR,Rajasthan,9508.0,0.0,208.0,45.7,-2.2,174.0,0.0
2021-09-30,NR,Rajasthan,9620.0,0.0,211.0,58.9,2.4,360.0,1.02
2021-10-01,NR,Rajasthan,9624.0,0.0,215.3,62.9,-0.7,200.0,0.32
2021-10-02,NR,Rajasthan,9343.0,0.0,209.1,54.3,-2.7,230.0,0.0
2021-10-03,NR,Rajasthan,9593.0,0.0,217.2,42.6,-2.6,269.0,0.0
2021-10-04,NR,Rajasthan,10533.0,0.0,231.7,51.4,-0.2,369.0,1.53
2021-10-05,NR,Rajasthan,10828.0,232.0,223.0,64.9,3.7,642.0,24.2
2021-10-06,NR,Rajasthan,11244.0,81.0,223.2,76.3,7.1,743.0,30.45
2021-10-07,NR,Rajasthan,12082.0,2894.0,216.2,76.0,3.2,427.0,44.28
2021-10-08,NR,Rajasthan,11479.0,2516.0,221.8,79.9,4.2,454.0,37.83
2021-10-09,NR,Rajasthan,12515.0,24.0,236.0,80.3,2.2,462.0,24.07
2021-10-10,NR,Rajasthan,11478.0,0.0,247.9,85.7,0.2,306.0,2.05
2021-10-11,NR,Rajasthan,12262.0,272.0,239.6,84.1,3.1,426.0,20.73
2021-10-12,NR,Rajasthan,12632.0,0.0,240.8,84.3,2.8,352.0,17.88
2021-10-13,NR,Rajasthan,12657.0,0.0,240.5,85.5,2.2,369.0,17.89
2021-10-14,NR,Rajasthan,11809.0,0.0,241.6,84.3,1.4,322.0,3.87
2021-10-15,NR,Rajasthan,11464.0,0.0,238.5,83.5,-0.5,725.0,0.0
2021-10-16,NR,Rajasthan,10907.0,586.0,230.5,74.5,2.2,538.0,13.05
2021-10-17,NR,Rajasthan,11502.0,0.0,236.4,83.3,-1.1,239.0,1.03
2021-10-18,NR,Rajasthan,10386.0,0.0,216.1,70.5,0.0,282.0,0.0
2021-10-19,NR,Rajasthan,10336.0,0.0,222.4,70.7,1.8,348.0,1.16
2021-10-20,NR,Rajasthan,10733.0,0.0,223.2,64.8,-2.6,266.0,0.72
2021-10-21,NR,Rajasthan,10697.0,0.0,223.6,40.7,-3.4,340.0,0.0
2021-10-22,NR,Rajasthan,11126.0,0.0,227.2,24.5,-3.6,262.0,0.0
2021-10-23,NR,Rajasthan,10921.0,0.0,229.4,48.0,-1.0,530.0,0.0
2021-10-24,NR,Rajasthan,10309.0,0.0,209.9,53.7,-2.1,748.0,0.0
2021-10-25,NR,Rajasthan,10847.0,0.0,214.9,54.9,0.6,382.0,0.0
2021-10-26,NR,Rajasthan,11290.0,0.0,219.6,64.9,1.0,506.0,0.0
2021-10-27,NR,Rajasthan,11256.0,0.0,222.2,66.0,0.4,275.0,0.0
2021-10-28,NR,Rajasthan,11563.0,0.0,224.9,68.5,1.2,438.0,0.0
2021-10-29,NR,Rajasthan,11787.0,0.0,227.3,73.9,-0.7,189.0,0.0
2021-10-30,NR,Rajasthan,11942.0,0.0,226.9,78.2,0.0,310.0,0.63
2021-10-31,NR,Rajasthan,12042.0,0.0,226.6,79.0,-1.7,330.0,0.0
2021-11-01,NR,Rajasthan,12324.0,0.0,230.2,59.4,-0.3,381.0,0.0
2021-11-02,NR,Rajasthan,12280.0,0.0,231.9,77.2,0.3,446.0,0.3
2021-11-03,NR,Rajasthan,12382.0,0.0,229.8,60.4,-1.3,417.0,0.0
2021-11-04,NR,Rajasthan,12141.0,0.0,212.1,63.4,-3.0,306.0,0.0
2021-11-05,NR,Rajasthan,11524.0,0.0,198.9,53.2,-0.9,554.0,0.0
2021-11-06,NR,Rajasthan,11767.0,0.0,211.6,64.0,0.1,438.0,0.0
2021-11-07,NR,Rajasthan,12305.0,0.0,223.5,76.8,0.7,400.0,0.0
2021-11-08,NR,Rajasthan,12846.0,233.0,230.7,79.5,1.3,247.0,3.08
2021-11-09,NR,Rajasthan,12982.0,434.0,242.7,78.7,1.7,356.0,0.66
2021-11-10,NR,Rajasthan,13672.0,0.0,249.3,73.2,2.8,568.0,0.0
2021-11-11,NR,Rajasthan,13765.0,0.0,252.4,72.2,-0.1,196.0,0.0
2021-11-12,NR,Rajasthan,13897.0,0.0,254.5,71.3,-0.6,264.0,0.0
2021-11-13,NR,Rajasthan,13792.0,0.0,252.9,78.3,0.8,260.0,0.0
2021-11-14,NR,Rajasthan,13691.0,0.0,248.0,76.6,0.2,305.0,0.0
2021-11-15,NR,Rajasthan,13724.0,0.0,253.4,75.5,0.3,419.0,0.0
2021-11-16,NR,Rajasthan,13827.0,0.0,251.6,72.7,0.6,357.0,0.0
2021-11-17,NR,Rajasthan,14213.0,0.0,253.3,63.7,0.1,540.0,0.0
2021-11-18,NR,Rajasthan,13913.0,0.0,241.9,55.1,-3.1,92.0,0.0
2021-11-19,NR,Rajasthan,12158.0,0.0,229.5,44.4,-2.7,317.0,0.0
2021-11-20,NR,Rajasthan,12151.0,0.0,229.4,47.9,0.2,299.0,0.0
2021-11-21,NR,Rajasthan,12517.0,0.0,230.6,53.1,-1.7,440.0,0.0
2021-11-22,NR,Rajasthan,12760.0,0.0,235.6,63.1,-1.3,350.0,0.0
2021-11-23,NR,Rajasthan,13032.0,0.0,231.9,68.0,0.7,343.0,0.0
2021-11-24,NR,Rajasthan,13403.0,0.0,245.1,71.1,2.5,521.0,0.0
2021-11-25,NR,Rajasthan,13502.0,0.0,243.6,76.7,1.6,367.0,1.17
2021-11-26,NR,Rajasthan,13782.0,0.0,249.8,79.1,2.2,427.0,1.42
2021-11-27,NR,Rajasthan,13783.0,0.0,251.7,78.1,0.8,318.0,1.04
2021-11-28,NR,Rajasthan,13670.0,0.0,250.3,70.9,-0.1,397.0,0.0
2021-11-29,NR,Rajasthan,13765.0,0.0,251.9,57.4,1.0,426.0,0.0
2021-11-30,NR,Rajasthan,13808.0,0.0,254.1,62.3,2.2,415.0,0.0
2021-12-01,NR,Rajasthan,13707.0,0.0,247.1,73.4,2.6,623.0,1.03
2021-12-02,NR,Rajasthan,12969.0,110.0,244.8,67.6,0.2,542.0,1.06
2021-12-03,NR,Rajasthan,13846.0,0.0,249.8,77.0,1.4,288.0,0.84
2021-12-04,NR,Rajasthan,13814.0,0.0,248.5,83.1,0.9,393.0,1.12
2021-12-05,NR,Rajasthan,13758.0,0.0,255.4,83.0,1.0,347.0,0.0
2021-12-06,NR,Rajasthan,14201.0,0.0,257.5,75.4,1.5,340.0,0.0
2021-12-07,NR,Rajasthan,14261.0,0.0,261.8,77.9,2.5,433.0,0.0
2021-12-08,NR,Rajasthan,14536.0,0.0,262.4,88.6,3.7,447.0,1.81
2021-12-09,NR,Rajasthan,14824.0,0.0,265.6,86.3,0.9,295.0,1.54
2021-12-10,NR,Rajasthan,14866.0,0.0,267.9,74.4,1.1,468.0,1.17
2021-12-11,NR,Rajasthan,14884.0,0.0,267.6,77.8,1.0,246.0,0.0
2021-12-13,NR,Rajasthan,14881.0,0.0,264.8,88.7,1.0,470.0,1.43
2021-12-14,NR,Rajasthan,15114.0,0.0,269.9,94.2,1.9,271.0,0.0
2021-12-15,NR,Rajasthan,14748.0,0.0,270.6,82.6,1.9,336.0,0.0
2021-12-16,NR,Rajasthan,15150.0,0.0,271.2,80.6,1.0,379.0,0.0
2021-12-17,NR,Rajasthan,15069.0,0.0,271.6,79.2,0.4,490.0,0.0
2021-12-18,NR,Rajasthan,15121.0,0.0,271.9,79.2,0.4,328.0,0.0
2021-12-19,NR,Rajasthan,15198.0,0.0,268.0,82.2,0.4,347.0,0.0
2021-12-20,NR,Rajasthan,15604.0,0.0,274.9,90.8,3.3,595.0,0.0
2021-12-21,NR,Rajasthan,15611.0,0.0,280.0,89.3,3.2,450.0,1.77
2021-12-22,NR,Rajasthan,14908.0,0.0,277.4,86.5,1.2,372.0,1.44
2021-12-23,NR,Rajasthan,14778.0,225.0,281.2,87.1,4.4,528.0,3.76
2021-12-24,NR,Rajasthan,15696.0,0.0,287.5,84.8,1.6,603.0,0.24
2021-12-25,NR,Rajasthan,15345.0,0.0,285.2,80.7,1.9,326.0,0.09
2021-12-26,NR,Rajasthan,15314.0,0.0,267.3,86.6,-1.7,310.0,0.0
2021-12-27,NR,Rajasthan,13947.0,0.0,257.4,68.3,-2.0,393.0,0.0
2021-12-28,NR,Rajasthan,13064.0,0.0,247.9,61.7,-1.8,461.0,0.0
2021-12-29,NR,Rajasthan,14153.0,0.0,256.4,63.4,-0.5,494.0,0.0
2021-12-30,NR,Rajasthan,13904.0,0.0,257.9,68.0,-1.3,375.0,0.0
2021-12-31,NR,Rajasthan,14801.0,0.0,265.1,71.6,-0.8,312.0,0.38
2022-01-01,NR,Rajasthan,15034.0,0.0,267.5,78.7,-1.5,360.0,0.0
2022-01-02,NR,Rajasthan,14483.0,0.0,258.1,67.3,-2.8,209.0,0.0
2022-01-03,NR,Rajasthan,14689.0,0.0,262.5,67.9,-1.7,431.0,0.08
2022-01-04,NR,Rajasthan,14861.0,0.0,267.2,75.6,1.4,620.0,0.97
2022-01-05,NR,Rajasthan,12990.0,0.0,215.9,44.2,-3.7,454.0,0.0
2022-01-06,NR,Rajasthan,11440.0,0.0,207.0,43.4,-0.4,459.0,0.0
2022-01-07,NR,Rajasthan,11483.0,0.0,208.8,39.3,-1.0,413.0,0.0
2022-01-08,NR,Rajasthan,10256.0,0.0,192.0,43.8,-4.1,446.0,0.0
2022-01-09,NR,Rajasthan,11408.0,0.0,203.9,57.3,-0.5,412.0,0.0
2022-01-10,NR,Rajasthan,12305.0,0.0,219.3,57.8,-0.5,416.0,0.0
2022-01-11,NR,Rajasthan,12887.0,0.0,230.6,58.5,1.2,548.0,0.0
2022-01-12,NR,Rajasthan,13584.0,0.0,240.6,67.2,1.6,540.0,0.0
2022-01-13,NR,Rajasthan,13670.0,0.0,244.5,70.2,1.9,641.0,0.0
2022-01-14,NR,Rajasthan,13750.0,0.0,243.7,68.3,-1.0,501.0,0.0
2022-01-15,NR,Rajasthan,13906.0,0.0,247.4,65.9,-1.3,513.0,0.0
2022-01-16,NR,Rajasthan,13566.0,0.0,247.9,68.9,2.0,488.0,0.0
2022-01-17,NR,Rajasthan,14435.0,0.0,257.8,76.7,2.7,580.0,1.11
2022-01-18,NR,Rajasthan,14531.0,0.0,260.9,72.9,2.4,536.0,1.87
2022-01-19,NR,Rajasthan,15083.0,0.0,267.1,74.7,2.1,372.0,0.97
2022-01-20,NR,Rajasthan,14874.0,0.0,269.2,81.0,1.4,550.0,0.35
2022-01-21,NR,Rajasthan,14842.0,0.0,267.5,61.6,-0.4,385.0,1.82
2022-01-22,NR,Rajasthan,13035.0,0.0,231.7,44.4,-2.8,397.0,0.0
2022-01-23,NR,Rajasthan,13622.0,0.0,243.4,65.2,-0.1,444.0,0.0
2022-01-24,NR,Rajasthan,14366.0,0.0,254.2,66.7,-1.8,181.0,0.0
2022-01-25,NR,Rajasthan,14544.0,0.0,259.0,57.3,0.8,227.0,0.0
2022-01-26,NR,Rajasthan,14742.0,0.0,260.5,62.4,0.0,320.0,0.0
2022-01-27,NR,Rajasthan,14831.0,0.0,268.1,65.1,2.1,349.0,0.0
2022-01-28,NR,Rajasthan,15527.0,0.0,275.9,74.4,2.2,431.0,0.0
2022-01-29,NR,Rajasthan,15535.0,0.0,278.1,71.4,1.2,548.0,0.0
2022-01-30,NR,Rajasthan,15572.0,0.0,276.8,67.4,-0.3,374.0,0.0
2022-01-31,NR,Rajasthan,14824.0,83.0,276.6,63.6,0.4,388.0,2.51
2022-02-01,NR,Rajasthan,15471.0,0.0,275.8,55.0,-0.7,176.0,0.0
2022-02-02,NR,Rajasthan,15319.0,0.0,280.0,41.2,-0.1,491.0,0.0
2022-02-03,NR,Rajasthan,15347.0,0.0,278.3,49.1,0.2,499.0,0.0
2022-02-04,NR,Rajasthan,15594.0,0.0,282.1,66.6,0.7,392.0,0.0
2022-02-05,NR,Rajasthan,15398.0,0.0,277.0,71.2,-0.7,342.0,0.0
2022-02-06,NR,Rajasthan,15032.0,0.0,276.4,67.0,-0.8,413.0,0.0
2022-02-07,NR,Rajasthan,15378.0,0.0,278.9,76.5,1.4,448.0,0.0
2022-02-08,NR,Rajasthan,15404.0,0.0,282.8,77.0,0.8,256.0,0.0
2022-02-09,NR,Rajasthan,14409.0,0.0,266.6,64.2,-1.2,230.0,0.0
2022-02-10,NR,Rajasthan,15086.0,0.0,272.8,71.3,1.3,284.0,0.0
2022-02-11,NR,Rajasthan,15403.0,0.0,278.7,82.5,2.3,422.0,0.0
2022-02-12,NR,Rajasthan,15458.0,0.0,276.8,86.4,1.9,485.0,0.0
2022-02-13,NR,Rajasthan,15294.0,0.0,274.3,92.8,1.4,318.0,0.0
2022-02-14,NR,Rajasthan,15410.0,0.0,277.1,92.4,0.7,424.0,0.0
2022-02-15,NR,Rajasthan,15432.0,0.0,280.0,89.3,3.0,486.0,0.0
2022-02-16,NR,Rajasthan,15540.0,0.0,281.7,81.1,0.5,472.0,1.96
2022-02-17,NR,Rajasthan,15508.0,0.0,279.3,79.0,2.6,441.0,2.26
2022-02-18,NR,Rajasthan,15146.0,261.0,280.3,87.0,1.2,636.0,1.28
2022-02-19,NR,Rajasthan,14957.0,0.0,278.5,85.6,2.7,398.0,0.0
2022-02-20,NR,Rajasthan,15170.0,0.0,273.1,81.5,0.3,391.0,0.0
2022-02-21,NR,Rajasthan,15141.0,0.0,277.0,73.3,-1.6,454.0,0.0
2022-02-22,NR,Rajasthan,15585.0,0.0,269.9,23.8,-2.1,595.0,0.0
2022-02-23,NR,Rajasthan,15060.0,0.0,282.6,66.9,4.0,738.0,1.46
2022-02-24,NR,Rajasthan,14844.0,27.0,281.3,69.0,2.5,509.0,4.9
2022-02-25,NR,Rajasthan,15184.0,0.0,281.4,64.4,-1.7,353.0,2.42
2022-02-26,NR,Rajasthan,15379.0,0.0,275.0,50.7,-3.5,129.0,0.0
2022-02-27,NR,Rajasthan,15150.0,0.0,273.2,45.9,-1.9,320.0,0.0
2022-02-28,NR,Rajasthan,15461.0,0.0,274.1,47.4,-1.3,466.0,0.0
2022-03-01,NR,Rajasthan,15419.0,0.0,277.5,60.3,1.9,523.0,0.0
2022-03-02,NR,Rajasthan,15296.0,0.0,265.1,47.7,-2.7,637.0,0.0
2022-03-03,NR,Rajasthan,14691.0,0.0,270.7,49.8,0.7,421.0,0.0
2022-03-04,NR,Rajasthan,15269.0,0.0,272.8,48.6,0.2,291.0,0.0
2022-03-05,NR,Rajasthan,15090.0,0.0,270.2,47.3,-0.9,460.0,0.0
2022-03-06,NR,Rajasthan,14623.0,0.0,266.5,52.0,-0.1,456.0,0.0
2022-03-07,NR,Rajasthan,15023.0,0.0,269.3,46.3,-2.4,442.0,0.0
2022-03-08,NR,Rajasthan,14891.0,0.0,269.2,37.5,-1.3,216.0,0.0
2022-03-09,NR,Rajasthan,13926.0,0.0,260.1,31.3,-1.3,325.0,0.0
2022-03-10,NR,Rajasthan,13513.0,0.0,260.7,43.4,1.2,340.0,0.0
2022-03-11,NR,Rajasthan,13176.0,0.0,261.3,57.3,2.8,579.0,3.74
2022-03-12,NR,Rajasthan,13486.0,0.0,266.6,65.4,0.6,424.0,1.81
2022-03-13,NR,Rajasthan,13438.0,0.0,263.4,60.7,0.2,598.0,0.0
2022-03-14,NR,Rajasthan,13857.0,0.0,272.1,56.1,-0.8,373.0,0.0
2022-03-17,NR,Rajasthan,13410.0,330.0,270.7,56.3,-3.0,340.0,2.51
2022-03-18,NR,Rajasthan,12531.0,0.0,242.5,37.8,-2.0,240.0,0.0
2022-03-19,NR,Rajasthan,12552.0,0.0,250.6,41.4,-3.1,271.0,0.0
2022-03-20,NR,Rajasthan,13072.0,0.0,261.0,66.8,1.4,412.0,0.0
2022-03-21,NR,Rajasthan,13015.0,0.0,262.5,66.8,-0.6,543.0,0.99
2022-03-22,NR,Rajasthan,12877.0,0.0,265.6,50.1,-2.0,247.0,0.0
2022-03-23,NR,Rajasthan,12711.0,0.0,254.3,50.6,0.6,368.0,4.24
2022-03-24,NR,Rajasthan,11306.0,240.0,245.1,60.1,2.3,418.0,19.44
2022-03-25,NR,Rajasthan,11202.0,1129.0,231.5,64.1,2.7,450.0,33.93
2022-03-26,NR,Rajasthan,12724.0,17.0,250.8,73.3,-0.3,290.0,14.97
2022-03-27,NR,Rajasthan,12189.0,0.0,249.6,61.8,-4.5,128.0,0.0
2022-03-28,NR,Rajasthan,12391.0,0.0,251.3,45.8,-5.0,372.0,0.0
2022-03-29,NR,Rajasthan,12430.0,0.0,255.8,46.3,-1.0,355.0,0.0
2022-03-30,NR,Rajasthan,12172.0,0.0,255.4,50.3,-1.5,297.0,0.0
2022-03-31,NR,Rajasthan,12096.0,0.0,254.4,51.7,-1.0,228.0,0.88
2022-04-01,NR,Rajasthan,11682.0,0.0,243.4,42.9,-2.5,359.0,0.0
2022-04-02,NR,Rajasthan,11838.0,0.0,246.8,36.2,0.4,341.0,0.0
2022-04-03,NR,Rajasthan,11904.0,0.0,245.2,39.0,-0.3,240.0,0.0
2022-04-04,NR,Rajasthan,11998.0,0.0,249.4,52.9,-1.3,185.0,0.0
2022-04-05,NR,Rajasthan,12208.0,0.0,253.7,57.4,-1.1,279.0,0.0
2022-04-06,NR,Rajasthan,12349.0,0.0,254.3,58.9,-1.0,321.0,1.98
2022-04-07,NR,Rajasthan,12357.0,0.0,249.6,60.5,-0.4,227.0,8.17
2022-04-08,NR,Rajasthan,12779.0,0.0,260.1,59.4,-2.3,294.0,3.28
2022-04-09,NR,Rajasthan,12843.0,0.0,262.9,66.1,1.0,302.0,6.64
2022-04-10,NR,Rajasthan,12640.0,0.0,256.4,72.5,-0.7,331.0,0.78
2022-04-11,NR,Rajasthan,12640.0,0.0,263.2,65.5,-1.5,456.0,4.14
2022-04-12,NR,Rajasthan,12500.0,0.0,258.5,57.3,-1.5,326.0,3.61
2022-04-13,NR,Rajasthan,12562.0,534.0,248.6,69.6,-0.8,461.0,16.78
2022-04-14,NR,Rajasthan,12464.0,475.0,258.7,78.6,0.1,280.0,6.18
2022-04-15,NR,Rajasthan,13006.0,0.0,263.0,72.4,-2.6,314.0,3.65
2022-04-16,NR,Rajasthan,13078.0,0.0,265.8,65.9,-1.5,356.0,3.58
2022-04-17,NR,Rajasthan,12901.0,0.0,264.7,56.7,-0.3,447.0,0.0
2022-04-18,NR,Rajasthan,13518.0,0.0,272.4,62.5,-1.3,347.0,1.22
2022-04-19,NR,Rajasthan,13001.0,428.0,273.6,69.7,-0.1,263.0,9.32
2022-04-20,NR,Rajasthan,12911.0,413.0,270.2,67.4,-0.5,314.0,21.18
2022-04-21,NR,Rajasthan,12249.0,0.0,264.3,65.5,-2.6,261.0,10.55
2022-04-22,NR,Rajasthan,12192.0,557.0,252.6,62.9,-0.2,358.0,26.81
2022-04-23,NR,Rajasthan,12405.0,1308.0,257.0,67.3,0.2,304.0,39.43
2022-04-24,NR,Rajasthan,13985.0,124.0,268.5,81.6,2.7,484.0,15.5
2022-04-25,NR,Rajasthan,12987.0,903.0,257.0,67.8,2.4,324.0,31.97
2022-04-26,NR,Rajasthan,12346.0,629.0,254.4,66.8,-0.3,305.0,48.31
2022-04-27,NR,Rajasthan,12708.0,2229.0,261.8,62.9,-0.2,475.0,55.94
2022-04-28,NR,Rajasthan,12720.0,767.0,261.4,67.0,-1.8,203.0,43.59
2022-04-29,NR,Rajasthan,12881.0,1543.0,259.8,73.1,0.7,308.0,53.46
2022-04-30,NR,Rajasthan,13678.0,500.0,271.2,81.5,3.7,436.0,33.05
2022-05-01,NR,Rajasthan,14406.0,0.0,292.0,80.9,-0.4,904.0,4.91
2022-05-02,NR,Rajasthan,12957.0,0.0,274.6,51.2,-6.4,258.0,0.0
2022-05-03,NR,Rajasthan,13083.0,0.0,270.7,48.0,-8.1,352.0,0.0
2022-05-04,NR,Rajasthan,14251.0,0.0,279.3,79.6,3.7,679.0,4.38
2022-05-05,NR,Rajasthan,14383.0,0.0,271.2,76.6,-0.8,380.0,13.77
2022-05-06,NR,Rajasthan,14343.0,0.0,268.9,75.4,1.5,349.0,12.57
2022-05-07,NR,Rajasthan,14539.0,0.0,279.7,77.3,0.2,302.0,6.74
2022-05-08,NR,Rajasthan,13805.0,0.0,279.0,60.1,-1.0,438.0,1.48
2022-05-09,NR,Rajasthan,14746.0,0.0,290.3,68.8,1.0,462.0,0.0
2022-05-10,NR,Rajasthan,14654.0,0.0,288.7,84.1,3.5,403.0,4.12
2022-05-11,NR,Rajasthan,14949.0,0.0,307.3,101.5,2.6,467.0,0.7
2022-05-12,NR,Rajasthan,15306.0,0.0,302.8,95.6,-1.0,334.0,0.15
2022-05-13,NR,Rajasthan,14557.0,0.0,300.4,92.9,0.5,340.0,0.65
2022-05-14,NR,Rajasthan,15197.0,0.0,307.1,98.2,-0.6,364.0,0.0
2022-05-15,NR,Rajasthan,14622.0,0.0,298.4,69.7,-2.7,287.0,0.0
2022-05-16,NR,Rajasthan,14695.0,0.0,298.6,63.1,-0.6,484.0,0.0
2022-05-17,NR,Rajasthan,15218.0,0.0,304.3,85.0,1.9,329.0,2.38
2022-05-18,NR,Rajasthan,15238.0,121.0,295.0,87.8,2.9,499.0,15.21
2022-05-19,NR,Rajasthan,15797.0,51.0,308.3,92.7,1.5,370.0,12.34
2022-05-20,NR,Rajasthan,14898.0,0.0,311.1,71.3,-1.2,383.0,8.8
2022-05-21,NR,Rajasthan,14341.0,0.0,299.1,71.9,-2.7,512.0,0.0
2022-05-22,NR,Rajasthan,14365.0,0.0,293.3,83.8,2.4,1183.0,0.0
2022-05-23,NR,Rajasthan,12734.0,328.0,262.0,77.7,-5.7,559.0,0.78
2022-05-24,NR,Rajasthan,12193.0,0.0,231.1,77.4,1.4,450.0,5.24
2022-05-25,NR,Rajasthan,13343.0,111.0,272.9,93.1,0.6,531.0,5.35
2022-05-26,NR,Rajasthan,14144.0,0.0,286.6,75.3,1.2,414.0,5.14
2022-05-27,NR,Rajasthan,14369.0,0.0,295.6,67.0,-1.3,373.0,0.14
2022-05-28,NR,Rajasthan,14178.0,420.0,298.0,75.4,2.0,369.0,4.3
2022-05-29,NR,Rajasthan,14286.0,0.0,298.8,70.4,-0.8,378.0,0.77
2022-05-30,NR,Rajasthan,14592.0,0.0,298.5,74.8,0.3,437.0,2.4
2022-05-31,NR,Rajasthan,15075.0,0.0,305.0,82.5,3.7,435.0,5.9
2022-06-01,NR,Rajasthan,15282.0,0.0,305.0,94.6,2.8,396.0,7.12
2022-06-02,NR,Rajasthan,15415.0,0.0,307.5,92.3,3.1,455.0,7.25
2022-06-03,NR,Rajasthan,15593.0,0.0,312.6,91.6,1.1,397.0,6.29
2022-06-04,NR,Rajasthan,15306.0,0.0,303.6,85.7,2.2,436.0,15.33
2022-06-05,NR,Rajasthan,14834.0,0.0,300.0,108.4,4.5,472.0,14.67
2022-06-06,NR,Rajasthan,15485.0,0.0,310.3,102.6,2.9,544.0,8.34
2022-06-07,NR,Rajasthan,15109.0,0.0,318.8,87.4,0.8,362.0,2.1
2022-06-08,NR,Rajasthan,15053.0,0.0,315.9,78.6,2.4,413.0,3.19
2022-06-09,NR,Rajasthan,15391.0,20.0,323.8,79.6,0.2,358.0,2.19
2022-06-10,NR,Rajasthan,15247.0,0.0,322.1,83.2,2.4,440.0,4.46
2022-06-11,NR,Rajasthan,15629.0,0.0,322.3,82.8,2.8,487.0,3.48
2022-06-12,NR,Rajasthan,14735.0,0.0,310.3,80.4,0.6,258.0,2.76
2022-06-13,NR,Rajasthan,14544.0,820.0,296.4,86.4,-2.0,307.0,13.84
2022-06-14,NR,Rajasthan,13789.0,202.0,283.9,79.3,4.1,506.0,20.46
2022-06-15,NR,Rajasthan,15217.0,0.0,308.4,80.6,0.4,448.0,5.98
2022-06-16,NR,Rajasthan,14767.0,0.0,304.6,77.2,-0.6,418.0,1.94
2022-06-17,NR,Rajasthan,14655.0,0.0,295.8,79.5,-1.6,308.0,3.48
2022-06-18,NR,Rajasthan,13013.0,0.0,269.1,87.6,0.4,446.0,1.23
2022-06-19,NR,Rajasthan,10561.0,0.0,228.3,61.4,-7.2,428.0,0.0
2022-06-20,NR,Rajasthan,10119.0,0.0,224.2,36.3,-6.6,333.0,0.0
2022-06-21,NR,Rajasthan,10019.0,4.0,222.0,33.0,-2.7,405.0,0.1
2022-06-22,NR,Rajasthan,10893.0,0.0,226.9,41.9,-3.0,383.0,1.23
2022-06-23,NR,Rajasthan,11829.0,0.0,251.3,47.9,-1.3,263.0,2.77
2022-06-24,NR,Rajasthan,12594.0,0.0,267.5,70.2,0.0,296.0,4.58
2022-06-25,NR,Rajasthan,13685.0,0.0,281.5,84.3,1.2,271.0,6.14
2022-06-26,NR,Rajasthan,14185.0,0.0,297.5,86.4,1.7,354.0,3.81
2022-06-27,NR,Rajasthan,14541.0,718.0,300.5,93.1,0.5,442.0,16.91
2022-06-28,NR,Rajasthan,15850.0,0.0,322.6,89.2,-1.6,445.0,2.98
2022-06-29,NR,Rajasthan,14968.0,0.0,309.1,61.0,-3.9,233.0,0.0
2022-06-30,NR,Rajasthan,13323.0,0.0,281.6,53.9,-2.5,299.0,0.0
2022-07-01,NR,Rajasthan,10741.0,0.0,246.0,66.8,-2.6,411.0,0.0
2022-07-02,NR,Rajasthan,10390.0,0.0,235.1,65.0,-1.9,507.0,0.0
2022-07-03,NR,Rajasthan,9872.0,0.0,222.8,60.4,-2.4,398.0,0.0
2022-07-04,NR,Rajasthan,10915.0,9.0,238.0,62.8,0.4,459.0,2.46
2022-07-05,NR,Rajasthan,12000.0,0.0,254.7,72.5,0.6,374.0,2.71
2022-07-06,NR,Rajasthan,11923.0,0.0,255.8,69.4,-0.2,339.0,2.44
2022-07-07,NR,Rajasthan,11822.0,0.0,251.8,78.0,0.6,393.0,2.71
2022-07-08,NR,Rajasthan,11910.0,0.0,258.2,92.9,1.3,482.0,0.87
2022-07-09,NR,Rajasthan,12201.0,0.0,262.1,90.2,-1.0,485.0,0.0
2022-07-10,NR,Rajasthan,10616.0,0.0,231.9,66.5,-1.5,453.0,0.0
2022-07-11,NR,Rajasthan,11002.0,0.0,238.5,63.0,0.4,376.0,0.0
2022-07-12,NR,Rajasthan,11337.0,0.0,248.4,69.7,-1.1,422.0,0.0
2022-07-13,NR,Rajasthan,11203.0,0.0,250.0,73.3,0.2,397.0,0.0
2022-07-14,NR,Rajasthan,11631.0,0.0,243.0,67.7,-3.6,313.0,0.2
2022-07-15,NR,Rajasthan,10094.0,0.0,217.7,50.6,-5.0,120.0,0.31
2022-07-16,NR,Rajasthan,10039.0,0.0,219.8,51.5,-2.9,726.0,0.25
2022-07-17,NR,Rajasthan,9973.0,0.0,219.1,62.8,-0.1,820.0,1.06
2022-07-18,NR,Rajasthan,10513.0,219.0,233.1,63.1,1.6,483.0,3.32
2022-07-19,NR,Rajasthan,11452.0,0.0,245.7,24.9,-4.2,164.0,0.0
2022-07-21,NR,Rajasthan,10832.0,0.0,239.2,19.9,-1.3,458.0,0.0
2022-07-22,NR,Rajasthan,10927.0,0.0,243.5,58.1,-1.9,382.0,1.12
2022-07-23,NR,Rajasthan,9970.0,0.0,222.3,56.0,-2.2,334.0,0.0
2022-07-24,NR,Rajasthan,9506.0,0.0,213.5,47.4,-3.0,253.0,0.0
2022-07-25,NR,Rajasthan,9682.0,0.0,215.9,50.4,-0.5,330.0,0.0
2022-07-26,NR,Rajasthan,9373.0,0.0,206.7,48.4,-2.1,353.0,0.61
2022-07-27,NR,Rajasthan,9718.0,0.0,212.4,47.5,-1.7,185.0,0.0
2022-07-28,NR,Rajasthan,9315.0,0.0,202.1,13.8,-5.0,376.0,0.08
2022-07-29,NR,Rajasthan,9892.0,0.0,211.6,6.3,-2.7,243.0,0.0
2022-07-30,NR,Rajasthan,10299.0,0.0,227.4,23.8,-1.2,427.0,0.0
2022-07-31,NR,Rajasthan,10467.0,0.0,230.8,17.8,-4.7,99.0,0.0
2022-08-01,NR,Rajasthan,10622.0,0.0,235.0,29.8,0.4,443.0,0.0
2022-08-02,NR,Rajasthan,11302.0,0.0,246.6,46.1,0.8,303.0,1.59
2022-08-03,NR,Rajasthan,11644.0,0.0,254.8,58.3,-0.3,229.0,2.64
2022-08-04,NR,Rajasthan,11481.0,0.0,251.9,68.7,-1.0,333.0,2.33
2022-08-05,NR,Rajasthan,11201.0,0.0,244.7,69.6,-1.8,313.0,0.0
2022-08-06,NR,Rajasthan,11264.0,0.0,245.6,71.5,0.8,365.0,2.01
2022-08-07,NR,Rajasthan,11682.0,0.0,248.3,80.9,1.9,330.0,0.0
2022-08-08,NR,Rajasthan,11209.0,0.0,243.3,74.3,2.6,477.0,1.37
2022-08-09,NR,Rajasthan,11713.0,0.0,256.2,87.2,0.5,370.0,0.44
2022-08-10,NR,Rajasthan,11714.0,0.0,257.5,96.3,0.5,416.0,0.3
2022-08-11,NR,Rajasthan,10738.0,0.0,239.5,66.0,-7.4,203.0,0.0
2022-08-12,NR,Rajasthan,11133.0,0.0,236.2,59.7,-4.3,232.0,0.2
2022-08-13,NR,Rajasthan,9450.0,0.0,214.9,53.2,-2.8,369.0,0.12
2022-08-14,NR,Rajasthan,10196.0,0.0,225.0,58.5,-0.4,267.0,0.0
2022-08-15,NR,Rajasthan,9787.0,0.0,218.4,76.4,2.5,470.0,0.0
2022-08-16,NR,Rajasthan,9652.0,0.0,206.9,46.6,-5.2,395.0,0.0
2022-08-17,NR,Rajasthan,8762.0,0.0,188.4,35.0,-2.9,202.0,0.0
2022-08-18,NR,Rajasthan,9535.0,0.0,204.1,7.6,-1.4,356.0,0.0
2022-08-19,NR,Rajasthan,10161.0,0.0,225.0,45.4,-2.7,364.0,0.0
2022-08-20,NR,Rajasthan,11010.0,0.0,237.2,71.0,-1.7,354.0,0.0
2022-08-22,NR,Rajasthan,10674.0,0.0,233.8,72.9,-1.0,458.0,0.0
2022-08-23,NR,Rajasthan,9453.0,0.0,206.8,54.7,-3.8,248.0,0.0
2022-08-24,NR,Rajasthan,9824.0,0.0,213.9,58.7,-3.7,138.0,0.0
2022-08-25,NR,Rajasthan,10022.0,0.0,221.2,36.4,-4.2,405.0,0.46
2022-08-26,NR,Rajasthan,10884.0,0.0,235.4,62.9,-0.7,304.0,2.36
2022-08-27,NR,Rajasthan,10971.0,0.0,238.9,70.2,0.1,359.0,4.45
2022-08-28,NR,Rajasthan,11735.0,0.0,249.0,68.8,0.8,413.0,1.77
2022-08-30,NR,Rajasthan,13033.0,0.0,278.3,108.6,2.1,408.0,7.13
2022-08-31,NR,Rajasthan,13746.0,0.0,279.5,120.5,1.7,319.0,9.4
2022-09-01,NR,Rajasthan,14004.0,0.0,286.2,120.3,1.2,330.0,8.01
2022-09-02,NR,Rajasthan,13840.0,25.0,287.9,124.0,0.6,349.0,5.34
2022-09-03,NR,Rajasthan,14056.0,0.0,298.5,93.8,-0.8,259.0,0.0
2022-09-04,NR,Rajasthan,13655.0,0.0,293.4,80.2,-0.9,292.0,0.0
2022-09-05,NR,Rajasthan,14334.0,0.0,299.3,98.1,2.6,438.0,2.09
2022-09-06,NR,Rajasthan,14799.0,0.0,306.3,117.4,2.2,354.0,3.5
2022-09-07,NR,Rajasthan,15016.0,0.0,312.6,128.3,1.9,348.0,2.58
2022-09-08,NR,Rajasthan,15335.0,0.0,321.2,140.9,-0.2,264.0,2.03
2022-09-09,NR,Rajasthan,15772.0,0.0,328.9,141.8,2.8,362.0,2.33
2022-09-10,NR,Rajasthan,15538.0,86.0,326.6,143.7,0.5,286.0,0.82
2022-09-11,NR,Rajasthan,15000.0,0.0,309.7,120.3,-2.2,332.0,0.0
2022-09-12,NR,Rajasthan,14379.0,0.0,302.7,109.8,1.6,390.0,0.91
2022-09-13,NR,Rajasthan,14115.0,0.0,305.9,106.5,-1.8,203.0,0.0
2022-09-14,NR,Rajasthan,13349.0,0.0,291.8,98.7,-0.2,385.0,0.0
2022-09-17,NR,Rajasthan,13036.0,0.0,282.9,80.9,0.8,307.0,0.0
2022-09-18,NR,Rajasthan,13576.0,0.0,288.7,106.9,1.9,385.0,0.0
2022-09-19,NR,Rajasthan,14006.0,0.0,302.1,100.4,-0.2,333.0,0.0
2022-09-21,NR,Rajasthan,13490.0,0.0,295.1,106.9,0.2,343.0,0.0
2022-09-22,NR,Rajasthan,12959.0,0.0,282.5,107.3,-0.1,452.0,0.45
2022-09-23,NR,Rajasthan,11641.0,0.0,259.1,87.4,-1.4,362.0,0.0
2022-09-24,NR,Rajasthan,11319.0,0.0,248.8,67.9,-1.1,392.0,0.0
2022-09-25,NR,Rajasthan,10732.0,0.0,244.5,62.0,-3.8,323.0,0.0
2022-09-26,NR,Rajasthan,12219.0,0.0,261.4,81.0,1.3,418.0,2.35
2022-09-27,NR,Rajasthan,12265.0,0.0,269.1,85.4,0.2,302.0,1.51
2022-09-28,NR,Rajasthan,12312.0,0.0,275.1,90.9,1.5,408.0,0.23
2022-09-29,NR,Rajasthan,12777.0,0.0,278.9,93.9,1.0,358.0,0.29
2022-09-30,NR,Rajasthan,13002.0,0.0,280.7,95.2,1.0,434.0,0.0
2022-10-01,NR,Rajasthan,13031.0,0.0,281.5,94.4,1.8,495.0,0.0
2022-10-02,NR,Rajasthan,12441.0,0.0,270.8,90.3,0.9,353.0,0.0
2022-10-03,NR,Rajasthan,13263.0,0.0,279.4,103.1,3.1,432.0,0.51
2022-10-04,NR,Rajasthan,13201.0,0.0,283.6,111.1,1.4,469.0,0.0
2022-10-05,NR,Rajasthan,13085.0,0.0,277.0,115.1,-0.5,216.0,0.0
2022-10-06,NR,Rajasthan,13242.0,0.0,278.2,115.7,1.9,358.0,0.0
2022-10-07,NR,Rajasthan,12661.0,0.0,270.1,103.0,-0.3,393.0,0.0
2022-10-08,NR,Rajasthan,11140.0,0.0,243.0,67.7,-2.7,356.0,0.0
2022-10-09,NR,Rajasthan,10837.0,0.0,232.8,65.0,0.7,338.0,0.0
2022-10-11,NR,Rajasthan,11271.0,0.0,248.3,82.1,1.9,293.0,0.0
2022-10-12,NR,Rajasthan,11368.0,0.0,247.8,78.1,1.1,254.0,0.0
2022-10-13,NR,Rajasthan,11365.0,0.0,247.4,74.5,0.5,236.0,0.41
2022-10-14,NR,Rajasthan,11495.0,0.0,247.4,77.7,1.4,214.0,0.0
2022-10-15,NR,Rajasthan,11677.0,0.0,248.7,75.6,2.2,325.0,0.72
2022-10-16,NR,Rajasthan,11480.0,0.0,245.0,80.7,2.2,401.0,0.0
2022-10-17,NR,Rajasthan,11788.0,0.0,247.0,86.0,2.2,464.0,2.21
2022-10-18,NR,Rajasthan,12035.0,0.0,250.9,87.1,3.6,379.0,1.19
2022-10-19,NR,Rajasthan,12101.0,0.0,251.6,87.7,4.1,795.0,2.85
2022-10-20,NR,Rajasthan,12220.0,0.0,256.9,94.3,1.7,348.0,0.59
2022-10-21,NR,Rajasthan,12402.0,0.0,255.7,95.6,0.7,286.0,0.0
2022-10-22,NR,Rajasthan,12483.0,0.0,254.8,92.1,1.2,305.0,0.0
2022-10-23,NR,Rajasthan,12240.0,0.0,244.3,86.9,0.7,295.0,0.0
2022-10-24,NR,Rajasthan,11673.0,0.0,225.6,75.9,-0.2,398.0,0.0
2022-10-25,NR,Rajasthan,10895.0,0.0,215.8,62.0,-0.8,293.0,0.0
2022-10-26,NR,Rajasthan,12208.0,0.0,232.4,70.6,1.4,259.0,0.04
2022-10-27,NR,Rajasthan,12843.0,0.0,248.9,80.0,-0.6,322.0,0.62
2022-10-28,NR,Rajasthan,13499.0,0.0,260.1,90.1,1.4,337.0,2.48
2022-10-29,NR,Rajasthan,13918.0,0.0,264.6,96.9,3.2,324.0,3.52
2022-10-30,NR,Rajasthan,13832.0,0.0,265.6,97.3,1.1,316.0,0.0
2022-10-31,NR,Rajasthan,13908.0,0.0,268.0,92.3,1.5,342.0,2.36
2022-11-01,NR,Rajasthan,13951.0,0.0,272.8,91.8,1.8,372.0,0.26
2022-11-02,NR,Rajasthan,14226.0,0.0,276.6,99.6,1.7,366.0,0.0
2022-11-03,NR,Rajasthan,14032.0,0.0,281.3,97.8,0.0,340.0,0.0
2022-11-04,NR,Rajasthan,14571.0,0.0,285.9,100.8,1.0,358.0,0.0
2022-11-05,NR,Rajasthan,14706.0,0.0,286.1,98.9,-0.8,332.0,0.53
2022-11-06,NR,Rajasthan,14881.0,0.0,286.4,113.7,2.1,508.0,1.62
2022-11-07,NR,Rajasthan,14766.0,89.0,285.3,128.5,2.3,437.0,5.86
2022-11-08,NR,Rajasthan,14120.0,548.0,282.3,128.4,2.1,328.0,9.18
2022-11-09,NR,Rajasthan,15272.0,0.0,283.1,123.5,3.0,319.0,4.13
2022-11-10,NR,Rajasthan,14947.0,0.0,289.2,114.2,2.2,358.0,0.97
2022-11-11,NR,Rajasthan,14628.0,44.0,286.2,108.0,4.6,482.0,2.85
2022-11-12,NR,Rajasthan,14790.0,0.0,289.4,113.8,3.0,392.0,1.41
2022-11-13,NR,Rajasthan,14633.0,0.0,286.0,105.2,3.1,425.0,0.62
2022-11-14,NR,Rajasthan,14998.0,0.0,288.1,97.2,0.2,327.0,0.2
2022-11-15,NR,Rajasthan,15047.0,0.0,292.9,99.7,2.0,343.0,1.05
2022-11-16,NR,Rajasthan,15161.0,0.0,293.0,122.8,4.5,435.0,2.38
2022-11-17,NR,Rajasthan,15474.0,0.0,299.1,125.8,1.3,378.0,0.0
2022-11-18,NR,Rajasthan,15467.0,0.0,297.7,122.4,1.1,404.0,0.0
2022-11-19,NR,Rajasthan,15428.0,0.0,297.7,112.8,1.0,257.0,0.0
2022-11-20,NR,Rajasthan,15432.0,0.0,290.8,103.6,0.9,288.0,0.0
2022-11-21,NR,Rajasthan,15532.0,0.0,299.0,106.6,3.1,624.0,0.0
2022-11-22,NR,Rajasthan,15401.0,0.0,299.4,110.4,0.2,410.0,0.0
2022-11-23,NR,Rajasthan,15181.0,0.0,293.7,97.7,-0.3,253.0,0.0
2022-11-24,NR,Rajasthan,15310.0,0.0,298.0,107.9,3.7,358.0,0.0
2022-11-25,NR,Rajasthan,15728.0,0.0,303.4,112.0,2.6,401.0,0.0
2022-11-26,NR,Rajasthan,15786.0,0.0,301.3,109.8,1.5,285.0,0.0
2022-11-27,NR,Rajasthan,15790.0,0.0,301.4,107.4,0.4,379.0,0.0
2022-11-28,NR,Rajasthan,15830.0,0.0,301.3,106.7,1.9,297.0,0.73
2022-11-29,NR,Rajasthan,15734.0,0.0,305.4,106.1,0.3,259.0,0.0
2022-11-30,NR,Rajasthan,15282.0,372.0,300.6,111.2,2.0,406.0,3.36
2022-12-01,NR,Rajasthan,15511.0,87.0,302.3,108.5,2.4,326.0,1.38
2022-12-02,NR,Rajasthan,15654.0,0.0,302.1,117.2,1.5,334.0,2.17
2022-12-03,NR,Rajasthan,15669.0,0.0,304.1,120.8,2.5,315.0,0.0
2022-12-04,NR,Rajasthan,15898.0,0.0,299.6,118.6,0.6,288.0,0.14
2022-12-05,NR,Rajasthan,15613.0,0.0,297.8,112.1,0.0,227.0,0.61
2022-12-06,NR,Rajasthan,16066.0,0.0,305.6,113.5,-0.5,218.0,0.38
2022-12-07,NR,Rajasthan,15890.0,0.0,305.0,108.5,0.8,168.0,2.22
2022-12-08,NR,Rajasthan,15967.0,0.0,302.7,107.9,0.6,151.0,2.51
2022-12-09,NR,Rajasthan,15881.0,0.0,308.5,113.1,1.0,199.0,0.0
2022-12-10,NR,Rajasthan,15478.0,0.0,301.3,104.2,-1.8,156.0,0.49
2022-12-11,NR,Rajasthan,15556.0,0.0,300.8,85.7,-1.9,198.0,0.0
2022-12-12,NR,Rajasthan,15743.0,245.0,303.2,91.8,-0.9,172.0,1.18
2022-12-13,NR,Rajasthan,15950.0,0.0,307.9,87.6,-3.8,158.0,0.0
2022-12-14,NR,Rajasthan,16067.0,0.0,311.2,107.3,1.5,211.0,2.32
2022-12-15,NR,Rajasthan,15598.0,72.0,303.8,124.4,2.1,297.0,11.95
2022-12-16,NR,Rajasthan,15911.0,0.0,301.1,122.5,0.6,245.0,20.27
2022-12-17,NR,Rajasthan,16103.0,21.0,306.6,124.7,-0.8,167.0,11.52
2022-12-18,NR,Rajasthan,15795.0,0.0,313.0,136.4,-1.1,182.0,0.0
2022-12-19,NR,Rajasthan,16199.0,0.0,306.3,134.3,-0.3,179.0,7.07
2022-12-20,NR,Rajasthan,15931.0,0.0,311.9,133.4,-3.9,35.0,4.83
2022-12-21,NR,Rajasthan,15957.0,0.0,310.9,111.0,-1.4,183.0,4.36
2022-12-22,NR,Rajasthan,16091.0,0.0,309.9,110.6,-1.8,173.0,1.86
2022-12-23,NR,Rajasthan,15740.0,0.0,302.2,112.0,-0.2,176.0,3.74
2022-12-24,NR,Rajasthan,15962.0,15.0,304.6,113.5,0.1,203.0,5.35
2022-12-25,NR,Rajasthan,15276.0,335.0,301.0,118.8,-1.6,219.0,6.82
2022-12-26,NR,Rajasthan,16220.0,54.0,304.0,117.3,-1.8,213.0,10.85
2022-12-27,NR,Rajasthan,16269.0,165.0,310.7,114.1,-3.3,127.0,1.28
2022-12-28,NR,Rajasthan,16134.0,193.0,309.0,113.9,0.6,206.0,10.97
2022-12-29,NR,Rajasthan,16439.0,12.0,308.2,117.5,0.0,164.0,11.5
2022-12-30,NR,Rajasthan,16468.0,225.0,312.1,124.9,2.3,282.0,9.36
2022-12-31,NR,Rajasthan,16398.0,0.0,311.8,116.8,-0.5,210.0,3.03
2023-01-01,NR,Rajasthan,16280.0,0.0,304.91,114.56,-0.8,205.0,0.49
2023-01-02,NR,Rajasthan,16107.0,219.0,299.36,107.35,-1.23,86.0,15.1
2023-01-03,NR,Rajasthan,15855.0,694.0,305.22,108.03,-0.44,114.0,18.86
2023-01-04,NR,Rajasthan,15745.0,645.0,299.59,96.55,0.39,219.0,27.17
2023-01-05,NR,Rajasthan,14915.0,1033.0,295.13,92.01,0.14,197.0,31.22
2023-01-06,NR,Rajasthan,14683.0,2078.0,294.07,91.82,1.25,280.0,38.77
2023-01-07,NR,Rajasthan,15447.0,479.0,303.11,104.86,0.44,203.0,25.33
2023-01-08,NR,Rajasthan,16480.0,207.0,315.49,118.14,-0.15,310.0,3.85
2023-01-09,NR,Rajasthan,15638.0,312.0,299.86,111.76,0.25,374.0,20.83
2023-01-10,NR,Rajasthan,15983.0,546.0,296.28,105.3,2.54,284.0,29.85
2023-01-11,NR,Rajasthan,16380.0,0.0,309.83,106.11,0.72,216.0,12.26
2023-01-12,NR,Rajasthan,16603.0,65.0,301.9,116.69,-0.59,248.0,16.86
2023-01-13,NR,Rajasthan,15450.0,900.0,282.84,110.84,0.68,209.0,28.7
2023-01-14,NR,Rajasthan,15971.0,115.0,297.91,100.97,-4.55,221.0,6.09
2023-01-15,NR,Rajasthan,16089.0,590.0,297.43,98.99,-1.06,210.0,4.58
2023-01-16,NR,Rajasthan,16369.0,0.0,301.33,101.78,-0.12,252.0,5.67
2023-01-17,NR,Rajasthan,16713.0,38.0,301.0,108.77,-1.38,143.0,6.83
2023-01-18,NR,Rajasthan,17020.0,193.0,306.42,105.42,-3.15,161.0,6.28
2023-01-19,NR,Rajasthan,16059.0,485.0,301.27,93.27,-1.83,234.0,14.33
2023-01-20,NR,Rajasthan,16664.0,61.0,302.64,99.42,0.52,233.0,15.53
2023-01-21,NR,Rajasthan,16872.0,0.0,307.4,107.47,-2.5,254.0,5.07
2023-01-22,NR,Rajasthan,17070.0,0.0,307.33,109.84,-1.34,202.0,0.0
2023-01-23,NR,Rajasthan,17097.0,0.0,306.33,97.74,-4.28,212.0,0.42
2023-01-24,NR,Rajasthan,16931.0,0.0,306.15,101.9,-3.25,216.0,0.0
2023-01-25,NR,Rajasthan,16719.0,0.0,305.76,103.34,-2.84,202.0,0.0
2023-01-26,NR,Rajasthan,16729.0,0.0,298.9,79.38,-3.25,194.0,0.0
2023-01-27,NR,Rajasthan,16810.0,49.0,300.53,71.99,-2.29,304.0,0.67
2023-01-28,NR,Rajasthan,16910.0,0.0,301.09,75.04,-1.56,167.0,0.0
2023-01-29,NR,Rajasthan,12881.0,0.0,252.07,65.48,-7.03,95.0,0.53
2023-01-30,NR,Rajasthan,12671.0,0.0,236.4,59.02,-2.79,278.0,0.0
2023-01-31,NR,Rajasthan,13635.0,0.0,261.02,65.01,-4.51,108.0,0.0
2023-02-01,NR,Rajasthan,14433.0,0.0,271.1,68.58,-0.46,212.0,0.0
2023-02-02,NR,Rajasthan,15398.0,0.0,280.18,85.58,-0.5,182.0,0.0
2023-02-03,NR,Rajasthan,15735.0,0.0,283.24,85.15,-0.18,223.0,0.52
2023-02-04,NR,Rajasthan,15563.0,282.0,287.02,87.91,1.79,295.0,4.32
2023-02-05,NR,Rajasthan,15719.0,0.0,286.71,88.49,-1.62,210.0,0.0
2023-02-06,NR,Rajasthan,15894.0,0.0,293.9,91.04,-0.24,176.0,0.0
2023-02-07,NR,Rajasthan,16316.0,0.0,296.51,94.06,0.14,362.0,0.67
2023-02-08,NR,Rajasthan,16274.0,176.0,298.3,89.02,-0.7,148.0,2.26
2023-02-09,NR,Rajasthan,16310.0,115.0,301.42,77.2,-3.01,166.0,1.69
2023-02-10,NR,Rajasthan,16579.0,0.0,305.92,87.07,2.34,404.0,0.58
2023-02-11,NR,Rajasthan,16219.0,57.0,300.11,105.73,-0.84,346.0,13.56
2023-02-12,NR,Rajasthan,16514.0,0.0,303.62,93.16,-2.66,157.0,0.0
2023-02-13,NR,Rajasthan,16301.0,0.0,302.61,92.83,0.74,229.0,5.76
2023-02-14,NR,Rajasthan,16300.0,0.0,295.33,94.41,0.5,182.0,25.89
2023-02-15,NR,Rajasthan,16537.0,226.0,304.84,103.16,-0.96,139.0,19.07
2023-02-16,NR,Rajasthan,16183.0,0.0,301.8,103.15,-0.56,172.0,16.58
2023-02-17,NR,Rajasthan,16122.0,0.0,304.38,101.35,-0.68,258.0,17.51
2023-02-18,NR,Rajasthan,16268.0,580.0,308.48,103.75,-0.68,193.0,9.97
2023-02-19,NR,Rajasthan,16149.0,0.0,307.46,104.24,-1.23,204.0,0.73
2023-02-20,NR,Rajasthan,15283.0,0.0,297.02,79.51,-1.28,227.0,1.66
2023-02-21,NR,Rajasthan,15976.0,5.0,292.08,98.63,-0.62,,121.0
2023-02-22,NR,Rajasthan,15843.0,2.0,304.14,104.74,-0.29,,223.0
2023-02-23,NR,Rajasthan,16008.0,0.0,306.25,104.85,-1.17,204.0,7.88
2023-02-24,NR,Rajasthan,16009.0,4.0,295.26,107.26,-0.73,335.0,25.58
2023-02-25,NR,Rajasthan,15944.0,153.0,292.2,104.95,-0.12,169.0,28.29
2023-02-26,NR,Rajasthan,16198.0,33.0,306.62,131.54,-1.07,199.0,3.96
2023-02-27,NR,Rajasthan,15920.0,116.0,296.81,124.01,-1.47,192.0,10.51
2023-02-28,NR,Rajasthan,15815.0,0.0,299.87,120.0,-1.94,122.0,10.13
2023-03-01,NR,Rajasthan,15551.0,0.0,300.95,90.21,-3.76,167.0,0.0
2023-03-02,NR,Rajasthan,15236.0,24.0,300.07,81.76,0.23,197.0,2.83
2023-03-03,NR,Rajasthan,15462.0,196.0,303.27,92.84,-0.86,184.0,5.07
2023-03-04,NR,Rajasthan,14144.0,0.0,280.69,81.73,-3.08,106.0,0.88
2023-03-05,NR,Rajasthan,14174.0,0.0,270.72,77.06,-0.95,350.0,0.0
2023-03-06,NR,Rajasthan,14787.0,0.0,272.98,69.02,-2.34,284.0,0.0
2023-03-07,NR,Rajasthan,12629.0,0.0,236.04,41.44,-4.59,390.0,0.92
2023-03-08,NR,Rajasthan,12543.0,0.0,232.86,53.09,-1.98,326.0,0.0
2023-03-09,NR,Rajasthan,13008.0,0.0,249.0,69.46,-2.44,236.0,0.34
2023-03-10,NR,Rajasthan,13570.0,0.0,262.87,73.32,-1.4,126.0,0.33
2023-03-11,NR,Rajasthan,13800.0,0.0,267.93,80.03,-1.25,251.0,0.0
2023-03-12,NR,Rajasthan,13463.0,0.0,265.7,83.73,-3.17,50.0,0.0
2023-03-13,NR,Rajasthan,13568.0,0.0,267.88,77.71,-2.69,128.0,0.0
2023-03-14,NR,Rajasthan,13671.0,0.0,271.41,77.48,-1.69,158.0,0.0
2023-03-15,NR,Rajasthan,13549.0,0.0,264.86,74.18,-3.27,102.0,0.57
2023-03-16,NR,Rajasthan,12862.0,0.0,253.44,65.23,-4.67,100.0,0.76
2023-03-17,NR,Rajasthan,11615.0,0.0,226.28,48.42,-6.71,206.0,0.76
2023-03-18,NR,Rajasthan,11092.0,0.0,225.78,44.8,-5.01,180.0,0.0
2023-03-19,NR,Rajasthan,11566.0,0.0,216.47,53.85,-3.0,284.0,0.0
2023-03-20,NR,Rajasthan,10336.0,0.0,203.24,52.09,-2.67,193.0,0.0
2023-03-21,NR,Rajasthan,10633.0,0.0,205.9,56.4,-4.6,172.0,0.0
2023-03-22,NR,Rajasthan,10675.0,0.0,209.68,59.52,-3.23,180.0,0.0
2023-03-23,NR,Rajasthan,11336.0,0.0,213.54,62.14,-3.64,114.0,0.0
2023-03-24,NR,Rajasthan,11067.0,0.0,211.62,39.96,-5.59,231.0,0.0
2023-03-25,NR,Rajasthan,11024.0,0.0,212.12,56.57,-1.39,253.0,1.05
2023-03-26,NR,Rajasthan,10862.0,0.0,215.74,47.34,-3.86,120.0,0.43
2023-03-27,NR,Rajasthan,11276.0,0.0,221.38,52.52,-1.44,238.0,1.24
2023-03-28,NR,Rajasthan,11527.0,0.0,226.71,56.34,-3.36,79.0,0.67
2023-03-29,NR,Rajasthan,11157.0,0.0,227.43,33.61,-7.28,0.0,0.0
2023-03-30,NR,Rajasthan,10744.0,1.0,209.27,38.95,-3.99,356.0,1.71
2023-03-31,NR,Rajasthan,10037.0,0.0,188.89,36.91,-6.41,73.4325,0.0
2023-04-01,NR,Rajasthan,9671.0,0.0,198.07,46.87,-3.97,108.0,0.0
2023-04-02,NR,Rajasthan,10250.0,0.0,200.46,37.05,-9.12,276.0,0.0
2023-04-03,NR,Rajasthan,10868.0,0.0,212.33,35.34,-6.1,164.0,0.0
2023-04-04,NR,Rajasthan,10565.0,0.0,210.37,42.53,-5.68,15.0,0.0
2023-04-05,NR,Rajasthan,11118.0,0.0,219.95,44.93,-6.07,115.0,0.0
2023-04-06,NR,Rajasthan,10866.0,0.0,219.41,27.04,-5.56,158.0,0.0
2023-04-07,NR,Rajasthan,11329.0,0.0,229.28,31.53,-4.93,245.0,0.0
2023-04-08,NR,Rajasthan,11534.0,0.0,231.56,42.61,-2.05,214.0,0.0
2023-04-09,NR,Rajasthan,11670.0,0.0,231.23,53.78,-3.35,125.0,0.0
2023-04-10,NR,Rajasthan,11865.0,0.0,236.47,53.29,-4.83,160.0,0.6
2023-04-11,NR,Rajasthan,11759.0,0.0,245.42,61.6,-3.79,187.0,1.63
2023-04-12,NR,Rajasthan,12288.0,0.0,249.86,59.82,-1.85,204.0,0.0
2023-04-13,NR,Rajasthan,12502.0,0.0,248.53,71.29,-0.58,279.0,5.99
2023-04-14,NR,Rajasthan,12694.0,328.0,252.87,85.05,0.1,215.0,8.83
2023-04-15,NR,Rajasthan,13119.0,0.0,259.74,81.86,-1.7,205.0,6.53
2023-04-16,NR,Rajasthan,12623.0,0.0,260.6,67.9,-3.3,139.0,4.72
2023-04-17,NR,Rajasthan,13385.0,0.0,281.3,69.6,-1.3,243.0,2.67
2023-04-18,NR,Rajasthan,13630.0,0.0,277.0,66.5,-1.0,206.0,4.33
2023-04-19,NR,Rajasthan,13680.0,0.0,271.4,71.5,-2.7,201.0,6.04
2023-04-20,NR,Rajasthan,13198.0,0.0,273.5,64.8,-5.9,202.0,1.4
2023-04-21,NR,Rajasthan,13479.0,0.0,274.2,79.0,-6.5,221.0,0.0
2023-04-22,NR,Rajasthan,13353.0,0.0,262.9,77.5,-8.2,267.0,0.0
2023-04-23,NR,Rajasthan,12309.0,0.0,247.2,59.6,-8.2,154.0,0.0
2023-04-24,NR,Rajasthan,12866.0,0.0,259.6,63.7,-3.5,128.0,0.0
2023-04-25,NR,Rajasthan,13219.0,0.0,269.7,72.7,-5.0,304.0,0.0
2023-04-26,NR,Rajasthan,13487.0,0.0,268.8,61.5,-6.4,132.0,0.0
2023-04-27,NR,Rajasthan,13190.0,0.0,265.1,81.7,-4.9,271.0,0.0
2023-04-28,NR,Rajasthan,13083.0,0.0,257.7,70.4,-7.9,263.0,0.0
2023-04-29,NR,Rajasthan,11519.0,0.0,231.1,59.3,-6.0,327.0,0.0
2023-04-30,NR,Rajasthan,11173.0,0.0,213.56,54.33,-5.74,273.0,0.0
2023-05-01,NR,Rajasthan,10758.0,0.0,211.01,57.1,-3.79,470.0,0.31
2023-05-02,NR,Rajasthan,11374.0,0.0,217.45,69.36,-3.95,362.0,0.0
2023-05-03,NR,Rajasthan,11199.0,0.0,222.23,68.63,-2.06,298.0,0.0
2023-05-04,NR,Rajasthan,11690.0,0.0,235.87,81.33,-5.61,237.0,0.0
2023-05-05,NR,Rajasthan,12915.0,0.0,252.13,73.31,-3.21,297.0,0.0
2023-05-06,NR,Rajasthan,13531.0,0.0,263.9,76.73,-5.25,315.0,0.0
2023-05-07,NR,Rajasthan,13235.0,0.0,262.15,61.82,-6.72,335.0,0.0
2023-05-08,NR,Rajasthan,13976.0,0.0,272.89,68.79,-3.1,245.0,2.97
2023-05-09,NR,Rajasthan,14344.0,0.0,289.28,85.29,-1.55,304.0,0.5
2023-05-10,NR,Rajasthan,14560.0,0.0,271.15,93.55,-3.43,154.0,0.0
2023-05-11,NR,Rajasthan,14784.0,0.0,294.65,98.35,-0.97,228.0,0.0
2023-05-12,NR,Rajasthan,14969.0,0.0,301.19,106.02,-2.23,349.0,0.0
2023-05-13,NR,Rajasthan,15062.0,0.0,298.95,100.05,-1.99,325.0,0.65
2023-05-14,NR,Rajasthan,14320.0,0.0,278.59,86.85,-5.59,262.0,0.0
2023-05-15,NR,Rajasthan,13940.0,0.0,272.73,45.15,-9.98,764.0,0.91
2023-05-16,NR,Rajasthan,14278.0,0.0,276.9,52.54,-1.71,476.0,3.82
2023-05-17,NR,Rajasthan,15537.0,0.0,310.35,72.0,-3.88,369.0,1.95
2023-05-18,NR,Rajasthan,14860.0,0.0,287.31,82.19,0.1,280.0,6.0
2023-05-19,NR,Rajasthan,15171.0,0.0,307.82,100.67,-2.97,287.0,2.81
2023-05-20,NR,Rajasthan,15459.0,0.0,317.98,89.15,-3.26,374.0,0.0
2023-05-21,NR,Rajasthan,14779.0,0.0,314.95,70.27,-5.99,257.0,0.0
2023-05-22,NR,Rajasthan,15627.0,0.0,327.31,78.35,-3.77,191.0,0.94
2023-05-23,NR,Rajasthan,16355.0,0.0,330.85,93.78,-0.95,374.0,0.34
2023-05-24,NR,Rajasthan,14910.0,0.0,276.99,76.05,-13.26,280.0,0.0
2023-05-25,NR,Rajasthan,11928.0,0.0,225.04,25.46,-13.14,391.0,0.0
2023-05-26,NR,Rajasthan,10327.0,0.0,195.06,17.79,-10.62,432.0,0.0
2023-05-27,NR,Rajasthan,11217.0,0.0,230.66,57.66,-4.82,460.0,0.0
2023-05-28,NR,Rajasthan,10633.0,0.0,213.81,55.84,-10.29,403.0,0.55
2023-05-29,NR,Rajasthan,9707.0,0.0,204.7,28.28,-8.71,284.0,0.0
2023-05-30,NR,Rajasthan,9308.0,0.0,205.16,38.46,-8.89,245.0,0.0
2023-05-31,NR,Rajasthan,10113.0,0.0,219.68,43.36,-5.05,385.0,0.0
2023-06-01,NR,Rajasthan,10070.0,0.0,216.33,38.79,-6.74,298.0,0.0
2023-06-02,NR,Rajasthan,11302.0,0.0,239.77,44.01,-5.19,167.0,0.0
2023-06-03,NR,Rajasthan,12453.0,0.0,250.75,48.08,-6.91,210.0,0.0
2023-06-04,NR,Rajasthan,10292.0,0.0,214.37,18.67,-7.33,347.0,0.0
2023-06-05,NR,Rajasthan,12207.0,0.0,253.15,56.46,-2.45,253.0,0.0
2023-06-06,NR,Rajasthan,13167.0,0.0,251.04,51.37,-7.44,282.0,0.0
2023-06-07,NR,Rajasthan,13032.0,0.0,264.46,55.9,1.89,1237.0,0.0
2023-06-08,NR,Rajasthan,13986.0,0.0,287.8,65.32,-3.83,308.0,0.0
2023-06-09,NR,Rajasthan,14399.0,0.0,295.8,61.6,-2.64,221.0,0.0
2023-06-10,NR,Rajasthan,14578.0,0.0,309.33,65.59,-2.56,299.0,0.0
2023-06-11,NR,Rajasthan,14450.0,0.0,303.98,78.08,-2.04,481.0,0.0
2023-06-12,NR,Rajasthan,15664.0,0.0,325.13,95.28,-2.03,355.0,0.0
2023-06-13,NR,Rajasthan,15770.0,0.0,332.15,99.01,-2.53,284.0,0.0
2023-06-14,NR,Rajasthan,15616.0,0.0,331.46,89.38,-1.83,272.0,1.27
2023-06-15,NR,Rajasthan,15444.0,0.0,315.35,100.67,-2.38,404.0,1.49
2023-06-16,NR,Rajasthan,14445.0,0.0,292.25,78.21,-3.47,348.0,0.46
2023-06-17,NR,Rajasthan,12474.0,0.0,254.77,45.9,-9.61,484.0,0.0
2023-06-18,NR,Rajasthan,9311.0,0.0,203.64,40.39,-5.57,462.0,0.0
2023-06-19,NR,Rajasthan,10280.0,0.0,221.31,27.36,-5.28,453.0,0.0
2023-06-20,NR,Rajasthan,11616.0,0.0,247.47,31.58,-4.86,97.0,0.0
2023-06-21,NR,Rajasthan,12578.0,0.0,272.68,50.74,-3.64,312.0,0.0
2023-06-22,NR,Rajasthan,13099.0,0.0,289.25,68.08,-3.54,169.0,0.0
2023-06-23,NR,Rajasthan,13819.0,0.0,303.06,77.22,-4.91,257.0,0.0
2023-06-24,NR,Rajasthan,14733.0,0.0,311.93,79.31,-3.93,202.0,0.0
2023-06-25,NR,Rajasthan,12445.0,0.0,265.41,60.91,-3.57,594.0,0.0
2023-06-26,NR,Rajasthan,12113.0,0.0,259.12,69.68,-2.6,537.0,0.0
2023-06-27,NR,Rajasthan,11863.0,0.0,260.47,83.52,-2.72,254.0,0.0
2023-06-28,NR,Rajasthan,11736.0,0.0,259.09,84.47,-1.64,420.0,0.0
2023-06-29,NR,Rajasthan,11607.0,0.0,252.47,84.4,-1.97,359.0,0.0
2023-06-30,NR,Rajasthan,11521.0,0.0,249.24,72.89,-4.87,259.0,0.0
2023-07-01,NR,Rajasthan,11627.0,0.0,255.12,73.14,-2.3,267.0,0.0
2023-07-02,NR,Rajasthan,11832.0,0.0,260.75,74.0,-2.04,252.0,0.0
2023-07-03,NR,Rajasthan,12916.0,0.0,276.82,81.88,0.61,343.0,3.45
2023-07-04,NR,Rajasthan,13978.0,0.0,296.57,89.14,-5.23,320.0,0.0
2023-07-05,NR,Rajasthan,14149.0,0.0,301.35,106.69,-0.46,539.0,0.0
2023-07-06,NR,Rajasthan,13215.0,0.0,274.77,100.67,-1.05,539.0,0.0
2023-07-07,NR,Rajasthan,12424.0,37.0,260.14,96.19,-0.07,394.0,0.54
2023-07-08,NR,Rajasthan,11040.0,0.0,240.49,93.81,-0.76,347.0,0.0
2023-07-09,NR,Rajasthan,10377.0,0.0,234.48,76.19,-2.49,308.0,0.0
2023-07-10,NR,Rajasthan,10903.0,0.0,238.84,73.57,-1.3,259.0,0.0
2023-07-11,NR,Rajasthan,11743.0,0.0,254.91,74.55,-1.01,285.0,0.0
2023-07-12,NR,Rajasthan,12693.0,0.0,270.67,74.58,-0.2,419.0,1.81
2023-07-13,NR,Rajasthan,12885.0,0.0,283.1,83.75,-0.38,425.0,1.71
2023-07-14,NR,Rajasthan,12654.0,0.0,270.84,85.05,0.93,405.0,5.35
2023-07-15,NR,Rajasthan,13206.0,0.0,286.52,86.52,-1.09,321.0,0.61
2023-07-16,NR,Rajasthan,12281.0,0.0,275.16,86.63,-1.88,425.0,0.0
2023-07-17,NR,Rajasthan,12218.0,0.0,275.58,91.45,-1.19,329.0,1.28
2023-07-18,NR,Rajasthan,13098.0,0.0,284.96,96.64,-1.8,363.0,0.0
2023-07-19,NR,Rajasthan,13107.0,0.0,280.39,101.32,2.78,459.0,2.35
2023-07-20,NR,Rajasthan,13286.0,0.0,283.59,111.54,-0.29,585.0,3.45
2023-07-21,NR,Rajasthan,13738.0,0.0,291.66,118.07,-0.5,296.0,2.82
2023-07-22,NR,Rajasthan,13032.0,0.0,281.24,117.14,-2.33,416.0,0.0
2023-07-23,NR,Rajasthan,12885.0,0.0,277.89,100.16,-3.82,325.0,0.0
2023-07-24,NR,Rajasthan,13358.0,0.0,286.61,113.31,-0.71,239.0,1.04
2023-07-25,NR,Rajasthan,12713.0,0.0,284.69,117.3,-1.05,306.0,0.0
2023-07-26,NR,Rajasthan,12542.0,0.0,276.38,114.51,-3.02,307.0,0.0
2023-07-27,NR,Rajasthan,11500.0,0.0,260.17,101.29,-2.17,337.0,0.0
2023-07-28,NR,Rajasthan,11235.0,0.0,249.42,76.73,-8.2,378.0,0.0
2023-07-29,NR,Rajasthan,10369.0,0.0,234.23,49.03,-6.02,361.0,0.0
2023-07-30,NR,Rajasthan,10911.0,0.0,243.89,75.28,-2.87,301.0,0.0
2023-07-31,NR,Rajasthan,11800.0,0.0,259.83,74.89,-4.31,379.0,0.0
2023-08-01,NR,Rajasthan,12466.0,0.0,279.07,74.63,-4.65,333.0,0.0
2023-08-02,NR,Rajasthan,12748.0,0.0,302.21,74.43,-2.66,396.0,0.0
2023-08-03,NR,Rajasthan,13013.0,0.0,290.07,81.2,-3.29,374.0,0.0
2023-08-04,NR,Rajasthan,13210.0,0.0,295.61,93.47,-0.52,404.0,0.0
2023-08-05,NR,Rajasthan,13788.0,0.0,301.07,91.48,-4.11,115.0,0.0
2023-08-06,NR,Rajasthan,13671.0,0.0,301.93,72.97,-4.23,273.0,0.0
2023-08-07,NR,Rajasthan,13864.0,0.0,308.74,72.64,-5.15,121.0,0.0
2023-08-08,NR,Rajasthan,14626.0,0.0,316.7,77.32,-5.15,129.0,0.0
2023-08-09,NR,Rajasthan,15277.0,0.0,324.71,83.08,-2.81,223.0,3.29
2023-08-10,NR,Rajasthan,15883.0,0.0,326.41,95.77,1.49,308.0,9.37
2023-08-11,NR,Rajasthan,16216.0,0.0,330.39,118.1,2.67,571.0,14.68
2023-08-12,NR,Rajasthan,16399.0,0.0,345.62,117.73,-1.67,254.0,2.15
2023-08-13,NR,Rajasthan,16350.0,0.0,347.21,109.41,-4.24,279.0,0.0
2023-08-14,NR,Rajasthan,16802.0,0.0,341.27,120.2,0.9,388.0,7.06
2023-08-15,NR,Rajasthan,16230.0,0.0,341.5,154.71,0.39,581.0,1.9
2023-08-16,NR,Rajasthan,16273.0,0.0,332.79,123.49,-1.11,303.0,9.02
2023-08-17,NR,Rajasthan,16911.0,0.0,342.83,115.04,2.54,332.0,11.42
2023-08-18,NR,Rajasthan,17148.0,154.0,351.79,124.61,1.72,477.0,8.02
2023-08-19,NR,Rajasthan,16612.0,0.0,343.28,129.55,0.53,432.0,7.45
2023-08-20,NR,Rajasthan,15462.0,0.0,325.19,134.5,-6.99,317.0,3.48
2023-08-21,NR,Rajasthan,15998.0,0.0,325.08,120.3,1.21,359.0,16.95
2023-08-22,NR,Rajasthan,16425.0,0.0,341.06,110.5,-1.33,359.0,7.23
2023-08-23,NR,Rajasthan,14928.0,0.0,331.44,79.43,-7.55,197.0,0.0
2023-08-24,NR,Rajasthan,15398.0,0.0,333.59,85.16,-4.28,228.0,0.0
2023-08-25,NR,Rajasthan,15672.0,0.0,337.61,98.27,-5.6,288.0,0.0
2023-08-26,NR,Rajasthan,16102.0,0.0,341.41,109.62,-0.87,565.0,0.0
2023-08-27,NR,Rajasthan,16164.0,0.0,342.38,107.35,-4.2,295.0,0.0
2023-08-28,NR,Rajasthan,16193.0,0.0,349.77,98.7,-6.16,516.0,0.0
2023-08-29,NR,Rajasthan,16550.0,0.0,348.5,111.58,-1.32,344.0,0.0
2023-08-30,NR,Rajasthan,15980.0,0.0,335.28,111.88,3.07,628.0,2.37
2023-08-31,NR,Rajasthan,16553.0,0.0,338.09,120.02,1.0,418.0,9.49
2023-09-01,NR,Rajasthan,16485.0,667.0,332.97,121.29,4.23,432.0,34.81
2023-09-02,NR,Rajasthan,17772.0,116.0,361.42,126.46,3.12,359.0,13.37
2023-09-03,NR,Rajasthan,17179.0,0.0,369.6,128.74,-1.41,534.0,1.63
2023-09-04,NR,Rajasthan,17363.0,0.0,371.55,149.07,-1.63,451.0,0.0
2023-09-05,NR,Rajasthan,17566.0,0.0,365.2,162.03,-0.93,403.0,0.0
2023-09-06,NR,Rajasthan,16908.0,0.0,350.62,144.31,0.16,585.0,1.59
2023-09-07,NR,Rajasthan,16272.0,0.0,346.38,146.17,-0.96,287.0,0.66
2023-09-08,NR,Rajasthan,16591.0,0.0,345.79,150.93,-1.11,352.0,0.0
2023-09-09,NR,Rajasthan,15797.0,0.0,340.81,147.58,-2.62,319.0,0.0
2023-09-10,NR,Rajasthan,15228.0,0.0,335.03,130.14,-2.65,268.0,0.0
2023-09-11,NR,Rajasthan,15715.0,0.0,335.78,122.73,-1.91,384.0,0.0
2023-09-12,NR,Rajasthan,15822.0,0.0,338.4,121.82,-3.43,285.0,0.0
2023-09-13,NR,Rajasthan,15135.0,0.0,331.41,114.72,-0.27,535.0,0.57
2023-09-14,NR,Rajasthan,14877.0,0.0,323.21,124.34,-1.66,351.0,1.36
2023-09-15,NR,Rajasthan,14371.0,0.0,307.65,120.38,-3.57,344.0,0.0
2023-09-16,NR,Rajasthan,13173.0,0.0,275.86,100.78,-6.68,325.0,0.0
2023-09-17,NR,Rajasthan,10600.0,0.0,235.3,75.77,-8.99,307.0,0.0
2023-09-18,NR,Rajasthan,10799.0,0.0,239.14,78.1,-3.51,236.0,0.0
2023-09-19,NR,Rajasthan,11287.0,0.0,242.78,90.03,-4.25,298.0,0.0
2023-09-20,NR,Rajasthan,12202.0,0.0,267.57,91.21,-0.41,414.0,0.0
2023-09-21,NR,Rajasthan,12492.0,0.0,282.0,94.73,-4.84,77.0,0.0
2023-09-22,NR,Rajasthan,12906.0,0.0,287.33,89.36,-3.51,249.0,0.0
2023-09-23,NR,Rajasthan,12758.0,0.0,290.92,88.32,-3.36,186.0,0.0
2023-09-24,NR,Rajasthan,12225.0,0.0,279.59,81.87,-3.39,190.0,0.0
2023-09-25,NR,Rajasthan,12697.0,0.0,281.64,77.24,-2.58,304.0,0.0
2023-09-26,NR,Rajasthan,12758.0,0.0,287.59,83.81,-3.26,260.0,0.0
2023-09-27,NR,Rajasthan,12958.0,0.0,289.75,84.41,-3.97,196.0,0.0
2023-09-28,NR,Rajasthan,12898.0,0.0,288.48,74.66,-4.56,342.0,0.0
2023-09-29,NR,Rajasthan,13157.0,0.0,289.69,72.32,-4.04,111.0,0.0
2023-09-30,NR,Rajasthan,13214.0,0.0,291.44,79.05,-2.45,696.0,0.0
2023-10-01,NR,Rajasthan,13042.0,0.0,287.2,64.43,11.93,1009.0,0.0
2023-10-02,NR,Rajasthan,13002.0,0.0,284.21,72.78,-4.0,328.0,0.0
2023-10-03,NR,Rajasthan,13582.0,0.0,289.46,80.54,-3.6,235.0,0.0
2023-10-04,NR,Rajasthan,13703.0,0.0,291.65,88.73,-3.44,404.0,0.0
2023-10-05,NR,Rajasthan,13859.0,0.0,295.14,76.09,-5.55,202.0,0.0
2023-10-06,NR,Rajasthan,14133.0,0.0,302.23,55.99,-4.71,3.0,0.0
2023-10-07,NR,Rajasthan,14463.0,0.0,303.96,58.28,-2.16,397.0,0.0
2023-10-08,NR,Rajasthan,14323.0,0.0,304.89,68.37,-3.2,374.0,0.0
2023-10-09,NR,Rajasthan,14639.0,0.0,307.53,77.02,-5.2,138.0,0.0
2023-10-10,NR,Rajasthan,14839.0,0.0,309.12,88.64,-1.03,153.0,3.34
2023-10-11,NR,Rajasthan,14794.0,0.0,304.03,96.08,2.14,654.0,3.1
2023-10-12,NR,Rajasthan,14849.0,0.0,307.55,91.49,-2.77,329.0,0.0
2023-10-13,NR,Rajasthan,15151.0,0.0,311.29,99.13,-0.18,431.0,0.34
2023-10-14,NR,Rajasthan,14476.0,0.0,303.44,87.76,-7.41,19.0,0.0
2023-10-15,NR,Rajasthan,14689.0,0.0,303.26,86.98,-4.13,293.0,0.0
2023-10-16,NR,Rajasthan,14374.0,0.0,277.82,86.31,-10.65,238.0,0.0
2023-10-17,NR,Rajasthan,13367.0,0.0,266.22,66.85,-8.46,191.0,0.0
2023-10-18,NR,Rajasthan,13372.0,0.0,275.66,79.98,-3.61,221.0,0.0
2023-10-19,NR,Rajasthan,13721.0,0.0,276.59,96.75,-2.07,242.0,0.59
2023-10-20,NR,Rajasthan,14219.0,0.0,284.16,105.54,-1.97,262.0,0.0
2023-10-21,NR,Rajasthan,14273.0,0.0,288.76,100.44,-2.02,437.0,0.0
2023-10-22,NR,Rajasthan,13812.0,0.0,282.25,97.77,-4.62,139.0,0.0
2023-10-23,NR,Rajasthan,14235.0,0.0,285.47,87.56,-2.99,157.0,0.0
2023-10-24,NR,Rajasthan,14314.0,0.0,281.64,85.72,-4.08,239.0,0.0
2023-10-25,NR,Rajasthan,14659.0,0.0,291.16,89.85,-0.4,367.0,0.0
2023-10-26,NR,Rajasthan,14538.0,0.0,295.74,94.52,-2.99,372.0,0.0
2023-10-27,NR,Rajasthan,14772.0,0.0,298.05,92.43,-1.77,333.0,0.0
2023-10-28,NR,Rajasthan,14996.0,0.0,299.28,109.5,-0.14,535.0,0.0
2023-10-29,NR,Rajasthan,14785.0,0.0,299.95,105.36,-1.92,261.0,0.0
2023-10-30,NR,Rajasthan,15433.0,0.0,309.04,113.32,0.59,377.0,0.0
2023-10-31,NR,Rajasthan,15558.0,0.0,312.49,110.84,-2.58,322.0,0.0
2023-11-01,NR,Rajasthan,15522.0,0.0,314.57,121.6,-2.87,341.0,0.0
2023-11-02,NR,Rajasthan,15449.0,0.0,313.55,111.5,-1.64,367.0,0.0
2023-11-03,NR,Rajasthan,15413.0,0.0,313.64,121.6,-1.29,442.0,0.6
2023-11-04,NR,Rajasthan,15579.0,0.0,316.79,122.95,-4.45,216.0,0.0
2023-11-05,NR,Rajasthan,15372.0,0.0,313.45,119.28,-3.58,228.0,0.0
2023-11-06,NR,Rajasthan,15610.0,0.0,315.81,121.31,-4.26,143.0,0.0
2023-11-07,NR,Rajasthan,15781.0,0.0,324.01,130.0,0.32,315.0,0.0
2023-11-08,NR,Rajasthan,15678.0,0.0,320.15,136.81,-2.1,412.0,0.0
2023-11-09,NR,Rajasthan,15580.0,0.0,313.79,126.81,-2.91,408.0,0.0
2023-11-10,NR,Rajasthan,15461.0,0.0,304.28,120.43,-7.01,333.0,0.0
2023-11-11,NR,Rajasthan,14917.0,0.0,291.83,108.57,-7.25,243.0,0.0
2023-11-12,NR,Rajasthan,14385.0,0.0,270.78,98.93,-4.63,418.0,0.0
2023-11-13,NR,Rajasthan,13483.0,0.0,256.49,97.43,-3.03,257.0,0.0
2023-11-14,NR,Rajasthan,14380.0,0.0,272.18,109.05,-5.37,138.0,0.0
2023-11-15,NR,Rajasthan,14793.0,0.0,282.31,113.88,-4.59,328.0,0.0
2023-11-16,NR,Rajasthan,15203.0,0.0,291.28,113.95,-4.1,64.0,0.0
2023-11-17,NR,Rajasthan,15525.0,0.0,296.42,123.15,-3.47,171.0,0.0
2023-11-18,NR,Rajasthan,15396.0,0.0,296.8,131.33,-1.78,266.0,0.0
2023-11-19,NR,Rajasthan,15458.0,0.0,291.73,128.09,-3.8,297.0,0.0
2023-11-20,NR,Rajasthan,15451.0,0.0,295.45,113.37,-4.76,219.0,0.0
2023-11-21,NR,Rajasthan,15630.0,0.0,302.84,109.67,-5.74,104.0,0.0
2023-11-22,NR,Rajasthan,15965.0,0.0,301.24,113.23,-3.57,147.0,0.0
2023-11-23,NR,Rajasthan,15894.0,0.0,302.41,110.3,-4.46,82.0,0.0
2023-11-24,NR,Rajasthan,16232.0,0.0,306.36,110.81,-6.36,134.0,0.0
2023-11-25,NR,Rajasthan,14676.0,0.0,274.59,85.23,-7.1,251.0,0.0
2023-11-26,NR,Rajasthan,15259.0,0.0,264.66,103.42,-6.72,334.0,0.0
2023-11-27,NR,Rajasthan,12994.0,0.0,234.93,90.58,-3.44,424.0,0.0
2023-11-28,NR,Rajasthan,13157.0,0.0,248.09,108.78,-5.03,324.0,0.0
2023-11-29,NR,Rajasthan,13847.0,0.0,262.02,121.94,-4.33,204.0,0.0
2023-11-30,NR,Rajasthan,14047.0,0.0,266.49,122.51,-4.85,182.0,0.0
2023-12-01,NR,Rajasthan,14615.0,0.0,272.24,107.18,-3.78,392.0,0.0
2023-12-02,NR,Rajasthan,14889.0,0.0,276.16,102.8,-4.84,208.0,0.0
2023-12-03,NR,Rajasthan,14884.0,0.0,266.33,99.84,-4.93,306.0,0.0
2023-12-04,NR,Rajasthan,14144.0,0.0,261.0,101.44,-3.15,264.0,0.0
2023-12-05,NR,Rajasthan,14412.0,0.0,268.97,107.6,-4.88,94.0,0.0
2023-12-06,NR,Rajasthan,14976.0,0.0,275.11,109.63,-3.07,602.0,0.0
2023-12-07,NR,Rajasthan,14777.0,0.0,279.24,113.76,-3.28,205.0,0.0
2023-12-08,NR,Rajasthan,15584.0,0.0,286.64,123.59,-3.19,187.0,0.0
2023-12-09,NR,Rajasthan,15609.0,0.0,287.32,123.9,-3.25,88.0,0.0
2023-12-10,NR,Rajasthan,15575.0,0.0,285.59,115.31,-3.07,176.0,0.0
2023-12-11,NR,Rajasthan,16055.0,0.0,292.81,119.95,-0.14,226.0,0.0
2023-12-12,NR,Rajasthan,15869.0,0.0,290.55,115.93,-4.33,202.0,0.0
2023-12-13,NR,Rajasthan,16419.0,0.0,298.31,111.65,-2.16,289.0,0.0
2023-12-14,NR,Rajasthan,16682.0,0.0,306.05,109.53,-2.07,220.0,0.0
2023-12-15,NR,Rajasthan,16765.0,0.0,312.87,120.2,-3.58,125.0,0.0
2023-12-16,NR,Rajasthan,16563.0,0.0,309.46,122.07,-3.89,106.0,0.0
2023-12-17,NR,Rajasthan,16416.0,0.0,308.82,123.31,-2.12,248.0,0.0
2023-12-18,NR,Rajasthan,16952.0,0.0,314.94,123.35,-4.79,189.0,0.0
2023-12-19,NR,Rajasthan,17130.0,0.0,318.96,126.66,-2.49,369.0,0.0
2023-12-20,NR,Rajasthan,17327.0,0.0,319.71,129.05,-3.11,288.0,0.0
2023-12-21,NR,Rajasthan,17169.0,0.0,317.85,117.9,-2.4,215.0,0.0
2023-12-22,NR,Rajasthan,17257.0,0.0,320.57,125.0,-3.86,84.0,0.0
2023-12-23,NR,Rajasthan,17167.0,0.0,319.64,114.84,-4.3,329.0,0.0
2023-12-24,NR,Rajasthan,16833.0,0.0,313.95,104.09,-4.8,141.0,0.0
2023-12-25,NR,Rajasthan,17029.0,0.0,317.72,117.79,-2.05,218.0,0.0
2023-12-26,NR,Rajasthan,17376.0,0.0,325.21,120.01,-0.87,276.0,0.0
2023-12-27,NR,Rajasthan,16918.0,0.0,321.69,124.14,-2.34,236.0,0.0
2023-12-28,NR,Rajasthan,17261.0,0.0,322.83,117.95,-2.75,146.0,0.0
2023-12-29,NR,Rajasthan,17003.0,0.0,319.04,125.13,-2.74,226.0,0.0
2023-12-30,NR,Rajasthan,16845.0,0.0,318.52,130.61,-1.99,300.0,3.97
2023-12-31,NR,Rajasthan,16882.0,0.0,311.26,137.14,-4.24,234.0,0.0
2024-01-01,NR,Rajasthan,16767.0,0.0,312.69,143.77,-2.69,467.0,2.03
2024-01-02,NR,Rajasthan,16318.0,0.0,309.12,126.25,-5.0,218.0,0.0
2024-01-03,NR,Rajasthan,17088.0,0.0,322.37,122.0,-1.18,205.0,3.65
2024-01-04,NR,Rajasthan,16836.0,0.0,317.83,124.24,0.86,300.0,8.54
2024-01-05,NR,Rajasthan,16795.0,0.0,317.18,125.88,-0.83,233.0,4.25
2024-01-06,NR,Rajasthan,17027.0,37.0,325.19,123.76,-3.14,299.0,2.22
2024-01-07,NR,Rajasthan,17093.0,0.0,320.6,127.96,-2.8,238.0,0.79
2024-01-08,NR,Rajasthan,17160.0,0.0,319.77,114.9,-2.41,410.0,3.69
2024-01-09,NR,Rajasthan,16884.0,0.0,319.72,112.02,-2.03,318.0,0.0
2024-01-10,NR,Rajasthan,17718.0,0.0,327.32,114.72,-0.84,463.0,0.0
2024-01-11,NR,Rajasthan,17337.0,0.0,321.92,122.94,-2.12,170.0,0.0
2024-01-12,NR,Rajasthan,17631.0,0.0,330.43,125.26,-1.17,320.0,0.0
2024-01-13,NR,Rajasthan,17430.0,5.0,326.04,127.88,0.56,330.0,3.69
2024-01-14,NR,Rajasthan,16821.0,0.0,320.76,123.01,-1.85,354.0,0.0
2024-01-15,NR,Rajasthan,17273.0,0.0,322.55,116.95,-1.06,151.0,0.46
2024-01-16,NR,Rajasthan,17458.0,0.0,328.65,117.83,-0.71,313.0,0.97
2024-01-17,NR,Rajasthan,17370.0,302.0,328.73,113.25,-1.13,281.0,5.42
2024-01-18,NR,Rajasthan,17428.0,38.0,328.47,117.92,-0.84,226.0,5.81
2024-01-19,NR,Rajasthan,17517.0,0.0,330.44,113.09,-0.22,290.0,7.41
2024-01-20,NR,Rajasthan,17949.0,0.0,335.77,113.34,-0.54,265.0,5.18
2024-01-21,NR,Rajasthan,17335.0,0.0,327.88,118.25,-0.3,464.0,0.0
2024-01-22,NR,Rajasthan,17202.0,0.0,321.94,113.03,-2.82,311.0,0.0
2024-01-23,NR,Rajasthan,17020.0,0.0,322.32,122.9,1.15,309.0,14.1
2024-01-24,NR,Rajasthan,17027.0,0.0,325.12,120.92,0.44,255.0,14.42
2024-01-25,NR,Rajasthan,17503.0,0.0,330.85,120.35,-1.54,182.0,7.57
2024-01-26,NR,Rajasthan,17429.0,0.0,328.62,127.07,-2.49,296.0,4.48
2024-01-27,NR,Rajasthan,17507.0,0.0,328.81,136.23,-0.79,192.0,2.4
2024-01-28,NR,Rajasthan,17663.0,0.0,328.17,141.15,-0.86,259.0,0.0
2024-01-29,NR,Rajasthan,17851.0,0.0,330.94,135.38,-0.99,680.0,2.84
2024-01-30,NR,Rajasthan,17155.0,0.0,329.17,135.93,-0.9,350.0,3.71
2024-01-31,NR,Rajasthan,17486.0,0.0,324.97,129.1,-0.95,272.0,3.41
2024-02-01,NR,Rajasthan,17238.0,0.0,319.78,128.54,-1.49,231.0,0.62
2024-02-02,NR,Rajasthan,17321.0,0.0,324.47,118.89,-3.51,196.0,1.23
2024-02-03,NR,Rajasthan,17098.0,0.0,320.78,127.54,-4.71,159.0,0.0
2024-02-04,NR,Rajasthan,7976.0,0.0,287.31,115.1,-8.08,198.0,0.0
2024-02-05,NR,Rajasthan,15863.0,0.0,288.13,100.43,-5.12,98.0,0.0
2024-02-06,NR,Rajasthan,16736.0,0.0,307.28,110.47,-3.94,159.0,0.0
2024-02-07,NR,Rajasthan,17242.0,0.0,313.03,107.66,-2.84,237.0,0.0
2024-02-08,NR,Rajasthan,17381.0,0.0,316.08,114.65,-1.86,228.0,0.0
2024-02-09,NR,Rajasthan,17211.0,0.0,316.2,114.48,-2.07,281.0,1.7
2024-02-10,NR,Rajasthan,17542.0,0.0,323.71,116.74,-3.27,195.0,0.0
2024-02-11,NR,Rajasthan,17351.0,0.0,322.15,112.82,-3.77,279.0,0.0
2024-02-12,NR,Rajasthan,17505.0,0.0,322.83,111.4,-6.34,191.0,0.0
2024-02-13,NR,Rajasthan,17546.0,0.0,327.55,109.85,-0.61,321.0,0.0
2024-02-14,NR,Rajasthan,17724.0,0.0,324.27,112.64,-2.18,61.0,0.0
2024-02-15,NR,Rajasthan,17641.0,0.0,325.39,108.19,-3.11,65.0,0.0
2024-02-16,NR,Rajasthan,17787.0,0.0,327.09,111.31,-2.23,323.0,0.0
2024-02-17,NR,Rajasthan,17355.0,0.0,324.29,121.56,-2.0,237.0,0.0
2024-02-18,NR,Rajasthan,16975.0,0.0,311.34,94.17,-7.03,487.0,0.0
2024-02-19,NR,Rajasthan,16747.0,0.0,302.27,81.28,-6.61,289.0,0.0
2024-02-20,NR,Rajasthan,16874.0,0.0,314.8,116.3,-1.95,118.0,0.0
2024-02-21,NR,Rajasthan,16644.0,0.0,312.35,113.08,-4.36,284.0,0.0
2024-02-22,NR,Rajasthan,17019.0,0.0,316.12,107.0,-1.68,288.0,0.0
2024-02-23,NR,Rajasthan,16965.0,0.0,320.07,99.81,-3.65,137.0,0.0
2024-02-24,NR,Rajasthan,17129.0,0.0,318.67,95.72,-4.2,153.0,0.0
2024-02-25,NR,Rajasthan,17006.0,0.0,314.19,97.41,-3.45,209.0,0.0
2024-02-26,NR,Rajasthan,16831.0,0.0,313.45,100.66,-6.59,169.0,0.0
2024-02-27,NR,Rajasthan,16828.0,0.0,310.62,83.86,-4.33,252.0,0.0
2024-02-28,NR,Rajasthan,16941.0,0.0,315.17,104.82,-2.63,246.0,0.0
2024-02-29,NR,Rajasthan,16813.0,0.0,317.8,105.67,-3.94,188.0,0.0
2024-03-01,NR,Rajasthan,16773.0,0.0,298.84,88.72,-6.06,251.0,0.0
2024-03-02,NR,Rajasthan,13859.0,0.0,250.03,53.55,-8.29,627.0,0.0
2024-03-03,NR,Rajasthan,14585.0,0.0,275.67,85.28,-0.83,396.0,0.0
2024-03-04,NR,Rajasthan,15696.0,0.0,291.75,90.88,-1.84,284.0,0.0
2024-03-05,NR,Rajasthan,16350.0,0.0,298.28,83.93,-1.33,291.0,0.0
2024-03-06,NR,Rajasthan,16088.0,0.0,302.38,109.7,0.16,599.0,0.0
2024-03-07,NR,Rajasthan,16119.0,0.0,302.29,100.1,1.15,337.0,0.0
2024-03-08,NR,Rajasthan,16263.0,0.0,301.71,93.39,-1.83,251.0,0.0
2024-03-09,NR,Rajasthan,16282.0,0.0,299.82,78.94,-2.57,193.0,0.0
2024-03-10,NR,Rajasthan,15560.0,0.0,290.05,77.34,-0.78,277.0,0.0
2024-03-11,NR,Rajasthan,15744.0,0.0,294.29,84.36,-1.0,326.0,0.0
2024-03-12,NR,Rajasthan,16067.0,0.0,307.59,83.57,0.75,430.0,0.0
2024-03-13,NR,Rajasthan,15573.0,0.0,297.28,80.46,-2.09,339.0,0.0
2024-03-14,NR,Rajasthan,15587.0,0.0,298.24,82.02,-1.79,348.0,0.0
2024-03-15,NR,Rajasthan,15627.0,0.0,299.88,60.26,-1.34,317.0,0.0
2024-03-16,NR,Rajasthan,15248.0,0.0,296.09,62.19,-1.02,279.0,0.0
2024-03-17,NR,Rajasthan,14717.0,0.0,290.43,57.38,-2.14,329.0,0.0
2024-03-18,NR,Rajasthan,15117.0,0.0,292.48,70.59,0.49,343.0,0.0
2024-03-19,NR,Rajasthan,15426.0,0.0,294.08,70.37,-0.72,424.0,0.0
2024-03-20,NR,Rajasthan,15385.0,0.0,295.56,65.05,-0.19,286.0,0.0
2024-03-21,NR,Rajasthan,14924.0,0.0,292.53,69.49,-2.43,429.0,0.0
2024-03-22,NR,Rajasthan,14912.0,0.0,292.82,70.87,-0.7,247.0,0.0
2024-03-23,NR,Rajasthan,14400.0,0.0,289.83,75.76,-0.27,320.0,0.0
2024-03-24,NR,Rajasthan,14081.0,0.0,269.31,71.32,-0.68,364.0,0.0
2024-03-25,NR,Rajasthan,12295.0,0.0,239.32,56.03,-1.72,358.0,0.0
2024-03-26,NR,Rajasthan,13230.0,0.0,261.89,66.16,-1.92,260.0,0.0
2024-03-27,NR,Rajasthan,14043.0,0.0,280.86,73.74,-1.65,261.0,0.0
2024-03-28,NR,Rajasthan,13986.0,0.0,288.09,71.2,-1.86,321.0,0.0
2024-03-29,NR,Rajasthan,14022.0,0.0,287.89,65.56,-3.28,256.0,0.0
2024-03-30,NR,Rajasthan,13426.0,0.0,283.09,55.1,-3.3,378.0,0.0
2024-03-31,NR,Rajasthan,13300.0,0.0,274.86,59.74,-1.7,178.0,0.0
2024-04-01,NR,Rajasthan,13167.0,0.0,263.51,63.71,-2.14,469.0,0.0
2024-04-02,NR,Rajasthan,13254.0,0.0,270.03,80.35,0.58,440.0,0.0
2024-04-03,NR,Rajasthan,13049.0,0.0,272.4,69.95,-0.48,312.0,0.0
2024-04-04,NR,Rajasthan,13288.0,0.0,271.44,76.59,2.32,314.0,0.0
2024-04-05,NR,Rajasthan,13128.0,0.0,269.18,69.6,-2.95,195.0,0.0
2024-04-06,NR,Rajasthan,12738.0,0.0,265.95,57.28,0.23,424.0,0.0
2024-04-07,NR,Rajasthan,12783.0,0.0,262.37,48.96,-2.2,150.0,0.0
2024-04-08,NR,Rajasthan,12606.0,0.0,262.96,48.33,-3.02,190.0,0.0
2024-04-09,NR,Rajasthan,13171.0,0.0,271.35,58.02,-0.29,246.0,0.0
2024-04-10,NR,Rajasthan,13147.0,0.0,269.53,58.62,-1.73,435.0,0.0
2024-04-11,NR,Rajasthan,12765.0,0.0,260.21,49.9,-2.28,354.0,0.0
2024-04-12,NR,Rajasthan,12606.0,0.0,264.44,51.17,0.97,393.0,0.0
2024-04-13,NR,Rajasthan,12858.0,0.0,257.89,59.13,-1.43,445.0,0.0
2024-04-14,NR,Rajasthan,11525.0,0.0,242.25,47.02,-0.09,419.0,0.0
2024-04-15,NR,Rajasthan,12522.0,0.0,263.14,59.44,-1.23,258.0,0.0
2024-04-16,NR,Rajasthan,12921.0,0.0,271.81,53.65,-3.35,165.0,0.0
2024-04-17,NR,Rajasthan,13252.0,0.0,268.39,53.44,-0.92,382.0,0.0
2024-04-18,NR,Rajasthan,13105.0,0.0,268.12,45.06,-4.14,455.0,0.0
2024-04-19,NR,Rajasthan,12874.0,0.0,260.63,28.13,-7.93,340.0,0.0
2024-04-20,NR,Rajasthan,13396.0,0.0,276.94,69.82,-0.01,508.0,0.0
2024-04-21,NR,Rajasthan,13366.0,0.0,270.73,63.68,-0.32,332.0,0.0
2024-04-22,NR,Rajasthan,13347.0,0.0,273.91,69.03,-0.32,274.0,0.0
2024-04-23,NR,Rajasthan,13424.0,0.0,277.45,79.78,-0.14,247.0,0.0
2024-04-24,NR,Rajasthan,13488.0,0.0,282.86,81.24,0.29,435.0,0.0
2024-04-25,NR,Rajasthan,13969.0,0.0,291.95,69.09,-0.28,395.0,0.0
2024-04-26,NR,Rajasthan,13501.0,0.0,280.31,42.08,-4.76,430.0,0.0
2024-04-27,NR,Rajasthan,13707.0,0.0,280.36,59.62,2.88,581.0,0.91
2024-04-28,NR,Rajasthan,14021.0,0.0,287.18,72.52,0.26,326.0,1.11
2024-04-29,NR,Rajasthan,14240.0,0.0,288.37,59.91,-0.35,366.0,2.82
2024-04-30,NR,Rajasthan,14110.0,0.0,291.07,69.3,-1.07,316.0,0.36
2024-05-01,NR,Rajasthan,14118.0,0.0,283.48,69.44,-2.62,512.0,0.0
2024-05-02,NR,Rajasthan,13855.0,0.0,284.53,68.74,-1.38,261.0,0.71
2024-05-03,NR,Rajasthan,13954.0,0.0,290.75,73.75,-0.04,326.0,0.83
2024-05-04,NR,Rajasthan,14332.0,0.0,299.45,65.47,0.19,285.0,1.19
2024-05-05,NR,Rajasthan,14300.0,0.0,298.15,77.46,1.77,315.0,2.16
2024-05-06,NR,Rajasthan,15009.0,0.0,313.54,98.45,1.74,437.0,1.0
2024-05-07,NR,Rajasthan,15340.0,0.0,323.45,109.94,1.67,431.0,0.0
2024-05-08,NR,Rajasthan,15102.0,0.0,322.36,118.1,-0.63,454.0,0.0
2024-05-09,NR,Rajasthan,15817.0,0.0,331.19,122.25,0.57,382.0,0.0
2024-05-10,NR,Rajasthan,15828.0,0.0,322.16,110.08,-2.02,523.0,0.0
2024-05-11,NR,Rajasthan,14654.0,0.0,293.89,91.06,-3.43,400.0,0.0
2024-05-12,NR,Rajasthan,14047.0,0.0,294.02,91.2,-0.21,441.0,0.0
2024-05-13,NR,Rajasthan,15266.0,0.0,323.48,111.21,0.98,448.0,0.0
2024-05-14,NR,Rajasthan,14852.0,0.0,310.69,97.93,0.31,373.0,2.72
2024-05-15,NR,Rajasthan,15320.0,0.0,310.02,101.17,2.74,478.0,5.92
2024-05-16,NR,Rajasthan,15610.0,0.0,331.55,126.37,2.59,424.0,3.58
2024-05-17,NR,Rajasthan,15918.0,0.0,335.52,127.58,0.87,431.0,6.03
2024-05-18,NR,Rajasthan,15982.0,0.0,341.61,125.12,1.18,420.0,4.05
2024-05-19,NR,Rajasthan,16111.0,0.0,335.79,132.41,-2.24,437.0,0.75
2024-05-20,NR,Rajasthan,16274.0,0.0,344.87,126.73,-2.07,271.0,0.0
2024-05-21,NR,Rajasthan,16673.0,0.0,348.44,141.36,1.4,413.0,5.1
2024-05-22,NR,Rajasthan,16812.0,0.0,356.79,143.88,3.12,483.0,0.0
2024-05-23,NR,Rajasthan,16757.0,0.0,353.13,140.78,2.85,565.0,9.69
2024-05-24,NR,Rajasthan,17227.0,0.0,363.11,149.57,4.72,866.0,8.57
2024-05-25,NR,Rajasthan,17251.0,0.0,365.25,157.07,1.17,493.0,6.47
2024-05-26,NR,Rajasthan,16383.0,0.0,349.98,150.4,-3.11,328.0,0.97
2024-05-27,NR,Rajasthan,16648.0,0.0,364.56,143.89,-1.29,510.0,3.98
2024-05-28,NR,Rajasthan,16246.0,0.0,365.0,144.13,-1.18,514.0,3.4
2024-05-29,NR,Rajasthan,16896.0,0.0,375.65,135.17,0.23,595.0,2.65
2024-05-30,NR,Rajasthan,17460.0,0.0,379.07,121.54,0.13,483.0,0.0
2024-05-31,NR,Rajasthan,16912.0,0.0,368.37,102.63,2.56,697.0,7.85
2024-06-01,NR,Rajasthan,17429.0,0.0,364.44,124.12,0.02,513.0,1.3
2024-06-02,NR,Rajasthan,15943.0,0.0,337.1,122.11,-3.79,217.0,2.89
2024-06-03,NR,Rajasthan,16845.0,0.0,350.96,115.33,1.79,498.0,6.84
2024-06-04,NR,Rajasthan,17177.0,0.0,364.88,110.66,-0.16,333.0,3.76
2024-06-05,NR,Rajasthan,16806.0,0.0,367.23,101.64,-1.27,420.0,1.75
2024-06-06,NR,Rajasthan,16846.0,0.0,358.97,123.7,-1.71,692.0,0.0
2024-06-07,NR,Rajasthan,16771.0,0.0,339.25,115.19,0.28,658.0,0.0
2024-06-08,NR,Rajasthan,16177.0,0.0,326.18,104.2,-5.44,400.0,0.0
2024-06-09,NR,Rajasthan,16221.0,0.0,341.15,116.27,-0.14,733.0,1.43
2024-06-10,NR,Rajasthan,16781.0,0.0,352.51,125.6,1.31,601.0,3.88
2024-06-11,NR,Rajasthan,16764.0,0.0,358.04,123.8,3.67,464.0,5.66
2024-06-12,NR,Rajasthan,16888.0,0.0,363.42,115.83,0.85,380.0,2.44
2024-06-13,NR,Rajasthan,16815.0,0.0,365.92,106.51,1.87,418.0,1.42
2024-06-14,NR,Rajasthan,16599.0,0.0,363.18,108.33,2.61,684.0,4.62
2024-06-15,NR,Rajasthan,17194.0,0.0,360.51,116.12,3.68,402.0,9.79
2024-06-16,NR,Rajasthan,17055.0,0.0,361.64,120.69,1.87,496.0,13.68
2024-06-17,NR,Rajasthan,17333.0,0.0,365.57,111.44,1.85,444.0,17.3
2024-06-18,NR,Rajasthan,17689.0,0.0,378.39,101.72,2.01,513.0,9.12
2024-06-19,NR,Rajasthan,17573.0,0.0,378.76,112.87,6.73,769.0,3.98
2024-06-20,NR,Rajasthan,17078.0,0.0,364.5,119.59,-2.53,687.0,0.6
2024-06-21,NR,Rajasthan,15413.0,0.0,324.25,114.6,1.94,632.0,3.53
2024-06-22,NR,Rajasthan,15596.0,0.0,331.18,109.57,1.66,477.0,6.13
2024-06-23,NR,Rajasthan,15797.0,0.0,336.92,128.95,-0.45,625.0,8.23
2024-06-24,NR,Rajasthan,16773.0,0.0,345.91,129.09,-0.23,335.0,7.63
2024-06-25,NR,Rajasthan,16304.0,0.0,337.93,116.96,2.13,651.0,4.07
2024-06-26,NR,Rajasthan,16165.0,0.0,323.55,118.18,-3.92,878.0,1.9
2024-06-27,NR,Rajasthan,14367.0,0.0,301.71,108.8,-4.85,498.0,1.4
2024-06-28,NR,Rajasthan,13117.0,0.0,292.86,99.39,-1.96,550.0,0.0
2024-06-29,NR,Rajasthan,12987.0,0.0,294.24,97.34,-2.09,598.0,0.0
2024-06-30,NR,Rajasthan,13253.0,0.0,294.24,90.45,-5.99,336.0,0.0
2024-07-01,NR,Rajasthan,14057.0,0.0,305.47,85.79,0.31,446.0,0.0
2024-07-02,NR,Rajasthan,14772.0,0.0,322.96,110.24,2.62,566.0,0.0
2024-07-03,NR,Rajasthan,15425.0,0.0,324.51,115.93,-0.37,696.0,0.0
2024-07-04,NR,Rajasthan,13124.0,0.0,295.6,88.94,-5.93,215.0,0.0
2024-07-05,NR,Rajasthan,12814.0,0.0,275.84,65.85,-7.73,330.0,0.0
2024-07-06,NR,Rajasthan,13142.0,0.0,279.69,61.73,-4.51,654.0,0.0
2024-07-07,NR,Rajasthan,12566.0,0.0,281.48,107.76,-0.14,547.0,0.0
2024-07-08,NR,Rajasthan,13315.0,0.0,289.61,117.41,-0.13,509.0,4.49
2024-07-09,NR,Rajasthan,13551.0,0.0,295.38,112.61,0.85,462.0,6.98
2024-07-10,NR,Rajasthan,14832.0,0.0,316.53,114.02,3.07,561.0,5.57
2024-07-11,NR,Rajasthan,14808.0,0.0,317.87,92.39,0.19,759.0,0.34
2024-07-12,NR,Rajasthan,13792.0,0.0,294.95,58.76,-6.92,191.0,0.0
2024-07-13,NR,Rajasthan,13558.0,0.0,296.32,96.12,1.12,500.0,0.0
2024-07-14,NR,Rajasthan,13335.0,0.0,298.81,103.02,-2.15,717.0,0.0
2024-07-15,NR,Rajasthan,14195.0,0.0,304.84,98.54,3.34,593.0,6.46
2024-07-16,NR,Rajasthan,14855.0,0.0,317.28,112.48,4.73,1122.0,10.3
2024-07-17,NR,Rajasthan,15405.0,0.0,325.39,120.77,5.6,1168.0,7.91
2024-07-18,NR,Rajasthan,15476.0,0.0,325.97,120.15,7.53,1206.0,2.54
2024-07-19,NR,Rajasthan,15102.0,0.0,320.46,115.48,3.91,1050.0,4.38
2024-07-20,NR,Rajasthan,15459.0,0.0,331.63,127.14,4.17,791.0,3.92
2024-07-21,NR,Rajasthan,15424.0,0.0,332.3,125.08,2.59,673.0,4.36
2024-07-22,NR,Rajasthan,16319.0,0.0,340.1,127.95,1.23,839.0,0.46
2024-07-23,NR,Rajasthan,15407.0,0.0,331.83,116.46,3.11,910.0,0.36
2024-07-24,NR,Rajasthan,13994.0,0.0,310.95,100.79,-1.24,593.0,0.0
2024-07-25,NR,Rajasthan,13861.0,0.0,303.13,88.31,0.19,525.0,0.0
2024-07-26,NR,Rajasthan,14022.0,0.0,300.83,92.84,1.41,657.0,0.0
2024-07-27,NR,Rajasthan,14362.0,0.0,304.1,83.28,-5.38,319.0,0.0
2024-07-28,NR,Rajasthan,13849.0,0.0,302.6,93.61,2.61,736.0,1.21
2024-07-29,NR,Rajasthan,14545.0,0.0,312.06,108.37,0.5,703.0,8.44
2024-07-30,NR,Rajasthan,15746.0,0.0,330.76,109.53,6.27,705.0,15.58
2024-07-31,NR,Rajasthan,16090.0,0.0,340.37,113.66,-2.24,669.0,1.09
2024-08-01,NR,Rajasthan,12431.0,0.0,278.87,79.83,-15.27,0.0,0.0
2024-08-02,NR,Rajasthan,11117.0,0.0,247.63,72.64,-9.15,31.0,0.0
2024-08-03,NR,Rajasthan,11194.0,0.0,241.52,69.25,-9.84,125.0,0.0
2024-08-04,NR,Rajasthan,10609.0,0.0,241.33,64.86,-7.67,320.0,0.0
2024-08-05,NR,Rajasthan,9828.0,0.0,217.2,45.5,-4.8,2418.0,0.0
2024-08-06,NR,Rajasthan,10098.0,0.0,224.03,42.86,-6.47,607.0,0.0
2024-08-07,NR,Rajasthan,10237.0,0.0,232.68,40.22,-6.85,330.0,0.0
2024-08-08,NR,Rajasthan,10731.0,0.0,231.03,51.74,-4.02,509.0,0.0
2024-08-09,NR,Rajasthan,11191.0,0.0,243.21,57.91,-5.34,847.0,0.0
2024-08-10,NR,Rajasthan,10634.0,0.0,239.33,48.27,-6.61,423.0,0.0
2024-08-11,NR,Rajasthan,10309.0,0.0,231.56,53.04,-12.74,518.0,0.0
2024-08-12,NR,Rajasthan,11154.0,0.0,244.97,71.79,-1.1,809.0,0.0
2024-08-13,NR,Rajasthan,11414.0,0.0,246.7,80.32,-1.31,668.0,0.0
2024-08-14,NR,Rajasthan,11311.0,0.0,248.74,79.29,-2.79,261.0,0.0
2024-08-15,NR,Rajasthan,10173.0,0.0,230.77,52.08,-9.35,251.0,0.0
2024-08-16,NR,Rajasthan,10481.0,0.0,223.45,54.25,-2.47,407.0,0.0
2024-08-17,NR,Rajasthan,10977.0,0.0,236.47,59.72,-4.89,429.0,0.0
2024-08-18,NR,Rajasthan,11030.0,0.0,250.07,71.36,-2.51,291.0,0.0
2024-08-19,NR,Rajasthan,10908.0,0.0,249.1,80.4,-3.4,295.0,0.0
2024-08-20,NR,Rajasthan,12568.0,0.0,267.4,86.59,2.17,616.0,0.0
2024-08-21,NR,Rajasthan,13367.0,0.0,286.84,100.33,1.05,631.0,0.0
2024-08-22,NR,Rajasthan,13202.0,0.0,285.3,103.06,1.58,777.0,0.0
2024-08-23,NR,Rajasthan,12661.0,0.0,279.81,99.14,-2.7,696.0,0.0
2024-08-24,NR,Rajasthan,12761.0,0.0,277.76,98.36,-0.72,677.0,0.0
2024-08-25,NR,Rajasthan,11060.0,0.0,252.78,90.37,-3.34,559.0,0.0
2024-08-26,NR,Rajasthan,11292.0,0.0,243.92,74.67,-6.7,175.0,0.0
2024-08-27,NR,Rajasthan,11035.0,0.0,238.42,51.34,-6.58,355.0,0.0
2024-08-28,NR,Rajasthan,11603.0,0.0,254.92,69.72,-6.79,407.0,0.0
2024-08-29,NR,Rajasthan,12255.0,0.0,278.84,80.42,-2.43,532.0,0.0
2024-08-30,NR,Rajasthan,12787.0,0.0,282.88,88.56,-0.98,576.0,0.0
2024-08-31,NR,Rajasthan,12967.0,0.0,282.14,95.16,-0.02,660.0,0.0
2024-09-01,NR,Rajasthan,12814.0,0.0,282.71,94.99,-1.56,413.0,0.0
2024-09-02,NR,Rajasthan,13002.0,0.0,285.04,93.8,1.4,637.0,0.0
2024-09-03,NR,Rajasthan,12664.0,0.0,269.97,88.2,-3.04,365.0,0.0
2024-09-04,NR,Rajasthan,10529.0,0.0,238.62,67.76,-6.49,189.0,0.0
2024-09-05,NR,Rajasthan,11222.0,0.0,248.56,65.89,-2.86,229.0,0.0
2024-09-06,NR,Rajasthan,11762.0,0.0,253.54,70.89,-3.85,426.0,0.0
2024-09-07,NR,Rajasthan,11481.0,0.0,251.68,65.36,-2.86,521.0,0.0
2024-09-08,NR,Rajasthan,11217.0,0.0,252.84,68.68,-1.77,399.0,0.0
2024-09-09,NR,Rajasthan,12478.0,0.0,277.03,82.41,-0.12,685.0,0.0
2024-09-10,NR,Rajasthan,12855.0,0.0,286.87,89.81,0.53,382.0,0.0
2024-09-11,NR,Rajasthan,12394.0,0.0,279.55,83.03,-2.08,589.0,0.0
2024-09-12,NR,Rajasthan,12205.0,0.0,271.45,72.13,-2.55,906.0,0.0
2024-09-13,NR,Rajasthan,12162.0,0.0,279.76,58.01,-1.13,991.0,0.0
2024-09-14,NR,Rajasthan,12892.0,0.0,287.45,69.82,-1.04,382.0,0.0
2024-09-15,NR,Rajasthan,12676.0,0.0,287.28,84.87,0.96,519.0,0.0
2024-09-16,NR,Rajasthan,13448.0,0.0,296.22,98.34,1.87,730.0,0.0
2024-09-17,NR,Rajasthan,13544.0,0.0,303.21,103.29,-0.25,792.0,0.0
2024-09-18,NR,Rajasthan,13715.0,0.0,300.45,92.34,1.16,816.0,1.96
2024-09-19,NR,Rajasthan,13530.0,0.0,299.22,89.84,0.58,686.0,0.0
2024-09-20,NR,Rajasthan,13941.0,0.0,297.49,100.14,5.16,708.0,4.85
2024-09-21,NR,Rajasthan,14614.0,0.0,317.74,116.1,1.39,577.0,1.63
2024-09-22,NR,Rajasthan,14435.0,0.0,325.88,113.84,-0.21,740.0,0.0
2024-09-23,NR,Rajasthan,15722.0,0.0,329.2,112.28,2.37,815.0,13.32
2024-09-24,NR,Rajasthan,15863.0,0.0,344.77,134.48,5.36,1074.0,8.76
2024-09-25,NR,Rajasthan,16155.0,0.0,354.79,147.16,1.3,800.0,0.78
2024-09-26,NR,Rajasthan,15494.0,0.0,347.05,146.59,1.1,1035.0,0.0
2024-09-27,NR,Rajasthan,15635.0,0.0,341.09,148.07,-4.61,922.0,0.0
2024-09-28,NR,Rajasthan,14730.0,0.0,324.07,125.34,-2.41,535.0,0.0
2024-09-29,NR,Rajasthan,14350.0,0.0,318.17,125.97,-3.55,545.0,0.0
2024-09-30,NR,Rajasthan,14999.0,0.0,328.43,118.75,0.09,821.0,8.38
2024-10-01,NR,Rajasthan,15339.0,0.0,337.15,119.89,0.13,564.0,0.0
2024-10-02,NR,Rajasthan,14505.0,0.0,325.34,125.32,-6.28,281.0,0.0
2024-10-03,NR,Rajasthan,15365.0,0.0,335.63,121.83,-2.57,690.0,0.0
2024-10-04,NR,Rajasthan,15626.0,0.0,343.77,114.8,-1.94,530.0,0.0
2024-10-05,NR,Rajasthan,15539.0,0.0,336.04,125.92,0.01,881.0,0.0
2024-10-06,NR,Rajasthan,14939.0,0.0,325.32,128.46,-2.55,334.0,0.0
2024-10-07,NR,Rajasthan,15558.0,0.0,332.43,134.12,-2.33,463.0,0.0
2024-10-08,NR,Rajasthan,15392.0,0.0,330.34,127.94,-5.28,246.0,0.0
2024-10-09,NR,Rajasthan,15235.0,0.0,326.35,126.71,-2.97,433.0,0.0
2024-10-10,NR,Rajasthan,15124.0,0.0,319.47,131.08,-3.6,271.0,0.0
2024-10-11,NR,Rajasthan,15143.0,0.0,315.53,129.5,-0.22,752.0,0.0
2024-10-12,NR,Rajasthan,14585.0,0.0,305.81,129.05,-1.01,556.0,0.0
2024-10-13,NR,Rajasthan,13642.0,0.0,291.31,123.76,-0.94,499.0,0.0
2024-10-14,NR,Rajasthan,14299.0,0.0,303.4,126.46,0.21,363.0,0.0
2024-10-15,NR,Rajasthan,14185.0,0.0,305.8,120.66,-3.32,304.0,0.0
2024-10-16,NR,Rajasthan,14143.0,0.0,305.44,123.08,0.48,463.0,0.0
2024-10-17,NR,Rajasthan,14633.0,0.0,311.9,124.82,0.45,979.0,0.0
2024-10-18,NR,Rajasthan,14635.0,0.0,316.21,129.25,3.81,936.0,0.0
2024-10-19,NR,Rajasthan,15003.0,0.0,318.39,142.55,-0.88,629.0,0.0
2024-10-20,NR,Rajasthan,14837.0,0.0,313.79,134.44,-1.53,742.0,0.0
2024-10-21,NR,Rajasthan,15396.0,0.0,312.91,131.78,-2.35,976.0,0.0
2024-10-22,NR,Rajasthan,14611.0,0.0,305.41,130.54,-0.63,500.0,0.0
2024-10-23,NR,Rajasthan,14934.0,0.0,312.53,137.27,-0.1,729.0,0.0
2024-10-24,NR,Rajasthan,14773.0,0.0,309.61,130.99,-1.2,631.0,0.0
2024-10-25,NR,Rajasthan,14742.0,0.0,311.45,133.84,0.15,540.0,0.0
2024-10-26,NR,Rajasthan,15145.0,0.0,315.8,131.71,-1.13,542.0,0.0
2024-10-27,NR,Rajasthan,15307.0,0.0,317.6,129.31,-1.33,823.0,0.0
2024-10-28,NR,Rajasthan,15978.0,0.0,323.65,125.4,-0.97,1068.0,0.0
2024-10-29,NR,Rajasthan,16056.0,0.0,324.05,137.58,-2.53,622.0,0.0
2024-10-30,NR,Rajasthan,15832.0,0.0,316.56,128.41,-0.73,487.0,0.0
2024-10-31,NR,Rajasthan,14997.0,0.0,295.79,113.63,0.62,1182.0,0.0
2024-11-01,NR,Rajasthan,14306.0,0.0,280.3,95.51,2.8,639.0,0.0
2024-11-02,NR,Rajasthan,14432.0,0.0,285.95,96.55,-0.87,812.0,0.0
2024-11-03,NR,Rajasthan,14982.0,0.0,294.47,108.09,1.21,961.0,0.0
2024-11-04,NR,Rajasthan,15614.0,0.0,307.89,114.6,-0.05,523.0,0.0
2024-11-05,NR,Rajasthan,16144.0,0.0,317.49,119.84,-0.73,488.0,0.0
2024-11-06,NR,Rajasthan,16354.0,0.0,324.94,126.52,1.94,640.0,0.0
2024-11-07,NR,Rajasthan,16530.0,0.0,329.15,124.2,-3.44,454.0,0.0
2024-11-08,NR,Rajasthan,16799.0,0.0,332.44,116.01,0.67,491.0,0.0
2024-11-09,NR,Rajasthan,16708.0,0.0,333.5,122.92,0.26,391.0,0.0
2024-11-10,NR,Rajasthan,16623.0,0.0,327.63,122.1,-1.15,423.0,0.0
2024-11-11,NR,Rajasthan,16763.0,0.0,326.73,123.86,0.02,723.0,0.0
2024-11-12,NR,Rajasthan,16822.0,0.0,328.95,123.34,-0.7,508.0,0.0
2024-11-13,NR,Rajasthan,16562.0,0.0,328.1,116.61,-1.96,583.0,0.0
2024-11-14,NR,Rajasthan,16763.0,0.0,326.08,115.99,-2.01,863.0,0.0
2024-11-15,NR,Rajasthan,16983.0,0.0,326.5,120.99,-0.05,821.0,0.0
2024-11-16,NR,Rajasthan,16891.0,0.0,327.83,124.32,-1.49,918.0,0.0
2024-11-17,NR,Rajasthan,16677.0,0.0,321.38,117.95,-3.94,583.0,0.0
2024-11-18,NR,Rajasthan,16476.0,0.0,321.17,117.19,-3.13,278.0,0.0
2024-11-19,NR,Rajasthan,16914.0,0.0,322.2,121.55,-0.65,536.0,0.0
2024-11-20,NR,Rajasthan,16845.0,0.0,320.74,115.45,-0.67,465.0,0.0
2024-11-21,NR,Rajasthan,16851.0,0.0,321.03,112.7,0.72,741.0,0.0
2024-11-22,NR,Rajasthan,17177.0,0.0,320.25,114.16,-0.52,558.0,0.0
2024-11-23,NR,Rajasthan,16970.0,0.0,322.48,116.6,-0.38,479.0,0.0
2024-11-24,NR,Rajasthan,16921.0,0.0,317.36,116.32,-1.58,537.0,0.0
2024-11-25,NR,Rajasthan,17298.0,0.0,320.6,112.36,1.07,917.0,0.0
2024-11-26,NR,Rajasthan,16951.0,0.0,322.24,110.85,-1.3,294.0,0.0
2024-11-27,NR,Rajasthan,17376.0,0.0,326.6,110.79,-1.25,516.0,0.0
2024-11-28,NR,Rajasthan,17138.0,0.0,321.53,115.42,-3.91,324.0,0.0
2024-11-29,NR,Rajasthan,17194.0,0.0,324.76,113.9,-1.68,674.0,0.0
2024-11-30,NR,Rajasthan,17291.0,0.0,325.67,113.13,-0.51,574.0,0.0
2024-12-01,NR,Rajasthan,16843.0,0.0,314.57,113.1,-2.49,393.0,0.0
2024-12-02,NR,Rajasthan,17090.0,0.0,317.91,117.36,-2.93,315.0,0.0
2024-12-03,NR,Rajasthan,17261.0,0.0,323.02,115.57,-1.32,555.0,0.0
2024-12-04,NR,Rajasthan,17094.0,0.0,323.61,120.85,1.94,685.0,0.0
2024-12-05,NR,Rajasthan,17442.0,0.0,327.34,132.27,0.73,704.0,0.0
2024-12-06,NR,Rajasthan,17602.0,0.0,326.46,128.11,-0.14,489.0,0.0
2024-12-07,NR,Rajasthan,17511.0,0.0,328.56,127.72,-1.64,620.0,0.0
2024-12-08,NR,Rajasthan,17123.0,0.0,316.55,104.27,-5.25,708.0,0.0
2024-12-09,NR,Rajasthan,17602.0,0.0,331.93,114.49,0.58,1132.0,0.0
2024-12-10,NR,Rajasthan,17437.0,0.0,330.34,118.05,0.18,860.0,0.0
2024-12-11,NR,Rajasthan,17964.0,0.0,332.06,117.29,-1.95,316.0,0.0
2024-12-12,NR,Rajasthan,17992.0,0.0,332.63,121.11,-2.88,726.0,0.0
2024-12-13,NR,Rajasthan,18212.0,0.0,329.28,113.45,-4.95,682.0,0.0
2024-12-14,NR,Rajasthan,17890.0,0.0,330.4,114.48,-0.08,494.0,0.0
2024-12-15,NR,Rajasthan,17196.0,0.0,321.62,119.91,-2.72,486.0,0.0
2024-12-16,NR,Rajasthan,17826.0,0.0,330.95,126.59,1.86,677.0,0.0
2024-12-17,NR,Rajasthan,18230.0,0.0,339.2,124.45,0.1,699.0,0.0
2024-12-18,NR,Rajasthan,18371.0,0.0,338.66,109.56,-1.55,494.0,0.0
2024-12-19,NR,Rajasthan,18405.0,0.0,338.2,104.41,-1.7,804.0,0.0
2024-12-20,NR,Rajasthan,18338.0,0.0,336.58,101.46,-3.42,647.0,0.0
2024-12-21,NR,Rajasthan,17727.0,0.0,330.55,108.23,-1.08,861.0,0.0
2024-12-22,NR,Rajasthan,17483.0,0.0,334.45,108.72,0.2,474.0,0.0
2024-12-23,NR,Rajasthan,17672.0,0.0,325.72,108.09,-3.72,501.0,0.0
2024-12-24,NR,Rajasthan,17717.0,0.0,329.0,102.18,-2.17,592.0,0.0
2024-12-25,NR,Rajasthan,18039.0,0.0,328.38,104.18,-3.11,438.0,0.0
2024-12-26,NR,Rajasthan,17930.0,0.0,333.77,111.35,-2.52,752.0,0.0
2024-12-27,NR,Rajasthan,16244.0,0.0,280.7,89.9,-7.96,533.0,0.0
2024-12-28,NR,Rajasthan,14623.0,0.0,277.11,97.87,-5.39,714.0,0.0
2024-12-29,NR,Rajasthan,15713.0,0.0,276.73,100.59,-4.74,278.0,0.0
2024-12-30,NR,Rajasthan,15654.0,0.0,290.1,97.65,-5.54,558.0,0.0
2024-12-31,NR,Rajasthan,16457.0,0.0,299.92,102.76,-2.74,438.0,0.0
2025-01-01,NR,Rajasthan,16847.0,0.0,305.1,114.67,-2.41,430.0,0.0
2025-01-02,NR,Rajasthan,17067.0,0.0,312.09,118.27,-1.87,450.0,0.0
2025-01-03,NR,Rajasthan,17724.0,0.0,318.78,119.07,-0.01,609.0,0.0
2025-01-04,NR,Rajasthan,17584.0,0.0,318.22,111.92,0.62,396.0,0.0
2025-01-05,NR,Rajasthan,17098.0,0.0,316.58,114.48,-1.47,572.0,0.0
2025-01-06,NR,Rajasthan,18188.0,0.0,330.79,112.22,-1.43,581.0,0.0
2025-01-07,NR,Rajasthan,18283.0,0.0,335.04,112.94,-1.18,649.0,0.0
2025-01-08,NR,Rajasthan,18355.0,0.0,336.8,115.67,0.56,612.0,0.0
2025-01-09,NR,Rajasthan,18218.0,0.0,337.76,121.05,-3.8,539.0,0.0
2025-01-10,NR,Rajasthan,18544.0,0.0,343.28,109.86,-0.42,635.0,0.0
2025-01-11,NR,Rajasthan,16469.0,0.0,309.42,91.7,-4.89,279.0,0.0
2025-01-12,NR,Rajasthan,16356.0,0.0,299.34,95.97,-3.6,428.0,0.0
2025-01-13,NR,Rajasthan,16480.0,0.0,304.77,102.85,-1.74,557.0,0.0
2025-01-14,NR,Rajasthan,17354.0,0.0,304.63,97.16,-6.79,280.0,0.0
2025-01-15,NR,Rajasthan,17898.0,0.0,314.77,97.75,-5.02,507.0,0.0
2025-01-16,NR,Rajasthan,16898.0,0.0,314.32,100.15,-7.14,486.0,0.0
2025-01-17,NR,Rajasthan,17306.0,0.0,318.66,92.58,-7.37,780.0,0.0
2025-01-18,NR,Rajasthan,17664.0,0.0,323.4,99.61,-3.09,637.0,0.0
2025-01-19,NR,Rajasthan,17865.0,0.0,317.41,98.78,-2.17,502.0,0.0
2025-01-20,NR,Rajasthan,17674.0,0.0,321.72,100.05,0.31,782.0,0.0
2025-01-21,NR,Rajasthan,18168.0,0.0,330.08,107.35,-3.94,551.0,0.0
2025-01-22,NR,Rajasthan,18345.0,0.0,332.62,104.2,-2.37,683.0,0.0
2025-01-23,NR,Rajasthan,18211.0,0.0,331.96,100.52,-5.67,346.0,0.0
2025-01-24,NR,Rajasthan,17921.0,0.0,335.73,104.06,-4.88,626.0,0.0
2025-01-25,NR,Rajasthan,17679.0,0.0,337.01,114.78,-1.63,516.0,0.0
2025-01-26,NR,Rajasthan,17981.0,0.0,332.95,117.65,-1.17,928.0,0.0
2025-01-27,NR,Rajasthan,18410.0,0.0,341.33,124.22,-1.07,973.0,0.0
2025-01-28,NR,Rajasthan,18572.0,0.0,348.67,123.57,0.12,601.0,0.0
2025-01-29,NR,Rajasthan,18278.0,0.0,338.98,116.89,-1.9,590.0,0.0
2025-01-30,NR,Rajasthan,18499.0,0.0,352.78,113.24,-1.93,482.0,0.0
2025-01-31,NR,Rajasthan,18428.0,0.0,348.98,114.09,-0.79,440.0,0.0
2025-02-01,NR,Rajasthan,18499.0,0.0,343.68,114.25,-4.01,887.0,0.0
2025-02-02,NR,Rajasthan,18406.0,0.0,337.17,113.43,-5.75,266.0,0.0
2025-02-03,NR,Rajasthan,18143.0,0.0,353.83,112.2,1.27,729.0,0.0
2025-02-04,NR,Rajasthan,18623.0,0.0,345.41,111.33,-2.23,715.0,0.0
2025-02-05,NR,Rajasthan,18705.0,0.0,343.49,109.9,-1.23,620.0,0.0
2025-02-06,NR,Rajasthan,18357.0,0.0,345.81,108.56,-4.02,619.0,0.0
2025-02-07,NR,Rajasthan,18258.0,0.0,345.53,118.08,-2.96,946.0,0.0
2025-02-08,NR,Rajasthan,18295.0,0.0,355.02,116.92,-2.06,229.0,0.0
2025-02-09,NR,Rajasthan,18086.0,0.0,341.14,117.81,-2.02,532.0,0.0
2025-02-10,NR,Rajasthan,18294.0,0.0,343.1,118.13,-2.98,362.0,0.0
2025-02-11,NR,Rajasthan,18520.0,0.0,347.51,114.23,-3.07,491.0,0.0
2025-02-12,NR,Rajasthan,18985.0,0.0,352.26,118.08,0.96,559.0,0.0
2025-02-13,NR,Rajasthan,18217.0,0.0,349.76,118.63,-1.68,414.0,0.0
2025-02-14,NR,Rajasthan,18331.0,0.0,349.61,121.09,-1.23,789.0,0.0
2025-02-15,NR,Rajasthan,18085.0,0.0,347.71,117.38,-4.69,494.0,0.0
2025-02-16,NR,Rajasthan,17967.0,0.0,347.31,115.65,-0.51,678.0,0.0
2025-02-17,NR,Rajasthan,18200.0,0.0,350.6,115.84,-2.39,583.0,0.0
2025-02-18,NR,Rajasthan,17934.0,0.0,352.2,114.61,-1.63,647.0,0.0
2025-02-19,NR,Rajasthan,18284.0,0.0,341.61,121.1,-1.87,577.0,0.0
2025-02-20,NR,Rajasthan,17051.0,0.0,326.65,113.25,-5.06,508.0,0.0
2025-02-21,NR,Rajasthan,17895.0,0.0,342.5,110.62,-3.54,252.0,0.0
2025-02-22,NR,Rajasthan,17797.0,0.0,343.21,112.0,-0.2,724.0,0.0
2025-02-23,NR,Rajasthan,17685.0,0.0,338.18,106.67,-1.48,559.0,0.0
2025-02-24,NR,Rajasthan,17752.0,0.0,342.33,106.91,-2.44,339.0,0.0
2025-02-25,NR,Rajasthan,18159.0,0.0,347.48,115.94,-0.38,798.0,0.0
2025-02-26,NR,Rajasthan,18240.0,0.0,345.93,114.46,-3.42,608.0,0.0
2025-02-27,NR,Rajasthan,17247.0,0.0,336.15,116.14,-3.41,910.0,0.0
2025-02-28,NR,Rajasthan,17878.0,0.0,333.91,108.73,-7.62,249.0,0.0
2025-03-01,NR,Rajasthan,17012.0,0.0,320.2,99.85,-6.62,101.0,0.0
2025-03-02,NR,Rajasthan,16934.0,0.0,324.99,91.36,-1.59,737.0,0.0
2025-03-03,NR,Rajasthan,17190.0,0.0,324.86,87.62,-5.66,597.0,0.0
2025-03-04,NR,Rajasthan,17124.0,0.0,323.75,90.16,-7.11,230.0,0.0
2025-03-05,NR,Rajasthan,17293.0,0.0,319.62,95.62,-5.89,820.0,0.0
2025-03-06,NR,Rajasthan,17042.0,0.0,326.02,91.72,-1.54,813.0,0.0
2025-03-07,NR,Rajasthan,17580.0,0.0,334.93,88.6,-1.07,911.0,0.0
2025-03-08,NR,Rajasthan,16940.0,0.0,334.08,108.17,0.02,665.0,0.0
2025-03-09,NR,Rajasthan,17000.0,0.0,332.42,110.96,-0.08,1047.0,0.0
2025-03-10,NR,Rajasthan,16921.0,0.0,330.12,110.2,-3.8,367.0,0.0
2025-03-11,NR,Rajasthan,16769.0,0.0,335.16,106.97,-3.52,920.0,0.0
2025-03-12,NR,Rajasthan,16783.0,0.0,329.3,108.27,0.91,772.0,0.0
2025-03-13,NR,Rajasthan,16344.0,0.0,313.45,97.07,-2.81,1152.0,0.0
2025-03-14,NR,Rajasthan,13803.0,0.0,258.57,83.6,-7.33,1092.0,0.0
2025-03-15,NR,Rajasthan,13939.0,0.0,273.36,89.21,-7.64,319.0,0.0
2025-03-16,NR,Rajasthan,14709.0,0.0,286.7,90.13,-5.9,393.0,0.0
2025-03-17,NR,Rajasthan,15093.0,0.0,290.71,91.19,-5.08,503.0,0.0
2025-03-18,NR,Rajasthan,15001.0,0.0,293.69,82.6,-5.9,278.0,0.0
2025-03-19,NR,Rajasthan,15020.0,0.0,297.29,73.41,-6.17,171.0,0.0
2025-03-20,NR,Rajasthan,15136.0,0.0,295.19,68.97,-5.12,418.0,0.0
2025-03-21,NR,Rajasthan,15296.0,0.0,286.97,76.85,-5.72,282.0,0.0
2025-03-22,NR,Rajasthan,14474.0,0.0,287.49,80.94,-4.23,330.0,0.0
2025-03-23,NR,Rajasthan,13970.0,0.0,277.11,81.85,-4.78,427.0,0.0
2025-03-24,NR,Rajasthan,14223.0,0.0,286.83,78.23,-3.5,636.0,0.0
2025-03-25,NR,Rajasthan,14456.0,0.0,282.85,67.5,-7.08,241.0,0.0
2025-03-26,NR,Rajasthan,14473.0,0.0,292.84,55.84,-12.15,296.0,0.0
2025-03-27,NR,Rajasthan,14226.0,0.0,287.55,48.36,-7.77,536.0,0.0
2025-03-28,NR,Rajasthan,13282.0,0.0,277.84,61.29,-8.79,253.0,0.0
2025-03-29,NR,Rajasthan,12590.0,0.0,250.09,53.33,-9.64,586.0,0.0
2025-03-30,NR,Rajasthan,13198.0,0.0,250.28,62.57,-8.38,462.0,0.0
2025-03-31,NR,Rajasthan,13305.0,0.0,252.54,54.77,-4.78,208.0,0.0
2025-04-01,NR,Rajasthan,13236.0,0.0,257.26,58.91,-3.07,800.0,0.0
2025-04-02,NR,Rajasthan,13024.0,0.0,261.59,54.29,-4.79,333.0,0.0
2025-04-03,NR,Rajasthan,13360.0,0.0,264.62,49.35,-4.75,717.0,0.0
2025-04-04,NR,Rajasthan,13234.0,0.0,267.09,47.09,-5.96,301.0,0.0
2025-04-05,NR,Rajasthan,13550.0,0.0,271.27,57.54,-2.77,403.0,0.0
2025-04-06,NR,Rajasthan,13389.0,0.0,266.63,63.94,-5.02,543.0,0.0
2025-04-07,NR,Rajasthan,13844.0,0.0,283.53,63.52,-2.74,700.0,0.0
2025-04-08,NR,Rajasthan,14138.0,0.0,294.01,53.26,-3.72,641.0,0.0
2025-04-09,NR,Rajasthan,14546.0,0.0,297.72,60.31,-4.49,620.0,0.0
2025-04-10,NR,Rajasthan,13934.0,0.0,289.08,68.85,-6.7,579.0,0.0
2025-04-11,NR,Rajasthan,13755.0,0.0,278.72,67.86,-7.19,729.0,0.0
2025-04-12,NR,Rajasthan,12925.0,0.0,259.25,70.54,-6.74,355.0,0.0
2025-04-13,NR,Rajasthan,12794.0,0.0,271.1,89.25,1.07,598.0,0.0
2025-04-14,NR,Rajasthan,14196.0,0.0,296.39,103.72,0.04,611.0,0.0
2025-04-15,NR,Rajasthan,14224.0,0.0,303.25,102.86,-2.21,536.0,0.0
2025-04-16,NR,Rajasthan,14485.0,0.0,309.12,98.3,-1.21,817.0,0.0
2025-04-17,NR,Rajasthan,14301.0,0.0,308.91,94.11,-2.64,887.0,0.0
2025-04-18,NR,Rajasthan,14700.0,0.0,307.26,85.33,-5.07,940.0,0.0
2025-04-19,NR,Rajasthan,14061.0,0.0,312.95,93.3,-3.56,379.0,0.0
2025-04-20,NR,Rajasthan,14524.0,0.0,313.05,89.37,-4.21,1019.0,0.0
2025-04-21,NR,Rajasthan,14742.0,0.0,308.93,92.22,-3.72,431.0,0.0
2025-04-22,NR,Rajasthan,14229.0,0.0,305.17,85.74,-2.33,267.0,0.0
2025-04-23,NR,Rajasthan,14482.0,0.0,305.82,90.24,-4.26,324.0,0.0
2025-04-24,NR,Rajasthan,14606.0,0.0,308.33,90.13,-3.76,745.0,0.0
2025-04-25,NR,Rajasthan,15124.0,0.0,307.76,91.9,-3.12,945.0,0.0
2025-04-26,NR,Rajasthan,14892.0,0.0,304.49,91.97,-1.66,735.0,0.0
2025-04-27,NR,Rajasthan,14189.0,0.0,311.48,105.68,-1.55,572.0,0.0
2025-04-28,NR,Rajasthan,15465.0,0.0,319.51,109.76,-2.49,658.0,0.0
2025-04-29,NR,Rajasthan,15701.0,0.0,327.23,120.35,-0.65,634.0,0.0
2025-04-30,NR,Rajasthan,15730.0,0.0,329.52,127.73,-0.46,813.0,0.0
2025-05-01,NR,Rajasthan,15818.0,0.0,323.92,123.42,-1.54,799.0,0.0
2025-05-02,NR,Rajasthan,14664.0,0.0,292.43,121.32,-4.31,661.0,0.0
2025-05-03,NR,Rajasthan,14826.0,0.0,293.45,113.57,-7.51,686.0,0.0
2025-05-04,NR,Rajasthan,12808.0,0.0,259.9,91.09,-5.67,407.0,0.0
2025-05-05,NR,Rajasthan,12052.0,0.0,248.29,97.18,-12.34,326.0,0.0
2025-05-06,NR,Rajasthan,11888.0,0.0,246.81,97.03,-5.17,507.0,0.0
2025-05-07,NR,Rajasthan,12576.0,0.0,259.85,96.56,-3.1,684.0,0.0
2025-05-08,NR,Rajasthan,13043.0,0.0,253.91,84.49,-8.95,449.0,0.0
2025-05-09,NR,Rajasthan,12195.0,0.0,257.72,80.3,-4.74,862.0,0.0
2025-05-10,NR,Rajasthan,13184.0,0.0,276.85,93.67,-1.75,598.0,0.0
2025-05-11,NR,Rajasthan,13293.0,0.0,276.13,96.26,-6.11,565.0,0.0
2025-05-12,NR,Rajasthan,13646.0,0.0,282.85,80.75,-6.91,343.0,0.0
2025-05-13,NR,Rajasthan,13953.0,0.0,289.58,75.36,-4.35,366.0,0.0
2025-05-14,NR,Rajasthan,14702.0,0.0,303.9,89.72,-1.61,943.0,0.0
2025-05-15,NR,Rajasthan,15519.0,0.0,324.27,101.92,-0.55,399.0,0.0
2025-05-16,NR,Rajasthan,15725.0,0.0,337.0,109.39,-4.26,320.0,0.0
2025-05-17,NR,Rajasthan,16122.0,0.0,344.51,127.8,-3.07,612.0,0.0
2025-05-18,NR,Rajasthan,15999.0,0.0,344.1,126.42,-1.11,817.0,0.0
2025-05-19,NR,Rajasthan,16795.0,0.0,363.51,130.01,2.78,815.0,0.0
2025-05-20,NR,Rajasthan,16845.0,0.0,362.01,138.61,-0.71,472.0,0.0
2025-05-21,NR,Rajasthan,16817.0,0.0,359.09,136.21,-5.41,583.0,0.0
2025-05-24,NR,Rajasthan,17037.0,0.0,362.45,143.01,-0.94,660.0,0.0
2025-05-25,NR,Rajasthan,14723.0,0.0,287.58,126.12,-8.01,538.0,0.0
2025-05-26,NR,Rajasthan,16046.0,0.0,352.2,145.06,0.51,1378.0,0.0
2025-05-27,NR,Rajasthan,16668.0,0.0,365.7,157.01,-1.84,494.0,0.0
2025-05-28,NR,Rajasthan,17220.0,0.0,356.79,157.27,0.42,784.0,0.0
2025-05-29,NR,Rajasthan,16267.0,0.0,334.5,136.67,-3.72,902.0,0.0
2025-05-30,NR,Rajasthan,15771.0,0.0,328.07,129.86,-3.54,743.0,0.0
2025-05-31,NR,Rajasthan,15331.0,0.0,332.59,111.81,-6.32,416.0,0.0
2025-06-01,NR,Rajasthan,14856.0,0.0,318.95,120.95,-5.42,864.0,0.0
2025-06-02,NR,Rajasthan,14972.0,0.0,308.2,112.37,-8.48,735.0,0.0
2025-06-03,NR,Rajasthan,12732.0,0.0,283.86,80.3,-9.95,598.0,0.0
2025-06-04,NR,Rajasthan,12372.0,0.0,278.8,86.1,-8.0,474.0,0.0
2025-06-05,NR,Rajasthan,13064.0,0.0,284.87,91.87,-3.52,310.0,0.0
2025-06-06,NR,Rajasthan,14591.0,0.0,314.66,111.55,-1.2,610.0,0.0
2025-06-07,NR,Rajasthan,15335.0,0.0,340.7,129.75,-7.79,287.0,0.0
2025-06-08,NR,Rajasthan,15588.0,0.0,344.43,125.81,-5.29,972.0,0.0
2025-06-09,NR,Rajasthan,16562.0,0.0,366.71,136.42,-4.22,400.0,0.0
2025-06-10,NR,Rajasthan,17139.0,0.0,374.89,143.34,-5.41,333.0,0.0
2025-06-11,NR,Rajasthan,17632.0,0.0,388.0,145.4,-2.3,490.0,0.0
2025-06-12,NR,Rajasthan,18172.0,0.0,387.7,153.4,-0.4,593.0,0.0
2025-06-13,NR,Rajasthan,18260.0,0.0,383.13,158.47,-0.85,737.0,0.0
2025-06-14,NR,Rajasthan,18166.0,0.0,379.58,160.05,4.05,844.0,0.0
2025-06-15,NR,Rajasthan,16888.0,0.0,337.65,155.76,-12.22,563.0,0.0
2025-06-16,NR,Rajasthan,15282.0,0.0,314.8,136.98,-7.66,427.0,0.0
2025-06-17,NR,Rajasthan,14287.0,0.0,298.47,132.16,-14.14,244.0,0.0
2025-06-18,NR,Rajasthan,13307.0,0.0,293.23,132.87,-9.98,249.0,0.0
2025-06-19,NR,Rajasthan,13738.0,0.0,292.0,130.9,-11.6,202.0,0.0
2025-06-20,NR,Rajasthan,13248.0,0.0,297.92,112.23,-11.81,0.0,0.0
2025-06-21,NR,Rajasthan,12902.0,0.0,287.05,116.18,-7.33,333.0,0.0
2025-06-22,NR,Rajasthan,12986.0,0.0,286.1,124.38,-9.75,340.0,0.0
2025-06-23,NR,Rajasthan,13223.0,0.0,298.67,131.97,-4.47,391.0,0.0
2025-06-24,NR,Rajasthan,14050.0,0.0,296.95,137.09,-7.39,349.0,0.0
2025-06-25,NR,Rajasthan,13312.0,0.0,297.63,134.96,-7.03,304.0,0.0
2025-06-26,NR,Rajasthan,12836.0,0.0,294.72,134.81,-2.91,633.0,0.0
2025-06-27,NR,Rajasthan,13027.0,0.0,279.82,117.8,-4.54,658.0,0.0
2025-06-28,NR,Rajasthan,13645.0,0.0,291.3,130.7,-6.3,598.0,0.0
2025-06-29,NR,Rajasthan,13135.0,0.0,283.83,114.21,-11.96,24.0,0.0
2025-06-30,NR,Rajasthan,13617.0,0.0,286.53,111.69,-5.94,606.0,0.0
2025-07-01,NR,Rajasthan,13784.0,0.0,302.05,107.95,-12.39,383.0,0.0
2025-07-02,NR,Rajasthan,12682.0,0.0,285.76,116.88,-5.52,587.0,0.0
2025-07-03,NR,Rajasthan,12617.0,0.0,275.32,114.59,-3.63,415.0,0.0
2025-07-04,NR,Rajasthan,12903.0,0.0,282.77,113.89,-7.37,532.0,0.0
2025-07-05,NR,Rajasthan,12716.0,0.0,287.72,108.31,-10.65,281.0,0.0
2025-07-06,NR,Rajasthan,12906.0,0.0,280.81,119.09,-5.08,421.0,0.0
2025-07-07,NR,Rajasthan,13283.0,0.0,286.93,127.89,-9.06,324.0,0.0
2025-07-08,NR,Rajasthan,13746.0,0.0,301.19,128.73,-2.16,570.0,0.0
2025-07-09,NR,Rajasthan,13810.0,0.0,305.25,126.0,-4.77,492.0,0.0
2025-07-10,NR,Rajasthan,12962.0,0.0,286.84,126.52,-4.78,352.0,0.0
2025-07-11,NR,Rajasthan,12551.0,0.0,276.98,110.18,-8.05,463.0,0.0
2025-07-12,NR,Rajasthan,12219.0,0.0,252.25,97.69,-6.03,350.0,0.0
2025-07-13,NR,Rajasthan,11638.0,0.0,251.7,90.5,-11.1,66.0,0.0
2025-07-14,NR,Rajasthan,10570.0,0.0,238.64,77.97,-8.95,359.0,0.0
2025-07-15,NR,Rajasthan,11218.0,0.0,230.45,74.05,-6.96,505.0,0.0
2025-07-16,NR,Rajasthan,12132.0,0.0,251.15,81.61,-6.81,316.0,0.0
2025-07-17,NR,Rajasthan,11748.0,0.0,260.59,91.03,-4.07,530.0,0.0
2025-07-18,NR,Rajasthan,10995.0,0.0,242.76,85.03,-5.12,904.0,0.0
2025-07-19,NR,Rajasthan,10948.0,0.0,225.22,73.88,-5.29,655.0,0.0
2025-07-20,NR,Rajasthan,11576.0,0.0,239.74,97.03,-4.31,315.0,0.0
2025-07-21,NR,Rajasthan,12776.0,0.0,264.75,96.19,-2.14,682.0,0.0
2025-07-22,NR,Rajasthan,13134.0,0.0,284.31,102.39,-5.08,369.0,0.0
2025-07-23,NR,Rajasthan,13181.0,0.0,284.65,83.61,-7.02,51.0,0.0
2025-07-24,NR,Rajasthan,13729.0,0.0,292.31,102.61,-2.61,704.0,0.0
2025-07-25,NR,Rajasthan,14582.0,0.0,311.65,129.2,-2.47,881.0,0.0
2025-07-26,NR,Rajasthan,13712.0,0.0,295.52,128.12,-8.21,332.0,0.0
2025-07-27,NR,Rajasthan,12856.0,0.0,285.32,128.28,-2.76,894.0,0.0
2025-07-28,NR,Rajasthan,13363.0,0.0,294.58,126.29,-9.15,0.0,0.0
2025-07-29,NR,Rajasthan,13654.0,0.0,298.2,104.8,-13.3,212.0,0.0
2025-07-30,NR,Rajasthan,13389.0,0.0,307.03,121.17,-5.48,621.0,0.0
2025-07-31,NR,Rajasthan,12503.0,0.0,280.64,116.8,-6.55,452.0,0.0
2025-08-01,NR,Rajasthan,12151.0,0.0,263.9,106.76,-9.14,415.0,0.0
2025-08-02,NR,Rajasthan,13217.0,0.0,294.15,90.94,-12.63,0.0,0.0
2025-08-03,NR,Rajasthan,13555.0,0.0,316.16,106.95,-9.28,265.0,0.0
2025-08-04,NR,Rajasthan,14012.0,0.0,312.6,119.05,-7.81,324.0,0.0
2025-08-05,NR,Rajasthan,14298.0,0.0,320.7,110.26,-5.89,364.0,0.0
2025-08-06,NR,Rajasthan,14652.0,0.0,332.43,121.2,2.84,1157.0,0.0
2025-08-07,NR,Rajasthan,15259.0,0.0,341.8,141.9,-1.2,665.0,0.0
2025-08-08,NR,Rajasthan,15655.0,0.0,351.28,140.2,-1.48,581.0,0.0
2025-08-09,NR,Rajasthan,14761.0,0.0,328.68,140.6,-4.58,651.0,0.0
2025-08-10,NR,Rajasthan,14589.0,0.0,325.02,130.64,-4.69,304.0,0.0
2025-08-11,NR,Rajasthan,15976.0,0.0,351.72,138.71,-4.08,523.0,0.0
2025-08-12,NR,Rajasthan,16596.0,0.0,370.11,147.37,-1.22,616.0,0.0
2025-08-13,NR,Rajasthan,17475.0,0.0,377.92,166.76,1.84,708.0,0.0
2025-08-14,NR,Rajasthan,16415.0,0.0,366.72,178.72,0.49,1195.0,0.0
2025-08-15,NR,Rajasthan,15207.0,0.0,347.92,168.58,-1.15,412.0,0.0
2025-08-16,NR,Rajasthan,16070.0,0.0,348.03,167.63,-2.04,711.0,0.0
2025-08-17,NR,Rajasthan,15940.0,0.0,356.64,179.0,-0.37,656.0,0.0
2025-08-18,NR,Rajasthan,16773.0,0.0,365.16,175.04,-2.01,332.0,0.0
2025-08-19,NR,Rajasthan,16256.0,0.0,361.52,177.59,-3.0,499.0,0.0
2025-08-20,NR,Rajasthan,16461.0,0.0,363.27,171.48,-0.39,435.0,0.0
2025-08-21,NR,Rajasthan,15340.0,0.0,337.2,170.2,2.1,523.0,0.0
2025-08-22,NR,Rajasthan,14138.0,0.0,317.0,158.09,-6.64,589.0,0.0
2025-08-23,NR,Rajasthan,13170.0,0.0,278.27,135.23,-12.43,579.0,0.0
2025-08-24,NR,Rajasthan,11876.0,0.0,245.04,130.37,-6.46,554.0,0.0
2025-08-25,NR,Rajasthan,11615.0,0.0,266.34,124.16,-9.07,878.0,0.0
2025-08-26,NR,Rajasthan,11928.0,0.0,268.27,107.43,-7.58,120.0,0.0
2025-08-27,NR,Rajasthan,12766.0,0.0,281.43,110.88,-6.41,354.0,0.0
2025-08-28,NR,Rajasthan,13291.0,0.0,295.48,121.99,-5.81,679.0,0.0
2025-08-29,NR,Rajasthan,13150.0,0.0,298.77,126.25,-3.83,392.0,0.0
2025-08-30,NR,Rajasthan,12215.0,0.0,272.21,122.69,-6.85,947.0,0.0
2025-08-31,NR,Rajasthan,10888.0,0.0,245.1,101.77,-16.83,1233.0,0.0
2025-09-01,NR,Rajasthan,10760.0,0.0,228.2,88.69,-13.17,241.0,0.0
2025-09-02,NR,Rajasthan,11091.0,0.0,236.77,103.26,-9.62,205.0,0.0
2025-09-03,NR,Rajasthan,10897.0,0.0,248.16,106.94,-7.08,280.0,0.0
2025-09-04,NR,Rajasthan,11120.0,0.0,248.99,108.94,-7.07,691.0,0.0
2025-09-05,NR,Rajasthan,10661.0,0.0,246.65,101.81,-5.85,448.0,0.0
2025-09-06,NR,Rajasthan,10695.0,0.0,234.46,93.77,-5.34,831.0,0.0
2025-09-07,NR,Rajasthan,10073.0,0.0,215.81,88.76,-14.05,0.0,0.0
2025-09-08,NR,Rajasthan,11351.0,0.0,227.24,67.81,-7.22,96.0,0.0
2025-09-09,NR,Rajasthan,11870.0,0.0,251.9,80.6,0.0,861.0,0.0
2025-09-10,NR,Rajasthan,12518.0,0.0,266.09,88.77,-4.76,861.0,0.0
2025-09-11,NR,Rajasthan,12897.0,0.0,282.35,80.53,-6.19,560.0,0.0
2025-09-12,NR,Rajasthan,13457.0,0.0,296.31,97.48,-5.04,283.0,0.0
2025-09-13,NR,Rajasthan,13855.0,0.0,309.7,111.55,-2.07,733.0,0.0
2025-09-14,NR,Rajasthan,14015.0,0.0,310.44,117.22,-7.26,271.0,0.0
2025-09-15,NR,Rajasthan,14531.0,0.0,325.22,113.03,-3.78,760.0,0.0
2025-09-16,NR,Rajasthan,14866.0,0.0,335.07,120.22,0.34,726.0,0.0
2025-09-17,NR,Rajasthan,15179.0,0.0,331.28,124.35,-1.55,729.0,0.0
2025-09-18,NR,Rajasthan,14989.0,0.0,339.69,124.66,1.19,798.0,0.0
2025-09-19,NR,Rajasthan,15152.0,0.0,341.98,130.66,-1.2,714.0,0.0
2025-09-20,NR,Rajasthan,15135.0,0.0,339.65,133.55,-3.26,660.0,0.0
2025-09-21,NR,Rajasthan,14520.0,0.0,323.08,116.44,-6.34,327.0,0.0
2025-09-22,NR,Rajasthan,15139.0,0.0,337.24,123.76,-2.57,877.0,0.0
2025-09-23,NR,Rajasthan,15386.0,0.0,342.71,122.02,-3.07,242.0,0.0
2025-09-24,NR,Rajasthan,15425.0,0.0,343.4,118.39,-4.73,243.0,0.0
2025-09-25,NR,Rajasthan,15569.0,0.0,345.55,125.57,-0.27,656.0,0.0
2025-09-26,NR,Rajasthan,15770.0,0.0,346.77,131.66,0.0,521.0,0.0
2025-09-27,NR,Rajasthan,15698.0,0.0,348.01,133.39,1.26,478.0,0.0
2025-09-28,NR,Rajasthan,15008.0,0.0,338.62,123.41,-1.24,697.0,0.0
2025-09-29,NR,Rajasthan,15821.0,0.0,348.52,124.42,0.79,775.0,0.0
2025-09-30,NR,Rajasthan,14570.0,0.0,310.4,129.56,-6.94,830.0,0.0
2025-10-01,NR,Rajasthan,13251.0,0.0,296.28,113.15,-5.46,822.0,0.0
2025-10-02,NR,Rajasthan,13223.0,0.0,293.26,110.68,-2.59,546.0,0.0
2025-10-03,NR,Rajasthan,13581.0,0.0,302.35,126.55,-2.77,558.0,0.0
2025-10-04,NR,Rajasthan,13263.0,0.0,297.25,115.46,-3.04,719.0,0.0
2025-10-05,NR,Rajasthan,12824.0,0.0,282.77,103.64,-4.98,490.0,0.0
2025-10-06,NR,Rajasthan,11363.0,0.0,248.35,82.15,-13.84,1424.0,0.0
2025-10-07,NR,Rajasthan,11031.0,0.0,228.61,83.81,-8.77,422.0,0.0
2025-10-08,NR,Rajasthan,10950.0,0.0,229.2,84.33,-7.85,705.0,0.0
2025-10-09,NR,Rajasthan,10929.0,0.0,227.34,76.17,-5.96,677.0,0.0
2025-10-10,NR,Rajasthan,11141.0,0.0,234.47,75.39,-3.35,672.0,0.0
2025-10-11,NR,Rajasthan,11492.0,0.0,235.37,78.93,-2.97,997.0,0.0
2025-10-12,NR,Rajasthan,11351.0,0.0,237.67,90.6,-7.16,412.0,0.0
2025-10-13,NR,Rajasthan,11713.0,0.0,247.85,87.95,-1.18,1150.0,0.0
2025-10-14,NR,Rajasthan,11966.0,0.0,255.55,81.48,-1.1,723.0,0.0
2025-10-15,NR,Rajasthan,12435.0,0.0,261.51,77.84,-4.63,398.0,0.0
2025-10-16,NR,Rajasthan,12273.0,0.0,264.5,74.75,-3.69,552.0,0.0
2025-10-17,NR,Rajasthan,12503.0,0.0,262.42,67.76,-4.31,901.0,0.0
2025-10-18,NR,Rajasthan,12646.0,0.0,264.25,64.08,-4.17,903.0,0.0
2025-10-19,NR,Rajasthan,12251.0,0.0,253.23,56.35,-0.04,429.0,0.0
2025-10-20,NR,Rajasthan,11723.0,0.0,237.19,56.81,0.17,621.0,0.0
2025-10-21,NR,Rajasthan,11283.0,0.0,227.69,62.52,-1.37,1016.0,0.0
2025-10-22,NR,Rajasthan,11855.0,0.0,243.78,70.31,0.5,714.0,0.0
2025-10-23,NR,Rajasthan,12625.0,0.0,253.25,76.22,-2.54,676.0,0.0
2025-10-24,NR,Rajasthan,13520.0,0.0,268.74,80.35,-0.99,759.0,0.0
2025-10-25,NR,Rajasthan,13863.0,0.0,274.9,83.11,-2.11,579.0,0.0
2025-10-26,NR,Rajasthan,13916.0,0.0,277.23,73.62,-3.51,582.0,0.0
2025-10-27,NR,Rajasthan,13365.0,0.0,259.12,68.42,-7.59,987.0,0.0
2025-10-28,NR,Rajasthan,13044.0,0.0,264.44,67.67,-7.35,1085.0,0.0
2025-10-29,NR,Rajasthan,13403.0,0.0,259.12,68.28,-7.62,488.0,0.0
2025-10-30,NR,Rajasthan,13882.0,0.0,268.31,73.58,-2.47,773.0,0.0
2025-10-31,NR,Rajasthan,13752.0,0.0,267.84,78.04,0.57,588.0,0.0
2025-11-01,NR,Rajasthan,13344.0,0.0,268.28,75.15,0.46,493.0,0.0
2025-11-02,NR,Rajasthan,13391.0,0.0,262.34,68.71,-0.55,630.0,0.0
2025-11-03,NR,Rajasthan,13346.0,0.0,269.58,75.8,-1.1,614.0,0.0
2025-11-04,NR,Rajasthan,13526.0,0.0,270.6,63.93,-5.67,973.0,0.0
2025-11-05,NR,Rajasthan,13423.0,0.0,270.14,69.6,-1.0,679.0,0.0
2025-11-06,NR,Rajasthan,13662.0,0.0,271.57,68.42,-3.82,507.0,0.0
2025-11-07,NR,Rajasthan,14253.0,0.0,277.27,71.62,-0.97,612.0,0.0
2025-11-08,NR,Rajasthan,14236.0,0.0,278.36,78.76,-0.53,795.0,0.0
2025-11-09,NR,Rajasthan,14297.0,0.0,275.21,77.64,-0.22,1077.0,0.0
2025-11-10,NR,Rajasthan,14531.0,0.0,279.9,81.8,2.2,1301.0,0.0
2025-11-11,NR,Rajasthan,14821.0,0.0,284.94,91.36,-0.34,910.0,0.0
2025-11-12,NR,Rajasthan,15346.0,0.0,291.62,91.62,1.47,1346.0,0.0
2025-11-13,NR,Rajasthan,15379.0,0.0,295.6,96.45,1.96,943.0,0.0
2025-11-14,NR,Rajasthan,15637.0,0.0,297.53,95.14,-1.42,1161.0,0.0
2025-11-15,NR,Rajasthan,15554.0,0.0,296.88,98.98,0.07,1143.0,0.0
2025-11-16,NR,Rajasthan,15604.0,0.0,295.74,104.84,0.35,1445.0,0.0
2025-11-17,NR,Rajasthan,15968.0,0.0,301.88,101.58,-0.6,1090.0,0.0
2025-11-18,NR,Rajasthan,15998.0,0.0,306.16,97.51,-0.88,1022.0,0.0
2025-11-19,NR,Rajasthan,16418.0,0.0,313.08,99.4,1.61,1035.0,0.0
2025-11-20,NR,Rajasthan,16181.0,0.0,310.15,97.73,-3.73,946.0,0.0
2025-11-21,NR,Rajasthan,16730.0,0.0,311.74,95.68,0.06,1479.0,0.0
2025-11-22,NR,Rajasthan,16784.0,0.0,318.94,91.1,2.34,1501.0,0.0
2025-11-23,NR,Rajasthan,16904.0,0.0,314.37,105.37,-3.94,854.0,0.0
2025-11-24,NR,Rajasthan,16889.0,0.0,311.26,102.59,0.71,1314.0,0.0
2025-11-25,NR,Rajasthan,16795.0,0.0,320.14,96.42,0.53,963.0,0.0
2025-11-26,NR,Rajasthan,17396.0,0.0,322.49,102.48,-1.98,1051.0,0.0
2025-11-27,NR,Rajasthan,17432.0,0.0,327.1,108.86,1.8,1119.0,0.0
2025-11-28,NR,Rajasthan,17413.0,0.0,333.64,113.7,-0.92,844.0,0.0
2025-11-29,NR,Rajasthan,17284.0,0.0,338.33,121.93,2.12,801.0,0.0
2025-11-30,NR,Rajasthan,17614.0,0.0,323.17,117.38,-2.72,595.0,0.0
2025-12-01,NR,Rajasthan,17600.0,0.0,322.97,122.01,-0.41,1035.0,0.0
2025-12-02,NR,Rajasthan,17691.0,0.0,330.51,116.56,-0.17,513.0,0.0
2025-12-03,NR,Rajasthan,18012.0,0.0,331.0,111.75,-0.43,1035.0,0.0
2025-12-04,NR,Rajasthan,17748.0,0.0,331.41,112.81,-0.75,1221.0,0.0
2025-12-05,NR,Rajasthan,17848.0,0.0,336.93,107.03,-5.63,724.0,0.0
2025-12-06,NR,Rajasthan,17784.0,0.0,332.19,104.97,-0.91,1219.0,0.0
2025-12-07,NR,Rajasthan,17728.0,0.0,328.81,109.39,-2.46,971.0,0.0
2025-12-08,NR,Rajasthan,17620.0,0.0,330.49,108.87,-3.79,708.0,0.0
2025-12-09,NR,Rajasthan,18013.0,0.0,336.6,112.88,-2.68,917.0,0.0
2025-12-10,NR,Rajasthan,18294.0,0.0,338.17,112.3,-1.68,909.0,0.0
2025-12-11,NR,Rajasthan,18150.0,0.0,333.98,112.42,-2.7,739.0,0.0
2025-12-12,NR,Rajasthan,18452.0,0.0,336.97,111.2,-3.31,1258.0,0.0
2025-12-13,NR,Rajasthan,18043.0,0.0,336.07,112.54,-0.69,815.0,0.0
2025-12-14,NR,Rajasthan,17932.0,0.0,334.37,120.99,-2.86,1269.0,0.0
2025-12-15,NR,Rajasthan,17670.0,0.0,331.81,114.9,-1.3,1380.0,0.0
2025-12-16,NR,Rajasthan,17936.0,0.0,335.84,126.27,-1.82,1023.0,0.0
2025-12-17,NR,Rajasthan,18084.0,0.0,336.95,127.13,1.3,990.0,0.0
2025-12-18,NR,Rajasthan,18180.0,0.0,336.1,129.18,0.49,1106.0,0.0
2025-12-19,NR,Rajasthan,17923.0,0.0,329.26,119.08,-0.9,676.0,0.0
2025-12-20,NR,Rajasthan,18215.0,0.0,334.74,116.36,2.24,970.0,0.0
2025-12-21,NR,Rajasthan,18362.0,0.0,334.66,122.63,-0.52,1122.0,0.0
2025-12-22,NR,Rajasthan,17947.0,0.0,332.63,122.32,3.99,1264.0,0.0
2025-12-23,NR,Rajasthan,17432.0,0.0,335.96,125.07,3.97,1287.0,0.0
2025-12-24,NR,Rajasthan,17902.0,0.0,336.32,121.09,-0.91,1109.0,0.0
2025-12-25,NR,Rajasthan,18592.0,0.0,341.91,125.74,-2.22,863.0,0.0
2025-12-26,NR,Rajasthan,18742.0,0.0,342.77,130.79,-0.43,782.0,0.0
2025-12-27,NR,Rajasthan,18602.0,0.0,344.86,132.56,-0.33,840.0,0.0
2025-12-28,NR,Rajasthan,18090.0,0.0,336.68,126.29,-0.95,921.0,0.0
2025-12-29,NR,Rajasthan,18832.0,0.0,337.87,126.19,2.15,1007.0,0.0
2025-12-30,NR,Rajasthan,18832.0,0.0,340.55,122.92,1.83,1016.0,0.0
2025-12-31,NR,Rajasthan,18731.0,0.0,340.45,132.62,4.22,865.0,0.0
2026-01-01,NR,Rajasthan,15867.0,0.0,299.36,109.46,-6.53,1023.0,0.0
2026-01-02,NR,Rajasthan,17484.0,0.0,320.23,123.24,0.18,1475.0,0.0
2026-01-03,NR,Rajasthan,17923.0,0.0,326.16,122.84,-2.05,745.0,0.0
2026-01-04,NR,Rajasthan,17550.0,0.0,323.36,122.61,-4.36,447.0,0.0
2026-01-05,NR,Rajasthan,17798.0,0.0,331.29,114.85,-6.91,816.0,0.0
2026-01-06,NR,Rajasthan,18046.0,0.0,338.1,112.2,0.36,1048.0,0.0
2026-01-07,NR,Rajasthan,18598.0,0.0,335.68,113.24,-0.75,1166.0,0.0
2026-01-08,NR,Rajasthan,18664.0,0.0,343.86,112.03,-2.55,566.0,0.0
2026-01-09,NR,Rajasthan,19282.0,0.0,347.54,119.69,0.82,1006.0,0.0
2026-01-10,NR,Rajasthan,18723.0,0.0,341.49,131.69,-0.68,762.0,0.0
2026-01-11,NR,Rajasthan,18440.0,0.0,335.28,131.9,-1.27,789.0,0.0
2026-01-12,NR,Rajasthan,18876.0,0.0,342.02,125.16,1.18,1160.0,0.0
2026-01-13,NR,Rajasthan,19147.0,0.0,346.08,117.73,-0.89,586.0,0.0
2026-01-14,NR,Rajasthan,18558.0,0.0,335.0,121.97,-2.4,422.0,0.0
2026-01-15,NR,Rajasthan,19004.0,0.0,341.01,127.62,-3.28,613.0,0.0
2026-01-16,NR,Rajasthan,18958.0,0.0,343.98,135.09,-1.35,792.0,0.0
2026-01-17,NR,Rajasthan,18979.0,0.0,345.22,139.02,2.28,719.0,0.0
2026-01-18,NR,Rajasthan,18602.0,0.0,332.84,133.45,-0.88,664.0,0.0
2026-01-19,NR,Rajasthan,19076.0,0.0,341.09,127.76,-0.57,708.0,0.0
2026-01-20,NR,Rajasthan,18982.0,0.0,342.02,122.23,-4.3,529.0,0.0
2026-01-21,NR,Rajasthan,18916.0,0.0,346.19,115.06,-6.2,274.0,0.0
2026-01-22,NR,Rajasthan,19094.0,0.0,341.23,117.13,-1.61,1693.0,0.0
2026-01-23,NR,Rajasthan,16008.0,0.0,298.23,96.96,-11.03,911.0,0.0
2026-01-24,NR,Rajasthan,17152.0,0.0,319.51,100.96,-9.01,619.0,0.0
2026-01-25,NR,Rajasthan,17606.0,0.0,324.67,99.49,-2.44,1409.0,0.0
2026-01-26,NR,Rajasthan,18252.0,0.0,326.15,114.45,-3.76,995.0,0.0
2026-01-27,NR,Rajasthan,17838.0,0.0,315.76,105.15,-4.94,1186.0,0.0
2026-01-28,NR,Rajasthan,17837.0,0.0,318.95,112.53,-6.5,1398.0,0.0
2026-01-29,NR,Rajasthan,18189.0,0.0,326.95,115.91,-9.3,168.0,0.0
2026-01-30,NR,Rajasthan,18587.0,0.0,336.48,108.93,-3.79,1473.0,0.0
2026-01-31,NR,Rajasthan,18392.0,0.0,331.63,113.29,-1.6,1326.0,0.0
2026-02-01,NR,Rajasthan,18036.0,0.0,318.82,106.42,-4.1,1191.0,0.0
2026-02-02,NR,Rajasthan,18012.0,0.0,322.69,100.07,-3.62,928.0,0.0
2026-02-03,NR,Rajasthan,18021.0,0.0,329.45,108.2,0.84,909.0,0.0
2026-02-04,NR,Rajasthan,18302.0,0.0,329.79,103.77,-8.18,825.0,0.0
2026-02-05,NR,Rajasthan,18561.0,0.0,337.91,98.95,-4.8,432.0,0.0
2026-02-06,NR,Rajasthan,18841.0,0.0,344.04,108.9,-0.42,1123.0,0.0
2026-02-07,NR,Rajasthan,18748.0,0.0,342.62,110.46,-0.36,1137.0,0.0
2026-02-08,NR,Rajasthan,18048.0,0.0,335.88,105.52,-2.9,974.0,0.0
2026-02-09,NR,Rajasthan,18654.0,0.0,339.44,111.87,-5.25,1592.0,0.0
2026-02-10,NR,Rajasthan,18647.0,0.0,340.09,106.33,-2.36,726.0,0.0
2026-02-11,NR,Rajasthan,18540.0,0.0,339.81,99.14,-4.57,1458.0,0.0
2026-02-12,NR,Rajasthan,18561.0,0.0,342.07,108.56,-0.29,978.0,0.0
2026-02-13,NR,Rajasthan,18728.0,0.0,339.17,111.65,-2.79,,0.0
2026-02-14,NR,Rajasthan,18152.0,0.0,338.48,118.23,1.12,,0.0
2026-02-15,NR,Rajasthan,18126.0,0.0,329.87,114.18,-0.05,,0.0
2026-02-16,NR,Rajasthan,18030.0,0.0,327.16,108.84,-1.47,,0.0
2026-02-17,NR,Rajasthan,18541.0,0.0,321.57,105.67,-0.03,,0.0
2026-02-18,NR,Rajasthan,16689.0,0.0,296.78,84.77,-12.06,,0.0
2026-02-19,NR,Rajasthan,15777.0,0.0,291.2,70.96,-8.73,,0.0
2026-02-20,NR,Rajasthan,16777.0,0.0,309.55,84.48,-6.74,,0.0
2026-02-21,NR,Rajasthan,16892.0,0.0,311.46,84.89,-3.32,,0.0
2026-02-22,NR,Rajasthan,16764.0,0.0,308.1,85.95,-3.96,,0.0
2026-02-23,NR,Rajasthan,17385.0,0.0,311.72,86.3,-3.94,,0.0
2026-02-24,NR,Rajasthan,17388.0,0.0,320.26,91.44,-3.79,,0.0
2026-02-25,NR,Rajasthan,17720.0,0.0,323.96,89.77,-3.24,,0.0
2026-02-26,NR,Rajasthan,17605.0,0.0,325.28,91.52,-3.62,,0.0
2026-02-27,NR,Rajasthan,17964.0,0.0,328.89,92.6,-1.9,,0.0
2026-02-28,NR,Rajasthan,17609.0,0.0,327.53,88.19,-2.62,,0.0
2026-03-01,NR,Rajasthan,16837.0,0.0,316.36,82.38,-2.01,,0.0
2026-03-02,NR,Rajasthan,17017.0,0.0,311.28,70.71,-2.3,,0.0
2026-03-03,NR,Rajasthan,15536.0,0.0,287.86,57.45,-3.82,,0.0
2026-03-04,NR,Rajasthan,15177.0,0.0,275.91,61.18,-12.08,,0.0
2026-03-05,NR,Rajasthan,15406.0,0.0,290.21,65.23,-8.26,,0.0
2026-03-06,NR,Rajasthan,15705.0,0.0,307.76,62.78,-7.02,,0.0
2026-03-07,NR,Rajasthan,16085.0,0.0,327.74,56.76,-4.32,,0.0
2026-03-08,NR,Rajasthan,16178.0,0.0,309.92,68.56,-4.25,,0.0
2026-03-09,NR,Rajasthan,15885.0,0.0,308.08,62.15,-4.76,,0.0
2026-03-10,NR,Rajasthan,15720.0,0.0,317.6,52.68,-6.5,,0.0
2026-03-11,NR,Rajasthan,15767.0,0.0,305.1,55.74,-7.92,,0.0
2026-03-12,NR,Rajasthan,15317.0,0.0,304.71,58.34,-5.8,,0.0
2026-03-13,NR,Rajasthan,15038.0,0.0,301.73,59.96,-3.61,,0.0
2026-03-14,NR,Rajasthan,15046.0,0.0,298.44,47.97,-3.99,,0.0
2026-03-15,NR,Rajasthan,14685.0,0.0,290.72,48.11,-11.35,,0.0
2026-03-16,NR,Rajasthan,15152.0,0.0,281.09,48.98,-8.72,,0.0
2026-03-17,NR,Rajasthan,14840.0,0.0,281.94,55.51,-8.85,,0.0
2026-03-18,NR,Rajasthan,14628.0,0.0,271.06,51.22,-1.05,,0.0
2026-03-19,NR,Rajasthan,11446.0,0.0,232.95,51.29,-10.49,,0.0
2026-03-20,NR,Rajasthan,10889.0,0.0,208.44,36.47,-11.54,,0.0
2026-03-21,NR,Rajasthan,12247.0,0.0,221.07,41.98,-8.42,,0.0
2026-03-22,NR,Rajasthan,11865.0,0.0,222.07,54.44,-11.75,,0.0
2026-03-23,NR,Rajasthan,12246.0,0.0,229.24,47.25,-5.75,,0.0
2026-03-24,NR,Rajasthan,12568.0,0.0,237.43,51.63,-3.6,,0.0
2026-03-25,NR,Rajasthan,13069.0,0.0,243.24,60.33,-4.7,,0.0
2026-03-26,NR,Rajasthan,13005.0,0.0,255.53,50.6,-3.33,,0.0
2026-03-27,NR,Rajasthan,12143.0,0.0,246.8,41.8,-8.4,761.0,0.0
2026-03-28,NR,Rajasthan,12476.0,0.0,254.6,38.81,-8.04,,0.0
2026-03-29,NR,Rajasthan,12222.0,0.0,243.75,35.7,-16.64,,0.0
2026-03-30,NR,Rajasthan,12962.0,0.0,266.28,30.25,-6.96,,0.0
2026-03-31,NR,Rajasthan,11326.0,0.0,240.15,38.88,-7.74,,0.0
2026-04-01,NR,Rajasthan,11826.0,0.0,239.58,43.61,-9.44,,0.0
2026-04-02,NR,Rajasthan,12382.0,0.0,246.92,28.97,-10.16,,0.0
2026-04-03,NR,Rajasthan,11298.0,0.0,233.29,31.61,-7.35,,0.0
2026-04-04,NR,Rajasthan,11019.0,0.0,225.99,28.82,-1.25,,0.0
2026-04-05,NR,Rajasthan,10966.0,0.0,222.18,49.9,-15.37,,0.0
2026-04-06,NR,Rajasthan,11718.0,0.0,230.03,27.48,-10.6,,0.0
2026-04-07,NR,Rajasthan,11623.0,0.0,203.48,23.63,-14.76,,0.0
2026-04-08,NR,Rajasthan,10526.0,0.0,196.38,28.79,-10.43,,0.0
2026-04-09,NR,Rajasthan,10510.0,0.0,201.28,36.93,-13.76,,0.0
2026-04-10,NR,Rajasthan,10740.0,0.0,215.58,41.27,-12.39,,0.0
2026-04-11,NR,Rajasthan,11563.0,0.0,230.74,46.93,-4.28,,0.0
2026-04-12,NR,Rajasthan,11356.0,0.0,228.51,53.76,-7.93,,0.0
2026-04-13,NR,Rajasthan,11876.0,0.0,243.9,52.06,-6.86,,0.0
2026-04-14,NR,Rajasthan,12226.0,0.0,263.5,39.18,-6.24,,0.0
2026-04-15,NR,Rajasthan,12338.0,0.0,267.68,53.26,-2.53,,0.0
2026-04-16,NR,Rajasthan,12808.0,0.0,281.4,56.19,-3.17,,0.0
2026-04-17,NR,Rajasthan,13058.0,0.0,275.95,60.47,-3.84,,0.0
2026-04-18,NR,Rajasthan,12768.0,0.0,278.91,55.7,-6.48,,0.0
2026-04-19,NR,Rajasthan,12363.0,0.0,269.65,48.92,-10.08,,0.0
2026-04-20,NR,Rajasthan,12860.0,0.0,279.32,54.46,-6.85,,0.0
2026-04-21,NR,Rajasthan,12973.0,0.0,282.93,50.59,-6.54,,0.0
2026-04-22,NR,Rajasthan,13294.0,0.0,294.92,48.05,-3.51,,0.0
2026-04-23,NR,Rajasthan,13440.0,0.0,297.18,60.62,-3.22,,0.0
2026-04-24,NR,Rajasthan,14209.0,0.0,307.65,71.55,-2.57,,0.0
2026-04-25,NR,Rajasthan,14204.0,0.0,314.29,78.92,1.52,,0.0
2026-04-26,NR,Rajasthan,14087.0,0.0,312.32,78.14,-4.32,,0.0
2026-04-27,NR,Rajasthan,14093.0,0.0,311.16,67.11,-9.94,,0.0
2026-04-28,NR,Rajasthan,14723.0,0.0,325.43,66.7,-3.74,,0.0
2026-04-29,NR,Rajasthan,14176.0,0.0,313.99,76.49,-7.07,,0.0
2026-04-30,NR,Rajasthan,13156.0,0.0,296.42,75.22,-10.2,,0.0
2026-05-01,NR,Rajasthan,13435.0,0.0,291.01,91.08,-10.06,,0.0
2026-05-02,NR,Rajasthan,13142.0,0.0,283.95,72.89,-8.07,,0.0
2026-05-03,NR,Rajasthan,12934.0,0.0,275.88,85.49,-10.26,,0.0
2026-05-04,NR,Rajasthan,12450.0,0.0,252.56,74.26,-11.81,,0.0
2026-05-05,NR,Rajasthan,12464.0,0.0,250.72,58.83,-13.04,,0.0
2026-05-06,NR,Rajasthan,13259.0,0.0,277.46,71.58,-7.16,,0.0
2026-05-07,NR,Rajasthan,12773.0,0.0,285.86,62.8,-10.22,,0.0
2026-05-08,NR,Rajasthan,13597.0,0.0,294.6,67.95,-4.92,,0.0
2026-05-09,NR,Rajasthan,13845.0,0.0,306.82,70.87,-7.65,,0.0
2026-05-10,NR,Rajasthan,14393.0,0.0,308.45,76.68,-6.82,,0.0
2026-05-11,NR,Rajasthan,14594.0,0.0,335.53,71.52,-5.9,,0.0
2026-05-12,NR,Rajasthan,15073.0,0.0,329.65,77.84,-6.6,,0.0
2026-05-13,NR,Rajasthan,14719.0,0.0,327.8,86.61,-3.31,,0.0
2026-05-14,NR,Rajasthan,15074.0,0.0,327.24,82.63,-9.45,,0.0
2026-05-15,NR,Rajasthan,15483.0,0.0,329.64,76.47,-1.55,,0.0
2026-05-16,NR,Rajasthan,14911.0,0.0,331.01,91.42,-6.83,,0.0
2026-05-17,NR,Rajasthan,15569.0,0.0,338.75,87.42,-6.7,,0.0
2026-05-18,NR,Rajasthan,15744.0,0.0,359.46,81.84,-8.48,,0.0
2026-05-19,NR,Rajasthan,15789.0,0.0,359.76,90.94,-6.69,,0.0
2026-05-20,NR,Rajasthan,16206.0,0.0,361.86,85.24,-6.86,,0.0
2026-05-21,NR,Rajasthan,15832.0,0.0,344.49,84.13,-5.13,,0.0
2026-05-22,NR,Rajasthan,16036.0,0.0,364.01,101.91,5.17,,0.0
2026-05-23,NR,Rajasthan,16467.0,0.0,371.8,88.88,-3.59,,0.0
2026-05-24,NR,Rajasthan,16334.0,0.0,361.46,80.06,-12.41,,0.0
2026-05-25,NR,Rajasthan,16914.0,0.0,376.35,87.97,-0.57,,0.0
2026-05-26,NR,Rajasthan,16998.0,0.0,382.48,104.33,6.34,,0.0
2026-05-27,NR,Rajasthan,17206.0,0.0,375.87,94.07,-2.46,,0.0
2026-05-28,NR,Rajasthan,16946.0,0.0,372.88,96.61,-8.33,,0.0
2026-05-29,NR,Rajasthan,15575.0,0.0,329.32,90.06,-14.15,,0.0
2026-05-30,NR,Rajasthan,12201.0,0.0,259.43,72.25,-26.03,,0.0
2026-05-31,NR,Rajasthan,14128.0,0.0,262.83,78.57,-8.77,,0.0
2026-06-01,NR,Rajasthan,13566.0,0.0,293.36,73.61,-7.89,,0.0
2026-06-02,NR,Rajasthan,15034.0,0.0,277.15,42.09,-8.33,,0.0
2026-06-03,NR,Rajasthan,15133.0,0.0,322.13,70.42,-5.17,,0.0
2026-06-04,NR,Rajasthan,13719.0,0.0,309.23,64.57,-14.6,,0.0
2026-06-05,NR,Rajasthan,14408.0,0.0,271.17,58.58,-18.5,,0.0
2026-06-06,NR,Rajasthan,13813.0,0.0,292.15,63.66,-12.68,,0.0
2026-06-07,NR,Rajasthan,13709.0,0.0,298.15,72.22,-15.36,,0.0
2026-06-08,NR,Rajasthan,15805.0,0.0,322.01,72.81,-7.9,,0.0
2026-06-09,NR,Rajasthan,16066.0,0.0,346.12,74.46,-8.94,,0.0
2026-06-10,NR,Rajasthan,17190.0,0.0,364.26,86.35,-3.76,,0.0
2026-06-11,NR,Rajasthan,16668.0,0.0,380.83,101.85,-5.72,,0.0
2026-06-12,NR,Rajasthan,15602.0,0.0,349.49,99.86,-10.03,,0.0
2026-06-13,NR,Rajasthan,15059.0,0.0,293.04,88.43,-7.32,,0.0
2026-06-14,NR,Rajasthan,14331.0,0.0,297.57,87.41,-18.76,,0.0
2026-06-15,NR,Rajasthan,14844.0,0.0,295.9,44.64,-10.29,,0.0
2026-06-16,NR,Rajasthan,14346.0,0.0,311.16,55.27,-10.53,,0.0
2026-06-17,NR,Rajasthan,15241.0,0.0,293.28,62.53,-11.84,,0.0
2026-06-18,NR,Rajasthan,14773.0,0.0,327.32,56.28,-8.68,,0.0
2026-06-19,NR,Rajasthan,15485.0,0.0,316.85,46.28,-12.03,,0.0
2026-06-20,NR,Rajasthan,15296.0,0.0,330.41,61.52,-10.03,,0.0
2026-06-21,NR,Rajasthan,14887.0,0.0,308.45,38.67,-14.34,,0.0
2026-06-22,NR,Rajasthan,15852.0,0.0,325.36,55.58,-2.35,,0.0
2026-06-23,NR,Rajasthan,15654.0,0.0,336.32,73.36,-11.81,,0.0
2026-06-24,NR,Rajasthan,15303.0,0.0,337.03,61.73,-10.36,,0.0
2026-06-25,NR,Rajasthan,15409.0,0.0,332.22,68.3,-5.75,,0.0
2026-06-26,NR,Rajasthan,15767.0,0.0,337.84,79.49,-7.49,,0.0
2026-06-27,NR,Rajasthan,16457.0,0.0,349.82,83.64,-2.49,,0.0
2026-06-28,NR,Rajasthan,16398.0,0.0,356.53,87.73,-11.5,,0.0
2026-06-29,NR,Rajasthan,17254.0,0.0,356.77,83.06,-6.82,,0.0
2026-06-30,NR,Rajasthan,17570.0,0.0,372.15,90.71,-10.88,,0.0
2026-07-01,NR,Rajasthan,17441.0,0.0,388.51,107.78,-2.27,,0.0
2026-07-02,NR,Rajasthan,16680.0,0.0,361.94,106.62,-8.31,,0.0
2026-07-03,NR,Rajasthan,15560.0,0.0,342.05,101.5,-5.63,,0.0
2026-07-04,NR,Rajasthan,15229.0,0.0,337.08,108.0,-11.26,,0.0
2026-07-05,NR,Rajasthan,15710.0,0.0,329.98,110.98,-10.31,,0.0
2026-07-06,NR,Rajasthan,15299.0,0.0,330.49,107.62,-6.85,,0.0
2026-07-07,NR,Rajasthan,14708.0,0.0,316.73,104.64,-15.15,,0.0
2026-07-08,NR,Rajasthan,14534.0,0.0,286.4,82.4,-20.8,,0.0
2026-07-09,NR,Rajasthan,15329.0,0.0,315.22,74.51,-13.56,,0.0
2026-07-10,NR,Rajasthan,15733.0,0.0,327.57,54.07,-14.5,,0.0
2026-07-11,NR,Rajasthan,16301.0,0.0,344.97,82.37,-16.31,,0.0
2026-07-12,NR,Rajasthan,16372.0,0.0,371.01,101.27,-8.96,,0.0
2026-07-13,NR,Rajasthan,17082.0,0.0,362.54,108.38,-3.98,,0.0
2026-07-14,NR,Rajasthan,16694.0,0.0,367.66,91.39,-8.09,,0.0
2026-07-15,NR,Rajasthan,16207.0,0.0,367.44,103.33,-4.2,,0.0
2026-07-16,NR,Rajasthan,16738.0,0.0,381.57,115.84,1.92,,0.0
2026-07-17,NR,Rajasthan,17455.0,0.0,392.69,114.17,-0.99,,0.0
2026-07-18,NR,Rajasthan,17910.0,0.0,400.26,118.4,-0.45,,0.0
2026-07-19,NR,Rajasthan,17933.0,0.0,400.67,132.73,0.14,,0.0
2026-07-20,NR,Rajasthan,17513.0,0.0,394.78,137.15,-1.93,,0.0
2026-07-21,NR,Rajasthan,15985.0,0.0,353.95,121.33,-5.16,,0.0
2026-07-22,NR,Rajasthan,14320.0,0.0,316.12,116.38,-9.29,,0.0
2026-07-23,NR,Rajasthan,13445.0,0.0,279.87,94.63,-9.68,,0.0
2026-07-24,NR,Rajasthan,13367.0,0.0,279.81,75.95,-8.62,,0.0
2026-07-25,NR,Rajasthan,13852.0,0.0,281.99,86.25,-7.52,,0.0
2026-07-26,NR,Rajasthan,14356.0,0.0,289.8,92.95,-9.1,,0.0
2026-07-27,NR,Rajasthan,15152.0,0.0,309.52,99.2,-6.34,,0.0
2026-07-28,NR,Rajasthan,14548.0,0.0,317.32,73.79,-11.55,,0.0
2026-07-29,NR,Rajasthan,15046.0,0.0,305.57,89.64,-5.58,,0.0
2026-07-30,NR,Rajasthan,15269.0,0.0,317.94,98.95,-2.62,,0.0
2026-07-31,NR,Rajasthan,15264.0,0.0,322.28,101.33,-4.59,,0.0
2026-08-01,NR,Rajasthan,15366.0,0.0,331.2,110.68,-8.32,,0.0
2026-08-02,NR,Rajasthan,14872.0,0.0,323.84,121.06,-6.0,,0.0
2026-08-03,NR,Rajasthan,14090.0,0.0,313.74,99.6,-12.54,,0.0
2026-08-04,NR,Rajasthan,14105.0,0.0,298.54,79.68,-10.36,,0.0
2026-08-05,NR,Rajasthan,14936.0,0.0,314.06,66.13,-19.44,,0.0
2026-08-06,NR,Rajasthan,15210.0,0.0,319.5,72.75,-11.78,,0.0
2026-08-07,NR,Rajasthan,14284.0,0.0,317.92,95.15,-8.28,,0.0
2026-08-08,NR,Rajasthan,14693.0,0.0,314.21,113.62,-8.27,,0.0
2026-08-09,NR,Rajasthan,14544.0,0.0,314.9,129.68,-16.74,,0.0
2026-08-10,NR,Rajasthan,14435.0,0.0,317.43,119.17,-1.65,,0.0
2026-08-11,NR,Rajasthan,14463.0,0.0,322.12,109.98,-5.99,,0.0
2026-08-12,NR,Rajasthan,13767.0,0.0,296.37,103.17,-12.19,,0.0
2026-08-13,NR,Rajasthan,14873.0,0.0,289.33,89.86,-6.08,,0.0
2026-08-14,NR,Rajasthan,15073.0,0.0,311.33,76.2,-8.47,,0.0
2026-08-15,NR,Rajasthan,14543.0,0.0,306.06,115.8,-19.78,,0.0
2026-08-16,NR,Rajasthan,15206.0,0.0,312.52,112.36,-18.99,,0.0
2026-08-17,NR,Rajasthan,15851.0,0.0,333.03,103.0,-5.85,,0.0
2026-08-18,NR,Rajasthan,16133.0,0.0,351.95,103.43,-5.29,,0.0
2026-08-19,NR,Rajasthan,16340.0,0.0,358.12,108.84,-0.25,,0.0
2026-08-20,NR,Rajasthan,16185.0,0.0,360.82,119.5,3.28,,0.0
2026-08-21,NR,Rajasthan,16359.0,0.0,377.22,130.84,3.64,,0.0
2026-08-22,NR,Rajasthan,16532.0,0.0,372.77,123.37,-0.46,,0.0
2026-08-23,NR,Rajasthan,16767.0,0.0,378.4,146.77,9.92,,0.0
2026-08-24,NR,Rajasthan,16448.0,0.0,374.2,151.01,2.2,,0.0
2026-08-25,NR,Rajasthan,16693.0,0.0,370.49,136.84,-0.15,,0.0
2026-08-26,NR,Rajasthan,16249.0,0.0,363.05,120.81,-7.03,,0.0
2026-08-27,NR,Rajasthan,16619.0,0.0,364.75,102.98,-6.46,,0.0
2026-08-28,NR,Rajasthan,16204.0,0.0,347.07,102.66,-14.72,,0.0
2026-08-29,NR,Rajasthan,16379.0,0.0,356.63,103.38,-7.1,,0.0
2026-08-30,NR,Rajasthan,16232.0,0.0,358.9,122.61,-13.12,,0.0
2026-08-31,NR,Rajasthan,16506.0,0.0,372.85,121.57,1.88,,0.0
2026-09-01,NR,Rajasthan,16770.0,0.0,376.36,122.81,10.0,,0.0
2026-09-02,NR,Rajasthan,17453.0,0.0,376.96,130.13,15.43,,0.0
2026-09-03,NR,Rajasthan,17230.0,0.0,372.47,131.42,11.44,,0.0
2026-09-04,NR,Rajasthan,16871.0,0.0,366.85,133.91,7.9,,6.2
2026-09-05,NR,Rajasthan,15946.0,0.0,350.18,136.12,1.78,,0.0
2026-09-06,NR,Rajasthan,15147.0,0.0,329.08,116.64,-2.41,,0.0
2026-09-07,NR,Rajasthan,15834.0,0.0,346.07,112.42,-9.31,,0.0
2026-09-08,NR,Rajasthan,16290.0,0.0,353.64,111.13,2.74,,0.0
2026-09-09,NR,Rajasthan,16396.0,313.0,360.7,113.91,2.81,,2.03
2026-09-10,NR,Rajasthan,16575.0,0.0,371.25,114.36,6.25,,4.99
2026-09-11,NR,Rajasthan,16276.0,151.0,355.77,114.87,0.84,,7.59
2026-09-12,NR,Rajasthan,16360.0,0.0,368.64,126.62,8.84,,1.33
2026-09-13,NR,Rajasthan,15619.0,0.0,349.55,128.19,1.8,,0.0
2026-09-14,NR,Rajasthan,16227.0,0.0,362.59,123.26,3.45,,0.0
2026-09-15,NR,Rajasthan,15483.0,0.0,355.36,120.92,6.84,,2.68
2026-09-16,NR,Rajasthan,15962.0,0.0,359.33,121.6,9.03,,6.74
2026-09-17,NR,Rajasthan,15542.0,0.0,334.87,123.53,-1.94,,0.34
2026-09-18,NR,Rajasthan,14127.0,0.0,311.03,107.06,-10.28,,0.0
2026-09-19,NR,Rajasthan,14566.0,0.0,307.55,90.94,-7.28,,0.0
2026-09-20,NR,Rajasthan,14996.0,0.0,317.67,99.06,-6.78,,0.0
2026-09-21,NR,Rajasthan,14976.0,0.0,333.37,103.61,0.19,,1.85
2026-09-22,NR,Rajasthan,15578.0,97.0,341.78,113.9,1.79,,3.08
2026-09-23,NR,Rajasthan,16815.0,0.0,354.33,123.39,0.65,,0.3
2026-09-24,NR,Rajasthan,16941.0,0.0,362.45,140.18,-10.36,,0.0
2026-09-25,NR,Rajasthan,16725.0,0.0,359.15,139.22,-16.58,,0.0
2026-09-26,NR,Rajasthan,16044.0,0.0,342.1,148.2,-16.11,,0.0
2026-09-27,NR,Rajasthan,15206.0,0.0,319.77,123.78,-19.3,,0.0
2026-09-28,NR,Rajasthan,14702.0,0.0,322.62,97.86,-10.45,,0.0
2026-09-29,NR,Rajasthan,15216.0,0.0,336.41,103.39,-3.02,,0.0
