ts,demand_met_mw,wind_mw,solar_mw
2024-11-04 00:00:00,149958.5,2488.2,163.0
2024-11-04 01:00:00,146157.1,2492.0,163.2
2024-11-04 02:00:00,143692.0,2652.2,161.2
2024-11-04 03:00:00,142015.9,2677.2,161.0
2024-11-04 04:00:00,143594.4,2710.2,161.0
2024-11-04 05:00:00,151274.3,2644.8,164.2
2024-11-04 06:00:00,163519.3,2431.2,708.8
2024-11-04 07:00:00,172614.2,2269.0,6284.0
2024-11-04 08:00:00,174923.9,1912.8,21327.5
2024-11-04 09:00:00,181573.9,2027.8,35474.5
2024-11-04 10:00:00,185572.5,1884.0,44632.5
2024-11-04 11:00:00,185836.4,2097.5,49298.5
2024-11-04 12:00:00,185112.5,2213.0,49758.2
2024-11-04 13:00:00,181550.1,1811.0,48098.0
2024-11-04 14:00:00,182710.0,1724.0,42566.8
2024-11-04 15:00:00,183543.1,1798.2,33114.5
2024-11-04 16:00:00,182258.3,1712.5,19474.0
2024-11-04 17:00:00,183797.4,1722.2,5138.5
2024-11-04 18:00:00,188914.8,2415.2,520.8
2024-11-04 19:00:00,183499.0,3243.0,359.5
2024-11-04 20:00:00,174606.0,3045.5,202.8
2024-11-04 21:00:00,169310.3,3044.0,231.8
2024-11-04 22:00:00,165162.0,3065.0,211.8
2024-11-04 23:00:00,161962.4,3174.8,163.0
2024-11-05 00:00:00,157356.8,3164.2,137.8
2024-11-05 01:00:00,153739.1,3195.5,135.2
2024-11-05 02:00:00,150819.7,3122.8,135.0
2024-11-05 03:00:00,149090.5,3051.0,134.8
2024-11-05 04:00:00,150655.7,3126.2,135.0
2024-11-05 05:00:00,158378.3,3054.5,137.2
2024-11-05 06:00:00,171121.8,3168.5,457.8
2024-11-05 07:00:00,180621.4,3272.0,6048.5
2024-11-05 08:00:00,181671.6,2704.2,22186.5
2024-11-05 09:00:00,187724.4,2167.2,37310.0
2024-11-05 10:00:00,190538.6,2277.5,46652.5
2024-11-05 11:00:00,190144.6,2446.0,50735.0
2024-11-05 12:00:00,189376.7,2245.8,51773.8
2024-11-05 13:00:00,185748.2,1825.5,49571.0
2024-11-05 14:00:00,187745.2,1738.5,44063.5
2024-11-05 15:00:00,189854.1,1595.8,34059.5
2024-11-05 16:00:00,188470.9,1667.2,19381.2
2024-11-05 17:00:00,189667.2,2007.5,4584.5
2024-11-05 18:00:00,193188.2,2693.0,498.8
2024-11-05 19:00:00,187549.0,3269.8,375.5
2024-11-05 20:00:00,178654.5,3502.5,331.8
2024-11-05 21:00:00,172722.7,3580.2,356.8
2024-11-05 22:00:00,169189.5,3683.0,356.5
2024-11-05 23:00:00,165683.0,3990.5,316.8
2024-11-06 00:00:00,161000.8,3867.2,277.0
2024-11-06 01:00:00,157170.5,3853.8,276.2
2024-11-06 02:00:00,153985.8,4148.2,276.0
2024-11-06 03:00:00,152319.0,4010.5,275.2
2024-11-06 04:00:00,153873.0,3896.5,276.2
2024-11-06 05:00:00,162396.5,4157.5,281.2
2024-11-06 06:00:00,174926.0,4522.5,561.8
2024-11-06 07:00:00,184565.0,4645.2,6010.0
2024-11-06 08:00:00,186692.2,4183.2,21787.0
2024-11-06 09:00:00,193036.0,2781.2,37184.2
2024-11-06 10:00:00,195843.0,2680.5,46784.2
2024-11-06 11:00:00,195550.0,3035.2,51284.2
2024-11-06 12:00:00,193442.0,2856.2,52586.0
2024-11-06 13:00:00,189419.5,2304.0,50504.8
2024-11-06 14:00:00,191655.5,1906.0,44366.8
2024-11-06 15:00:00,193562.5,1744.2,33398.5
2024-11-06 16:00:00,191890.2,1869.2,18238.2
2024-11-06 17:00:00,192810.8,2155.2,4388.8
2024-11-06 18:00:00,197385.2,3021.2,678.5
2024-11-06 19:00:00,190603.0,3736.2,425.0
2024-11-06 20:00:00,180535.5,4109.0,138.2
2024-11-06 21:00:00,174742.0,4374.0,131.0
2024-11-06 22:00:00,171082.0,4421.8,128.8
2024-11-06 23:00:00,167565.8,4475.0,126.0
2024-11-07 00:00:00,162770.5,4580.5,88.2
2024-11-07 01:00:00,158571.5,4600.8,93.2
2024-11-07 02:00:00,155717.0,4877.0,92.0
2024-11-07 03:00:00,154250.0,4943.2,92.0
2024-11-07 04:00:00,155563.0,4997.5,92.0
2024-11-07 05:00:00,163653.8,4829.0,89.0
2024-11-07 06:00:00,175858.5,4755.8,419.2
2024-11-07 07:00:00,185619.0,4670.5,5677.5
2024-11-07 08:00:00,188342.0,3798.8,20863.5
2024-11-07 09:00:00,195293.8,2261.5,35857.5
2024-11-07 10:00:00,198213.5,1853.0,45548.2
2024-11-07 11:00:00,197381.8,1673.0,49998.2
2024-11-07 12:00:00,195587.5,1698.5,50218.8
2024-11-07 13:00:00,191329.8,1476.2,48686.2
2024-11-07 14:00:00,192835.0,1403.8,43322.0
2024-11-07 15:00:00,193525.0,1433.8,33110.8
2024-11-07 16:00:00,189924.8,1614.0,18469.5
2024-11-07 17:00:00,189810.2,2092.0,4154.2
2024-11-07 18:00:00,195176.2,2975.2,292.8
2024-11-07 19:00:00,188647.0,3534.2,69.5
2024-11-07 20:00:00,179446.0,3441.2,45.2
2024-11-07 21:00:00,173982.0,3748.0,77.5
2024-11-07 22:00:00,169449.0,4066.8,82.0
2024-11-07 23:00:00,165905.0,4270.2,81.5
2024-11-08 00:00:00,161755.8,4329.2,42.0
2024-11-08 01:00:00,157772.2,4210.2,41.0
2024-11-08 02:00:00,154955.8,4207.0,41.0
2024-11-08 03:00:00,154010.8,4574.2,38.2
2024-11-08 04:00:00,155383.8,4535.5,38.5
2024-11-08 05:00:00,162183.0,4506.5,41.5
2024-11-08 06:00:00,173862.0,4231.2,300.5
2024-11-08 07:00:00,184838.0,3743.2,5566.5
2024-11-08 08:00:00,188771.0,2812.0,21377.0
2024-11-08 09:00:00,195550.8,2479.8,35947.8
2024-11-08 10:00:00,199024.0,2601.0,44617.0
2024-11-08 11:00:00,198635.2,2762.0,48159.2
2024-11-08 12:00:00,196777.2,2785.0,48590.5
2024-11-08 13:00:00,191658.0,2705.0,46571.5
2024-11-08 14:00:00,193130.8,2226.5,41661.5
2024-11-08 15:00:00,195036.2,1696.8,31941.2
2024-11-08 16:00:00,193834.8,1631.8,18361.8
2024-11-08 17:00:00,194719.8,1861.8,4159.0
2024-11-08 18:00:00,198261.5,2614.0,297.5
2024-11-08 19:00:00,191135.5,3140.8,164.2
2024-11-08 20:00:00,180799.2,3228.0,86.0
2024-11-08 21:00:00,174812.8,3375.5,117.8
2024-11-08 22:00:00,171296.5,3631.5,122.0
2024-11-08 23:00:00,168064.2,3893.5,124.5
2024-11-09 00:00:00,163294.2,3772.2,84.0
2024-11-09 01:00:00,159137.0,3431.0,114.5
2024-11-09 02:00:00,156253.8,3364.2,111.2
2024-11-09 03:00:00,154965.0,3787.2,110.8
2024-11-09 04:00:00,156532.2,4188.8,1488.2
2024-11-09 05:00:00,164114.0,4341.2,113.5
2024-11-09 06:00:00,175390.5,4446.0,385.8
2024-11-09 07:00:00,184554.5,4400.8,5765.5
2024-11-09 08:00:00,188052.5,4227.0,20997.2
2024-11-09 09:00:00,194599.0,3885.0,34990.5
2024-11-09 10:00:00,197169.2,3584.5,44308.0
2024-11-09 11:00:00,196663.8,3232.8,48802.2
2024-11-09 12:00:00,195324.8,3018.5,49551.8
2024-11-09 13:00:00,191279.8,2801.8,47394.8
2024-11-09 14:00:00,193702.8,2527.8,40849.8
2024-11-09 15:00:00,196103.0,2357.2,32048.2
2024-11-09 16:00:00,193750.8,2164.8,18343.5
2024-11-09 17:00:00,194779.8,2026.2,5038.0
2024-11-09 18:00:00,197478.8,2276.5,1373.2
2024-11-09 19:00:00,190653.2,2683.0,1182.8
2024-11-09 20:00:00,180242.2,3064.8,619.2
2024-11-09 21:00:00,174560.8,3236.5,43.8
2024-11-09 22:00:00,170914.0,3277.0,45.2
2024-11-09 23:00:00,167636.2,3251.5,45.8
2024-11-10 00:00:00,163777.5,3340.8,45.5
2024-11-10 01:00:00,160326.2,3513.2,45.0
2024-11-10 02:00:00,157515.5,3706.8,44.5
2024-11-10 03:00:00,155987.5,3718.8,43.8
2024-11-10 04:00:00,156827.0,3788.8,44.2
2024-11-10 05:00:00,163034.5,3865.5,43.5
2024-11-10 06:00:00,170995.8,3745.0,87.2
2024-11-10 07:00:00,177791.2,3795.0,2316.5
2024-11-10 08:00:00,182573.8,3125.0,20765.5
2024-11-10 09:00:00,189004.2,2997.5,31992.0
2024-11-10 10:00:00,190930.8,2964.5,45867.8
2024-11-10 11:00:00,190347.8,2991.8,46358.5
2024-11-10 12:00:00,187859.0,2844.0,51322.8
2024-11-10 13:00:00,184078.5,2812.5,49673.8
2024-11-10 14:00:00,183238.5,2567.2,43768.5
2024-11-10 15:00:00,183365.2,2432.5,33248.5
2024-11-10 16:00:00,180805.8,2561.5,18358.2
2024-11-10 17:00:00,181157.5,2806.5,3844.8
2024-11-10 18:00:00,184953.0,3634.8,273.5
2024-11-10 19:00:00,178934.8,4216.0,276.0
2024-11-10 20:00:00,170796.8,4320.0,81.8
2024-11-10 21:00:00,166133.8,4491.8,43.5
2024-11-10 22:00:00,163573.2,4543.2,44.5
2024-11-10 23:00:00,160776.2,4659.2,43.5
2024-11-11 00:00:00,157005.5,4655.2,43.2
2024-11-11 01:00:00,153058.8,4682.0,41.5
2024-11-11 02:00:00,150270.8,4606.5,43.0
2024-11-11 03:00:00,148923.0,4075.8,38.0
2024-11-11 04:00:00,151321.8,3687.2,38.2
2024-11-11 05:00:00,160364.2,3547.5,38.2
2024-11-11 06:00:00,174266.0,3460.0,82.2
2024-11-11 07:00:00,185420.8,3496.8,2381.2
2024-11-11 08:00:00,190008.2,3429.5,12938.2
2024-11-11 09:00:00,197849.2,2701.2,27303.0
2024-11-11 10:00:00,201456.8,3120.2,46786.8
2024-11-11 11:00:00,200286.8,3405.2,51531.5
2024-11-11 12:00:00,198263.2,2914.0,52767.5
2024-11-11 13:00:00,193019.2,2568.8,50702.0
2024-11-11 14:00:00,195210.0,2182.5,45068.0
2024-11-11 15:00:00,197433.2,1959.5,34041.2
2024-11-11 16:00:00,194635.8,2022.0,18791.2
2024-11-11 17:00:00,194795.5,2287.5,4743.0
2024-11-11 18:00:00,197667.2,2833.8,308.5
2024-11-11 19:00:00,190885.2,3197.2,90.5
2024-11-11 20:00:00,180708.2,3217.5,67.0
2024-11-11 21:00:00,174532.5,3162.8,29.5
2024-11-11 22:00:00,170680.8,3080.2,32.0
2024-11-11 23:00:00,167098.8,3294.5,32.0
2024-11-12 00:00:00,162705.0,3455.2,29.2
2024-11-12 01:00:00,158641.8,3323.2,28.2
2024-11-12 02:00:00,155914.0,3466.2,27.8
2024-11-12 03:00:00,154298.5,3585.0,27.0
2024-11-12 04:00:00,156047.2,3420.0,27.2
2024-11-12 05:00:00,165166.8,3279.2,29.5
2024-11-12 06:00:00,178858.0,3278.8,243.0
2024-11-12 07:00:00,189739.8,3474.0,4789.5
2024-11-12 08:00:00,192194.2,3181.2,19255.2
2024-11-12 09:00:00,198226.8,2904.5,33963.5
2024-11-12 10:00:00,201123.2,3083.5,41882.8
2024-11-12 11:00:00,200466.8,3052.2,46224.8
2024-11-12 12:00:00,197579.8,2647.5,46128.2
2024-11-12 13:00:00,192788.5,2258.0,44169.2
2024-11-12 14:00:00,194822.2,2118.0,38870.8
2024-11-12 15:00:00,196766.5,2155.5,29513.0
2024-11-12 16:00:00,195032.8,2269.5,15790.5
2024-11-12 17:00:00,196620.0,2522.0,3397.8
2024-11-12 18:00:00,199275.2,2880.8,350.8
2024-11-12 19:00:00,191549.2,3242.5,270.0
2024-11-12 20:00:00,180242.2,3588.0,227.8
2024-11-12 21:00:00,173299.5,3679.2,158.0
2024-11-12 22:00:00,169829.5,3730.2,159.0
2024-11-12 23:00:00,166193.2,3647.8,158.8
2024-11-13 00:00:00,161569.0,3775.0,155.8
2024-11-13 01:00:00,157347.5,3978.0,21.5
2024-11-13 02:00:00,154156.2,4308.0,21.8
2024-11-13 03:00:00,152100.0,4636.0,21.8
2024-11-13 04:00:00,153909.2,4930.0,21.2
2024-11-13 05:00:00,162479.0,4906.8,23.5
2024-11-13 06:00:00,176895.8,4799.5,208.5
2024-11-13 07:00:00,188180.5,4783.0,4316.8
2024-11-13 08:00:00,190628.8,4599.2,17605.0
2024-11-13 09:00:00,195850.0,4334.5,31907.5
2024-11-13 10:00:00,196854.0,4393.8,41122.5
2024-11-13 11:00:00,196692.2,4353.2,46033.5
2024-11-13 12:00:00,193421.2,4039.8,46524.2
2024-11-13 13:00:00,188476.8,3912.0,44751.8
2024-11-13 14:00:00,190255.2,3872.2,38265.0
2024-11-13 15:00:00,192476.0,4412.8,28359.5
2024-11-13 16:00:00,192187.0,5056.5,15028.0
2024-11-13 17:00:00,194750.2,5232.8,3226.5
2024-11-13 18:00:00,198342.8,4991.8,340.0
2024-11-13 19:00:00,188784.8,4521.0,96.5
2024-11-13 20:00:00,177798.8,4414.8,77.0
2024-11-13 21:00:00,170923.0,4298.8,32.2
2024-11-13 22:00:00,166997.8,4003.5,35.5
2024-11-13 23:00:00,163172.8,4147.2,35.2
2024-11-14 00:00:00,158350.0,4274.8,32.5
2024-11-14 01:00:00,154217.2,4235.2,34.5
2024-11-14 02:00:00,151541.2,4155.5,33.5
2024-11-14 03:00:00,149751.5,4113.5,33.8
2024-11-14 04:00:00,151381.2,4119.5,33.8
2024-11-14 05:00:00,160287.5,3915.5,27.5
2024-11-14 06:00:00,174955.8,3651.5,214.5
2024-11-14 07:00:00,187131.8,3494.0,3973.5
2024-11-14 08:00:00,189785.2,3644.5,16180.5
2024-11-14 09:00:00,196072.0,3519.0,29980.5
2024-11-14 10:00:00,198808.8,3185.0,39769.8
2024-11-14 11:00:00,197395.0,3125.8,44148.0
2024-11-14 12:00:00,194135.0,2807.5,45554.8
2024-11-14 13:00:00,188773.5,2365.2,43311.0
2024-11-14 14:00:00,190230.5,2208.0,37463.8
2024-11-14 15:00:00,191898.5,2355.2,27863.0
2024-11-14 16:00:00,190981.2,2726.0,14758.0
2024-11-14 17:00:00,192563.5,3075.8,3315.8
2024-11-14 18:00:00,195452.2,3286.5,355.8
2024-11-14 19:00:00,186848.2,4108.5,82.0
2024-11-14 20:00:00,174946.0,4338.2,66.5
2024-11-14 21:00:00,167538.2,4060.5,23.5
2024-11-14 22:00:00,163394.5,3856.8,41.5
2024-11-14 23:00:00,160116.5,3589.8,55.5
2024-11-15 00:00:00,155390.8,3298.2,41.8
2024-11-15 01:00:00,151860.5,3423.2,45.0
2024-11-15 02:00:00,149140.5,3062.5,39.8
2024-11-15 03:00:00,147850.8,2522.2,41.0
2024-11-15 04:00:00,150557.8,2384.8,40.5
2024-11-15 05:00:00,159815.8,2380.0,42.2
2024-11-15 06:00:00,171622.2,2255.0,183.2
2024-11-15 07:00:00,183445.2,1965.8,3917.0
2024-11-15 08:00:00,188566.0,1631.0,15067.5
2024-11-15 09:00:00,195982.8,1579.0,27825.5
2024-11-15 10:00:00,199698.2,1513.0,37540.8
2024-11-15 11:00:00,198414.2,1725.2,43507.0
2024-11-15 12:00:00,194236.5,1616.8,44594.8
2024-11-15 13:00:00,187270.8,1475.2,40239.5
2024-11-15 14:00:00,187412.2,1344.0,34823.5
2024-11-15 15:00:00,188526.2,1282.8,26573.5
2024-11-15 16:00:00,187826.0,1800.8,13768.8
2024-11-15 17:00:00,190636.5,2112.0,3023.2
2024-11-15 18:00:00,193419.0,2330.5,315.2
2024-11-15 19:00:00,184833.0,2500.2,188.5
2024-11-15 20:00:00,173161.0,2735.5,80.2
2024-11-15 21:00:00,165618.0,2446.8,26.0
2024-11-15 22:00:00,161546.0,2248.5,31.5
2024-11-15 23:00:00,159537.8,2811.5,40.2
2024-11-16 00:00:00,153399.5,3024.0,53.0
2024-11-16 01:00:00,149559.5,3109.0,51.8
2024-11-16 02:00:00,146857.8,2910.5,51.8
2024-11-16 03:00:00,145890.8,3005.8,45.2
2024-11-16 04:00:00,147627.2,3140.2,45.5
2024-11-16 05:00:00,155583.8,3196.2,48.8
2024-11-16 06:00:00,167651.0,3238.0,190.5
2024-11-16 07:00:00,179495.5,3197.8,3836.2
2024-11-16 08:00:00,184508.0,3007.0,13454.0
2024-11-16 09:00:00,191767.5,3216.2,25156.8
2024-11-16 10:00:00,193595.0,3573.0,40101.5
2024-11-16 11:00:00,191553.0,3671.0,45755.0
2024-11-16 12:00:00,188040.2,3783.0,47071.5
2024-11-16 13:00:00,182940.0,3600.2,44413.8
2024-11-16 14:00:00,184104.5,3211.0,39101.0
2024-11-16 15:00:00,186214.0,2774.2,28920.2
2024-11-16 16:00:00,184802.0,2657.5,14691.0
2024-11-16 17:00:00,188348.0,2569.8,3196.0
2024-11-16 18:00:00,193120.8,3319.0,500.8
2024-11-16 19:00:00,184618.2,4122.0,377.8
2024-11-16 20:00:00,172181.5,4532.5,302.0
2024-11-16 21:00:00,164424.2,4870.0,260.5
2024-11-16 22:00:00,160078.5,4899.5,254.0
2024-11-16 23:00:00,156501.8,4928.2,260.0
2024-11-17 00:00:00,152008.2,4919.0,252.8
2024-11-17 01:00:00,148229.2,4972.2,256.0
2024-11-17 02:00:00,145791.5,4832.5,256.0
2024-11-17 03:00:00,144393.8,5013.0,256.0
2024-11-17 04:00:00,145622.2,5198.5,255.5
2024-11-17 05:00:00,152897.8,5369.5,254.5
2024-11-17 06:00:00,162124.8,6120.0,509.5
2024-11-17 07:00:00,170905.5,6419.2,4348.2
2024-11-17 08:00:00,176341.2,6051.2,15393.2
2024-11-17 09:00:00,183505.5,5241.2,27884.2
2024-11-17 10:00:00,185309.8,5099.2,40542.5
2024-11-17 11:00:00,183490.8,5120.5,47406.0
2024-11-17 12:00:00,179748.5,5124.5,48551.8
2024-11-17 13:00:00,175184.8,4605.0,45917.5
2024-11-17 14:00:00,174126.8,4253.2,40488.5
2024-11-17 15:00:00,172910.8,3906.2,30534.8
2024-11-17 16:00:00,170309.8,3385.8,15784.0
2024-11-17 17:00:00,173015.5,3888.8,3123.2
2024-11-17 18:00:00,179260.8,5392.0,403.2
2024-11-17 19:00:00,172094.0,5531.5,292.8
2024-11-17 20:00:00,162085.2,5469.0,261.5
2024-11-17 21:00:00,155240.0,5158.2,217.2
2024-11-17 22:00:00,150953.5,5436.8,221.2
2024-11-17 23:00:00,147689.5,5874.2,239.0
2024-11-18 00:00:00,144069.0,6390.0,242.0
2024-11-18 01:00:00,141036.8,6287.0,243.5
2024-11-18 02:00:00,138510.0,6421.2,242.8
2024-11-18 03:00:00,137381.0,6473.8,242.0
2024-11-18 04:00:00,139893.0,6598.0,242.5
2024-11-18 05:00:00,149700.5,6563.2,248.8
2024-11-18 06:00:00,165942.2,6731.2,489.2
2024-11-18 07:00:00,179907.5,7063.2,4371.0
2024-11-18 08:00:00,184759.5,6908.5,17411.8
2024-11-18 09:00:00,192322.8,6045.5,31999.0
2024-11-18 10:00:00,194889.2,5512.2,42087.8
2024-11-18 11:00:00,193269.5,5229.0,48131.2
2024-11-18 12:00:00,188850.0,4984.2,49865.0
2024-11-18 13:00:00,182742.5,4637.0,47714.8
2024-11-18 14:00:00,183642.2,4313.0,42101.2
2024-11-18 15:00:00,186101.5,4304.0,32463.0
2024-11-18 16:00:00,186005.2,4022.8,17430.8
2024-11-18 17:00:00,189654.5,4029.8,3750.0
2024-11-18 18:00:00,193413.5,5101.0,441.8
2024-11-18 19:00:00,183882.8,6104.0,160.5
2024-11-18 20:00:00,170666.2,7025.2,89.8
2024-11-18 21:00:00,162052.8,7893.0,24.8
2024-11-18 22:00:00,156481.0,7457.5,24.0
2024-11-18 23:00:00,152042.2,6622.0,27.2
2024-11-19 00:00:00,148082.2,6059.8,29.5
2024-11-19 01:00:00,144906.5,5537.0,27.0
2024-11-19 02:00:00,142639.8,5449.5,26.5
2024-11-19 03:00:00,141578.8,5390.2,26.0
2024-11-19 04:00:00,144220.5,5306.0,26.0
2024-11-19 05:00:00,154253.0,5026.0,30.0
2024-11-19 06:00:00,170450.2,4867.2,244.5
2024-11-19 07:00:00,184521.0,5097.0,3731.5
2024-11-19 08:00:00,188296.5,4930.0,16813.2
2024-11-19 09:00:00,194738.5,4469.8,31523.2
2024-11-19 10:00:00,196744.0,4420.5,41507.8
2024-11-19 11:00:00,194543.5,3749.5,46996.0
2024-11-19 12:00:00,191296.2,2703.2,49041.8
2024-11-19 13:00:00,184774.0,2834.5,47444.0
2024-11-19 14:00:00,185617.2,3285.2,42139.2
2024-11-19 15:00:00,187296.5,3717.0,31672.5
2024-11-19 16:00:00,187650.2,3567.2,16864.0
2024-11-19 17:00:00,191579.5,3381.0,3747.5
2024-11-19 18:00:00,195169.8,4103.2,810.2
2024-11-19 19:00:00,185071.0,4940.5,660.0
2024-11-19 20:00:00,171145.5,5548.2,206.2
2024-11-19 21:00:00,161609.0,5798.0,14.8
2024-11-19 22:00:00,155922.2,6260.2,25.2
2024-11-19 23:00:00,151318.8,6681.5,48.5
2024-11-20 00:00:00,,,
2024-11-20 01:00:00,,,
2024-11-20 02:00:00,,,
2024-11-20 03:00:00,,,
2024-11-20 04:00:00,,,
2024-11-20 05:00:00,,,
2024-11-20 06:00:00,,,
2024-11-20 07:00:00,,,
2024-11-20 08:00:00,,,
2024-11-20 09:00:00,,,
2024-11-20 10:00:00,,,
2024-11-20 11:00:00,,,
2024-11-20 12:00:00,,,
2024-11-20 13:00:00,,,
2024-11-20 14:00:00,,,
2024-11-20 15:00:00,,,
2024-11-20 16:00:00,,,
2024-11-20 17:00:00,,,
2024-11-20 18:00:00,,,
2024-11-20 19:00:00,,,
2024-11-20 20:00:00,,,
2024-11-20 21:00:00,,,
2024-11-20 22:00:00,,,
2024-11-20 23:00:00,147544.0,5188.0,25.0
2024-11-21 00:00:00,144736.8,5069.5,35.5
2024-11-21 01:00:00,141748.5,4975.2,31.5
2024-11-21 02:00:00,139387.0,4964.0,30.8
2024-11-21 03:00:00,138658.2,4920.0,30.8
2024-11-21 04:00:00,142040.2,4908.2,30.5
2024-11-21 05:00:00,153156.0,4603.8,35.2
2024-11-21 06:00:00,169768.8,4429.2,253.5
2024-11-21 07:00:00,186096.0,4444.0,3813.8
2024-11-21 08:00:00,191530.5,4053.0,16822.8
2024-11-21 09:00:00,197197.5,3312.8,31835.8
2024-11-21 10:00:00,198781.2,2867.8,42885.5
2024-11-21 11:00:00,196259.5,2720.8,47848.0
2024-11-21 12:00:00,191362.2,2798.5,49215.0
2024-11-21 13:00:00,184990.5,2844.8,47342.0
2024-11-21 14:00:00,186179.5,2797.5,42004.8
2024-11-21 15:00:00,187662.5,2586.8,31993.5
2024-11-21 16:00:00,186750.8,1951.5,17193.2
2024-11-21 17:00:00,190181.5,1794.5,3475.2
2024-11-21 18:00:00,193910.5,2511.2,319.8
2024-11-21 19:00:00,184424.2,3422.2,139.8
2024-11-21 20:00:00,170996.8,3805.5,88.0
2024-11-21 21:00:00,161179.5,3757.8,28.5
2024-11-21 22:00:00,154388.8,3850.8,31.0
2024-11-21 23:00:00,149552.8,4174.0,30.0
2024-11-22 00:00:00,145268.0,4163.5,29.0
2024-11-22 01:00:00,141867.8,4165.5,25.5
2024-11-22 02:00:00,139536.5,3927.8,25.2
2024-11-22 03:00:00,138970.5,3892.5,25.2
2024-11-22 04:00:00,142190.0,4382.5,24.8
2024-11-22 05:00:00,153483.5,4571.0,28.5
2024-11-22 06:00:00,171170.8,4726.0,283.2
2024-11-22 07:00:00,188067.5,4486.5,4476.0
2024-11-22 08:00:00,194200.2,4140.8,18504.2
2024-11-22 09:00:00,201453.5,3542.0,34950.8
2024-11-22 10:00:00,202148.0,2991.2,45887.5
2024-11-22 11:00:00,199258.5,2738.2,51375.8
2024-11-22 12:00:00,194845.2,2555.8,52489.8
2024-11-22 13:00:00,188119.5,2400.2,50320.0
2024-11-22 14:00:00,186930.8,2113.2,43879.2
2024-11-22 15:00:00,188355.0,1835.8,33388.5
2024-11-22 16:00:00,188041.0,1452.8,17301.2
2024-11-22 17:00:00,190065.2,1538.5,3382.8
2024-11-22 18:00:00,191439.0,2751.5,341.8
2024-11-22 19:00:00,183665.0,3888.0,208.0
2024-11-22 20:00:00,169785.2,4441.0,103.0
2024-11-22 21:00:00,159960.8,4735.8,54.2
2024-11-22 22:00:00,153969.5,4781.5,56.0
2024-11-22 23:00:00,149700.8,4880.0,55.5
2024-11-23 00:00:00,145299.0,4701.0,53.8
2024-11-23 01:00:00,141828.2,4373.8,56.2
2024-11-23 02:00:00,139857.2,4163.5,54.2
2024-11-23 03:00:00,139533.8,3977.0,57.0
2024-11-23 04:00:00,142413.0,3836.5,57.0
2024-11-23 05:00:00,153320.8,3573.8,58.2
2024-11-23 06:00:00,169484.5,3345.8,127.0
2024-11-23 07:00:00,184814.5,3254.2,1628.2
2024-11-23 08:00:00,192287.0,2536.0,17174.2
2024-11-23 09:00:00,200745.5,2135.2,33245.0
2024-11-23 10:00:00,202823.0,2004.2,43876.0
2024-11-23 11:00:00,199756.2,2261.5,49523.0
2024-11-23 12:00:00,195279.0,2184.0,50463.0
2024-11-23 13:00:00,188420.2,1833.8,47937.0
2024-11-23 14:00:00,188077.8,1725.5,41889.0
2024-11-23 15:00:00,189219.8,1775.5,30952.8
2024-11-23 16:00:00,187904.0,1749.2,16204.5
2024-11-23 17:00:00,189669.8,1868.5,3292.5
2024-11-23 18:00:00,191090.8,2596.0,315.8
2024-11-23 19:00:00,182103.2,3303.8,151.8
2024-11-23 20:00:00,169465.8,3994.0,115.0
2024-11-23 21:00:00,159648.2,4726.5,71.2
2024-11-23 22:00:00,153638.5,4924.2,63.8
2024-11-23 23:00:00,149326.2,4600.8,55.8
2024-11-24 00:00:00,145241.2,4590.5,55.5
2024-11-24 01:00:00,142386.8,4362.5,50.8
2024-11-24 02:00:00,140268.8,4068.5,55.0
2024-11-24 03:00:00,139496.0,3915.2,52.8
2024-11-24 04:00:00,142209.8,3699.8,47.0
2024-11-24 05:00:00,150754.0,3520.5,50.5
2024-11-24 06:00:00,162450.8,3568.2,264.0
2024-11-24 07:00:00,175364.8,3596.2,3745.2
2024-11-24 08:00:00,185151.0,3355.2,16687.0
2024-11-24 09:00:00,193895.8,2871.2,31924.5
2024-11-24 10:00:00,196157.5,2535.2,42289.0
2024-11-24 11:00:00,193849.0,2559.0,47625.8
2024-11-24 12:00:00,188884.0,2311.0,48582.0
2024-11-24 13:00:00,182624.2,2106.8,46601.2
2024-11-24 14:00:00,179664.5,1916.8,40207.5
2024-11-24 15:00:00,178880.5,1999.5,29013.0
2024-11-24 16:00:00,176210.0,2166.5,15052.2
2024-11-24 17:00:00,177993.2,2599.8,3102.8
2024-11-24 18:00:00,180370.5,4073.0,355.0
2024-11-24 19:00:00,171316.0,5383.5,198.5
2024-11-24 20:00:00,160424.0,5987.5,145.0
2024-11-24 21:00:00,151973.8,6138.0,108.2
2024-11-24 22:00:00,146850.2,5988.2,109.2
2024-11-24 23:00:00,142706.5,6196.0,108.8
2024-11-25 00:00:00,138891.5,6434.5,108.5
2024-11-25 01:00:00,135963.0,6273.5,107.8
2024-11-25 02:00:00,133994.8,5862.8,108.0
2024-11-25 03:00:00,133806.5,5571.5,108.5
2024-11-25 04:00:00,137438.8,5617.8,114.0
2024-11-25 05:00:00,149543.5,5636.2,105.5
2024-11-25 06:00:00,167643.8,5691.0,290.0
2024-11-25 07:00:00,184404.8,5798.5,3619.0
2024-11-25 08:00:00,191602.5,5355.0,15173.2
2024-11-25 09:00:00,201158.5,4532.2,30580.2
2024-11-25 10:00:00,202943.0,3901.2,41371.2
2024-11-25 11:00:00,199964.0,3867.8,47489.0
2024-11-25 12:00:00,195063.2,3239.2,45892.8
2024-11-25 13:00:00,188166.8,4607.0,46295.8
2024-11-25 14:00:00,187356.0,4693.5,39951.8
2024-11-25 15:00:00,188279.2,4531.5,29083.0
2024-11-25 16:00:00,187177.8,4140.0,14620.8
2024-11-25 17:00:00,188869.0,3910.5,2798.0
2024-11-25 18:00:00,191385.5,4798.5,234.8
2024-11-25 19:00:00,183226.5,6098.2,202.0
2024-11-25 20:00:00,169877.8,6523.8,148.2
2024-11-25 21:00:00,159723.2,6292.2,105.8
2024-11-25 22:00:00,153288.0,6351.0,104.2
2024-11-25 23:00:00,148682.8,6236.8,75.2
2024-11-26 00:00:00,144223.8,5634.0,41.5
2024-11-26 01:00:00,141279.5,5238.2,33.8
2024-11-26 02:00:00,138974.8,4891.2,33.2
2024-11-26 03:00:00,138499.8,4730.0,37.8
2024-11-26 04:00:00,141990.8,4607.5,36.5
2024-11-26 05:00:00,153718.5,4463.5,36.5
2024-11-26 06:00:00,170698.8,4489.2,141.0
2024-11-26 07:00:00,186912.0,4881.2,3006.8
2024-11-26 08:00:00,194150.0,4478.0,14572.5
2024-11-26 09:00:00,201212.2,3430.5,29044.2
2024-11-26 10:00:00,202253.5,2789.5,38788.0
2024-11-26 11:00:00,198628.8,2569.5,43563.0
2024-11-26 12:00:00,193744.0,2849.2,44314.8
2024-11-26 13:00:00,186806.8,3455.8,41931.0
2024-11-26 14:00:00,185973.2,3774.0,36385.2
2024-11-26 15:00:00,186815.0,3819.8,26923.5
2024-11-26 16:00:00,186497.2,4016.5,13864.0
2024-11-26 17:00:00,188332.0,3604.8,2762.2
2024-11-26 18:00:00,191494.2,3827.5,338.8
2024-11-26 19:00:00,182436.2,4270.2,195.8
2024-11-26 20:00:00,169182.0,4490.0,151.5
2024-11-26 21:00:00,158613.0,4370.5,123.0
2024-11-26 22:00:00,151580.8,4356.8,70.5
2024-11-26 23:00:00,146450.5,4157.8,67.0
2024-11-27 00:00:00,142356.0,4150.2,59.8
2024-11-27 01:00:00,139258.8,4122.5,58.0
2024-11-27 02:00:00,137055.8,4058.8,60.2
2024-11-27 03:00:00,136386.5,3949.8,61.5
2024-11-27 04:00:00,139689.2,3913.8,57.0
2024-11-27 05:00:00,151720.8,3668.5,59.5
2024-11-27 06:00:00,170262.5,3460.2,156.2
2024-11-27 07:00:00,186805.5,3579.5,2788.8
2024-11-27 08:00:00,193100.2,3390.5,14517.5
2024-11-27 09:00:00,200168.0,2825.8,29600.0
2024-11-27 10:00:00,200931.0,2840.0,39492.8
2024-11-27 11:00:00,198185.5,3164.0,45475.8
2024-11-27 12:00:00,193184.0,3284.0,46823.8
2024-11-27 13:00:00,186489.2,3574.0,44479.2
2024-11-27 14:00:00,186565.2,3353.2,38897.8
2024-11-27 15:00:00,186713.5,3028.2,29258.2
2024-11-27 16:00:00,186818.5,2872.5,15662.0
2024-11-27 17:00:00,189832.0,2763.8,3160.0
2024-11-27 18:00:00,192094.0,3325.5,301.0
2024-11-27 19:00:00,182208.2,3517.8,74.0
2024-11-27 20:00:00,169094.2,3465.2,74.0
2024-11-27 21:00:00,158584.5,3791.2,30.2
2024-11-27 22:00:00,151200.0,4344.2,25.2
2024-11-27 23:00:00,146350.0,4864.0,29.2
2024-11-28 00:00:00,142016.2,5024.0,41.2
2024-11-28 01:00:00,138608.2,5265.0,46.0
2024-11-28 02:00:00,136337.0,5336.2,45.0
2024-11-28 03:00:00,135854.2,5356.8,37.0
2024-11-28 04:00:00,139399.2,5302.5,43.8
2024-11-28 05:00:00,151394.8,5374.2,1244.5
2024-11-28 06:00:00,170497.0,5125.0,205.8
2024-11-28 07:00:00,188582.8,5118.8,3873.0
2024-11-28 08:00:00,194160.0,4517.0,17930.8
2024-11-28 09:00:00,201175.5,4399.8,34510.5
2024-11-28 10:00:00,201370.5,4541.2,45929.5
2024-11-28 11:00:00,196690.2,4055.8,51349.0
2024-11-28 12:00:00,192113.0,3763.5,52249.5
2024-11-28 13:00:00,185596.0,3302.5,50276.0
2024-11-28 14:00:00,186063.8,3038.0,43812.2
2024-11-28 15:00:00,188253.0,3155.2,33311.0
2024-11-28 16:00:00,188280.5,3109.2,17656.2
2024-11-28 17:00:00,190770.2,3250.0,3387.8
2024-11-28 18:00:00,192808.5,4799.0,173.2
2024-11-28 19:00:00,183156.5,6290.8,116.0
2024-11-28 20:00:00,169036.0,7009.5,70.2
2024-11-28 21:00:00,158598.5,7238.2,88.8
2024-11-28 22:00:00,151410.2,7224.5,79.0
2024-11-28 23:00:00,146662.5,7347.5,77.5
2024-11-29 00:00:00,142031.0,7499.2,86.2
2024-11-29 01:00:00,139314.2,7506.0,88.2
2024-11-29 02:00:00,136317.0,7597.5,86.2
2024-11-29 03:00:00,135520.0,7366.8,118.8
2024-11-29 04:00:00,139352.5,7094.5,132.2
2024-11-29 05:00:00,151118.2,6647.8,135.5
2024-11-29 06:00:00,170017.8,6478.0,193.8
2024-11-29 07:00:00,188936.5,6584.0,2725.5
2024-11-29 08:00:00,197072.0,5911.2,15031.8
2024-11-29 09:00:00,204725.8,4113.5,30272.5
2024-11-29 10:00:00,206317.0,3045.2,41105.5
2024-11-29 11:00:00,203691.2,3031.0,47268.0
2024-11-29 12:00:00,198951.8,2772.5,48170.2
2024-11-29 13:00:00,190952.0,2805.8,46926.2
2024-11-29 14:00:00,189148.2,3243.5,40484.2
2024-11-29 15:00:00,188735.5,3587.2,30050.8
2024-11-29 16:00:00,186681.0,3485.5,15845.8
2024-11-29 17:00:00,189608.0,3377.5,2991.2
2024-11-29 18:00:00,191792.5,4166.5,82.5
2024-11-29 19:00:00,184502.5,5310.2,43.2
2024-11-29 20:00:00,170831.5,6145.5,32.0
2024-11-29 21:00:00,160439.5,6534.2,32.0
2024-11-29 22:00:00,153098.2,7041.8,31.5
2024-11-29 23:00:00,148083.5,6638.5,44.8
2024-11-30 00:00:00,143180.5,6502.0,43.8
2024-11-30 01:00:00,139776.2,6533.0,44.8
2024-11-30 02:00:00,137116.2,6751.0,37.2
2024-11-30 03:00:00,136564.8,6719.5,81.5
2024-11-30 04:00:00,140174.8,6741.0,85.5
2024-11-30 05:00:00,151507.5,7274.5,87.0
2024-11-30 06:00:00,168723.8,7863.0,128.8
2024-11-30 07:00:00,186446.5,8116.5,2446.2
2024-11-30 08:00:00,194647.2,7808.2,12807.8
2024-11-30 09:00:00,202738.0,5923.5,26322.0
2024-11-30 10:00:00,204435.5,5294.5,36603.5
2024-11-30 11:00:00,200917.0,5525.2,41869.8
2024-11-30 12:00:00,195324.2,5435.0,42569.5
2024-11-30 13:00:00,188318.0,6218.8,41079.8
2024-11-30 14:00:00,186586.5,7167.0,35110.0
2024-11-30 15:00:00,185254.0,7059.5,25318.0
2024-11-30 16:00:00,182719.0,6635.5,12793.0
2024-11-30 17:00:00,184927.2,6666.5,2486.8
2024-11-30 18:00:00,188219.2,7644.0,110.0
2024-11-30 19:00:00,179418.8,8772.2,36.8
2024-11-30 20:00:00,165927.0,9499.8,39.0
2024-11-30 21:00:00,156134.5,10050.8,44.0
2024-11-30 22:00:00,148917.2,11086.0,39.2
2024-11-30 23:00:00,143388.2,11443.5,43.8
2024-12-01 00:00:00,138528.0,11214.2,37.2
2024-12-01 01:00:00,135397.5,10626.2,38.8
2024-12-01 02:00:00,133047.2,10108.5,35.0
2024-12-01 03:00:00,132339.2,9836.2,58.5
2024-12-01 04:00:00,135501.8,9965.2,74.2
2024-12-01 05:00:00,144179.0,10246.8,77.0
2024-12-01 06:00:00,155962.2,10516.8,160.8
2024-12-01 07:00:00,170925.2,10622.8,2218.5
2024-12-01 08:00:00,181827.0,10104.5,11452.5
2024-12-01 09:00:00,191129.2,8617.0,23927.0
2024-12-01 10:00:00,193711.2,7887.2,33980.5
2024-12-01 11:00:00,190825.5,7987.0,38617.5
2024-12-01 12:00:00,186453.0,7327.8,40687.2
2024-12-01 13:00:00,180432.8,6937.5,38299.0
2024-12-01 14:00:00,175219.5,6940.8,32110.8
2024-12-01 15:00:00,172289.0,6553.5,23439.8
2024-12-01 16:00:00,168900.8,6206.8,11938.5
2024-12-01 17:00:00,171580.0,6246.5,2272.0
2024-12-01 18:00:00,174552.2,7565.0,119.2
2024-12-01 19:00:00,166629.5,8624.0,37.0
2024-12-01 20:00:00,156553.2,8890.2,52.0
2024-12-01 21:00:00,147856.5,8973.5,87.0
2024-12-01 22:00:00,141895.5,8953.0,123.2
2024-12-01 23:00:00,136993.0,9055.2,126.8
2024-12-02 00:00:00,132997.5,8932.8,86.2
2024-12-02 01:00:00,129619.8,8633.5,48.2
2024-12-02 02:00:00,127503.5,8712.0,40.5
2024-12-02 03:00:00,127312.0,9077.8,72.5
2024-12-02 04:00:00,131733.5,9481.2,83.8
2024-12-02 05:00:00,143041.0,9640.0,65.5
2024-12-02 06:00:00,161666.8,9719.8,141.0
2024-12-02 07:00:00,181526.0,9867.2,2378.0
2024-12-02 08:00:00,191706.2,9775.5,12713.0
2024-12-02 09:00:00,200053.5,8808.5,26809.2
2024-12-02 10:00:00,201523.2,8059.2,36068.0
2024-12-02 11:00:00,197605.0,7940.2,41336.2
2024-12-02 12:00:00,192346.0,7461.5,42384.0
2024-12-02 13:00:00,186268.2,6876.2,39550.0
2024-12-02 14:00:00,185443.0,6696.8,33341.2
2024-12-02 15:00:00,184703.0,6645.2,24654.2
2024-12-02 16:00:00,182721.5,6988.2,13089.0
2024-12-02 17:00:00,186702.8,7546.8,2527.2
2024-12-02 18:00:00,189917.0,9022.0,269.0
2024-12-02 19:00:00,180771.0,10778.2,199.0
2024-12-02 20:00:00,167964.8,11855.2,191.8
2024-12-02 21:00:00,158279.5,12573.2,124.5
2024-12-02 22:00:00,150813.0,12832.0,64.2
2024-12-02 23:00:00,145420.8,12839.5,52.0
2024-12-03 00:00:00,140802.2,12644.2,63.8
2024-12-03 01:00:00,137610.8,12512.5,69.5
2024-12-03 02:00:00,134338.0,12039.0,70.2
2024-12-03 03:00:00,133726.2,11654.5,71.0
2024-12-03 04:00:00,136602.0,11331.2,76.8
2024-12-03 05:00:00,147752.2,10972.8,75.0
2024-12-03 06:00:00,166105.8,11030.5,189.5
2024-12-03 07:00:00,184756.2,10598.5,2551.5
2024-12-03 08:00:00,193045.8,10274.2,13104.8
2024-12-03 09:00:00,199865.2,8722.8,27840.5
2024-12-03 10:00:00,199914.0,6643.5,37746.0
2024-12-03 11:00:00,196308.0,5545.8,42592.5
2024-12-03 12:00:00,192179.5,4840.2,44064.8
2024-12-03 13:00:00,185382.0,4673.2,43087.5
2024-12-03 14:00:00,184832.8,5057.0,37692.0
2024-12-03 15:00:00,185123.2,5970.0,28532.8
2024-12-03 16:00:00,184151.2,7077.0,15018.2
2024-12-03 17:00:00,188022.2,7856.8,3729.5
2024-12-03 18:00:00,193184.8,9934.2,752.8
2024-12-03 19:00:00,184319.0,12609.0,215.2
2024-12-03 20:00:00,171428.5,14188.5,151.2
2024-12-03 21:00:00,161760.8,14576.5,158.8
2024-12-03 22:00:00,154343.5,15069.0,161.0
2024-12-03 23:00:00,148794.8,14906.2,160.2
2024-12-04 00:00:00,143480.8,14909.0,151.2
2024-12-04 01:00:00,140364.8,14790.8,146.5
2024-12-04 02:00:00,138239.0,14098.8,136.5
2024-12-04 03:00:00,137682.0,13449.5,146.2
2024-12-04 04:00:00,140237.5,13293.0,146.0
2024-12-04 05:00:00,151414.0,12909.8,155.2
2024-12-04 06:00:00,169779.2,12243.2,269.2
2024-12-04 07:00:00,188896.2,11692.0,2580.0
2024-12-04 08:00:00,196049.8,11018.2,13093.5
2024-12-04 09:00:00,202382.8,8658.2,28042.8
2024-12-04 10:00:00,203430.2,6595.8,39177.8
2024-12-04 11:00:00,199424.5,6171.5,46055.8
2024-12-04 12:00:00,193592.5,6263.5,48409.0
2024-12-04 13:00:00,186739.2,6598.8,46513.5
2024-12-04 14:00:00,186498.2,6476.2,41390.5
2024-12-04 15:00:00,187401.5,6740.2,32214.0
2024-12-04 16:00:00,186464.0,7272.2,17420.5
2024-12-04 17:00:00,188820.8,6925.5,3434.8
2024-12-04 18:00:00,193161.5,7626.0,150.8
2024-12-04 19:00:00,184903.5,9046.8,91.0
2024-12-04 20:00:00,172349.5,10203.5,82.0
2024-12-04 21:00:00,163160.2,10627.8,50.2
2024-12-04 22:00:00,156864.2,10606.5,64.2
2024-12-04 23:00:00,151863.5,10557.2,63.5
2024-12-05 00:00:00,146706.8,10144.5,62.5
2024-12-05 01:00:00,143530.2,9630.0,44.0
2024-12-05 02:00:00,141101.2,9288.0,36.5
2024-12-05 03:00:00,140218.8,9170.5,42.5
2024-12-05 04:00:00,143493.0,9587.0,40.5
2024-12-05 05:00:00,154378.5,9379.2,46.8
2024-12-05 06:00:00,172447.8,8932.2,107.8
2024-12-05 07:00:00,190554.5,8729.2,2793.8
2024-12-05 08:00:00,196390.0,8381.5,14629.8
2024-12-05 09:00:00,203587.8,6532.5,30504.0
2024-12-05 10:00:00,204689.5,4910.0,41331.8
2024-12-05 11:00:00,200404.0,4702.0,45979.2
2024-12-05 12:00:00,195554.5,4616.2,48977.5
2024-12-05 13:00:00,187858.2,4363.0,46451.8
2024-12-05 14:00:00,188296.5,3920.0,42119.8
2024-12-05 15:00:00,189361.5,3981.2,32812.5
2024-12-05 16:00:00,186034.5,3987.8,17538.8
2024-12-05 17:00:00,189042.5,3849.8,3340.2
2024-12-05 18:00:00,193163.8,4288.0,113.2
2024-12-05 19:00:00,186416.0,5086.0,62.8
2024-12-05 20:00:00,174553.2,5697.8,31.5
2024-12-05 21:00:00,165405.5,5832.5,4.5
2024-12-05 22:00:00,159431.5,5578.8,11.5
2024-12-05 23:00:00,153962.8,5492.8,9.5
2024-12-06 00:00:00,149089.5,5655.5,5.8
2024-12-06 01:00:00,145600.5,6041.2,3.8
2024-12-06 02:00:00,142990.2,6300.8,0.0
2024-12-06 03:00:00,141885.8,6264.8,6.0
2024-12-06 04:00:00,144787.0,6160.8,7.0
2024-12-06 05:00:00,155890.5,5978.0,18.0
2024-12-06 06:00:00,173855.2,5693.2,309.5
2024-12-06 07:00:00,191417.2,5172.2,3642.0
2024-12-06 08:00:00,197700.8,4611.2,16758.5
2024-12-06 09:00:00,205072.8,3913.5,33375.0
2024-12-06 10:00:00,207080.2,3412.5,43904.8
2024-12-06 11:00:00,205391.0,3470.8,48802.2
2024-12-06 12:00:00,201023.0,3247.2,49931.5
2024-12-06 13:00:00,191264.5,2904.0,48978.8
2024-12-06 14:00:00,190497.2,2706.5,44200.2
2024-12-06 15:00:00,191032.5,2783.8,34055.2
2024-12-06 16:00:00,188370.8,2746.8,18311.8
2024-12-06 17:00:00,189004.8,2870.0,3732.5
2024-12-06 18:00:00,191051.0,3067.5,341.8
2024-12-06 19:00:00,187020.2,3324.8,179.2
2024-12-06 20:00:00,175338.5,3600.8,74.0
2024-12-06 21:00:00,165828.2,3789.0,21.8
2024-12-06 22:00:00,158870.0,3642.2,15.5
2024-12-06 23:00:00,153637.0,3555.5,9.2
2024-12-07 00:00:00,148854.0,3245.2,11.5
2024-12-07 01:00:00,145458.2,2884.2,3.2
2024-12-07 02:00:00,142604.5,2564.5,0.0
2024-12-07 03:00:00,142088.8,2572.0,1.0
2024-12-07 04:00:00,144941.5,2761.5,4.2
2024-12-07 05:00:00,155155.5,2797.2,11.0
2024-12-07 06:00:00,171174.2,2817.5,317.0
2024-12-07 07:00:00,187242.8,2850.8,3622.8
2024-12-07 08:00:00,195057.8,2787.2,17636.8
2024-12-07 09:00:00,202678.8,2309.5,34866.8
2024-12-07 10:00:00,204318.8,2035.2,45414.0
2024-12-07 11:00:00,201120.8,2088.8,50093.5
2024-12-07 12:00:00,195793.5,2135.2,51057.8
2024-12-07 13:00:00,188838.2,2141.5,50416.2
2024-12-07 14:00:00,188389.5,2346.2,44790.8
2024-12-07 15:00:00,190116.2,2592.8,34611.8
2024-12-07 16:00:00,188607.8,2768.2,19599.5
2024-12-07 17:00:00,190024.0,2977.8,4138.2
2024-12-07 18:00:00,193424.0,3180.2,179.5
2024-12-07 19:00:00,186128.2,3520.5,43.5
2024-12-07 20:00:00,173228.5,3878.2,10.5
2024-12-07 21:00:00,164073.0,3895.8,42.0
2024-12-07 22:00:00,158102.8,3625.2,17.0
2024-12-07 23:00:00,153128.5,3616.5,17.2
2024-12-08 00:00:00,148221.8,3953.5,18.5
2024-12-08 01:00:00,144730.2,3968.8,0.8
2024-12-08 02:00:00,141783.5,3875.8,12.2
2024-12-08 03:00:00,141059.0,4011.0,51.8
2024-12-08 04:00:00,143574.8,4438.5,50.0
2024-12-08 05:00:00,151922.5,4517.5,50.5
2024-12-08 06:00:00,163705.2,4881.8,145.2
2024-12-08 07:00:00,177638.2,5205.2,3214.2
2024-12-08 08:00:00,187663.5,4709.8,17533.8
2024-12-08 09:00:00,197046.8,3891.8,35166.8
2024-12-08 10:00:00,198531.5,3538.8,45821.0
2024-12-08 11:00:00,193146.2,3670.5,50249.8
2024-12-08 12:00:00,188893.2,3269.2,51370.8
2024-12-08 13:00:00,182291.8,3516.8,49144.5
2024-12-08 14:00:00,180198.2,3623.8,43079.2
2024-12-08 15:00:00,177981.0,3938.8,31987.2
2024-12-08 16:00:00,174718.2,4843.8,18590.5
2024-12-08 17:00:00,177514.2,5047.2,3935.5
2024-12-08 18:00:00,181418.2,6280.5,518.8
2024-12-08 19:00:00,174249.0,7973.5,445.2
2024-12-08 20:00:00,163456.2,8837.8,193.8
2024-12-08 21:00:00,154795.8,9478.2,8.2
2024-12-08 22:00:00,148724.2,9444.2,8.8
2024-12-08 23:00:00,143852.5,8883.0,6.0
2024-12-09 00:00:00,139295.8,8541.0,2.5
2024-12-09 01:00:00,136520.8,8942.2,10.5
2024-12-09 02:00:00,134459.0,9661.8,8.8
2024-12-09 03:00:00,133650.2,9416.8,7.8
2024-12-09 04:00:00,136840.8,9006.8,9.0
2024-12-09 05:00:00,147502.5,9119.0,8.8
2024-12-09 06:00:00,166390.8,9621.0,102.8
2024-12-09 07:00:00,185769.0,9974.0,2603.5
2024-12-09 08:00:00,194854.2,9247.8,14432.2
2024-12-09 09:00:00,203065.8,6586.5,30469.5
2024-12-09 10:00:00,205488.5,5635.5,41979.2
2024-12-09 11:00:00,201426.5,6403.8,47891.5
2024-12-09 12:00:00,197161.0,7120.0,50338.8
2024-12-09 13:00:00,190191.5,7278.0,48493.8
2024-12-09 14:00:00,189240.8,7258.5,42556.5
2024-12-09 15:00:00,189919.5,7164.5,32650.8
2024-12-09 16:00:00,187784.8,6839.5,21158.2
2024-12-09 17:00:00,189447.0,6536.2,11475.5
2024-12-09 18:00:00,194624.8,7185.0,4663.2
2024-12-09 19:00:00,186794.5,9013.5,220.0
2024-12-09 20:00:00,173656.2,10294.0,56.8
2024-12-09 21:00:00,164177.8,10271.5,14.5
2024-12-09 22:00:00,157309.2,10838.5,24.2
2024-12-09 23:00:00,151664.2,11952.5,24.0
2024-12-10 00:00:00,146407.5,12485.0,18.5
2024-12-10 01:00:00,142305.2,12133.5,20.2
2024-12-10 02:00:00,139541.8,11347.5,18.5
2024-12-10 03:00:00,139299.0,11286.0,19.2
2024-12-10 04:00:00,142058.8,11562.8,22.5
2024-12-10 05:00:00,153024.0,12119.2,24.5
2024-12-10 06:00:00,171557.8,12225.5,151.2
2024-12-10 07:00:00,189952.0,12151.0,2797.0
2024-12-10 08:00:00,199376.0,11308.5,15239.2
2024-12-10 09:00:00,207884.2,8717.2,32398.0
2024-12-10 10:00:00,209398.5,7593.0,44321.5
2024-12-10 11:00:00,205019.2,7503.5,50945.8
2024-12-10 12:00:00,198779.0,6365.0,52463.0
2024-12-10 13:00:00,192075.2,5711.2,51104.2
2024-12-10 14:00:00,190752.0,5582.5,44371.5
2024-12-10 15:00:00,192214.5,5824.0,34494.0
2024-12-10 16:00:00,190614.8,5988.8,18607.0
2024-12-10 17:00:00,192328.5,5971.2,3928.0
2024-12-10 18:00:00,195998.8,6860.5,365.2
2024-12-10 19:00:00,189280.8,8679.0,243.0
2024-12-10 20:00:00,175964.5,9707.2,123.5
2024-12-10 21:00:00,165578.5,10070.2,67.0
2024-12-10 22:00:00,157734.5,10101.5,64.2
2024-12-10 23:00:00,151301.5,10171.0,45.8
2024-12-11 00:00:00,146351.8,10390.0,39.0
2024-12-11 01:00:00,143032.0,10647.0,35.0
2024-12-11 02:00:00,140293.8,10543.2,34.2
2024-12-11 03:00:00,139548.0,10323.5,40.0
2024-12-11 04:00:00,142658.5,10524.5,39.5
2024-12-11 05:00:00,153658.5,10611.2,47.2
2024-12-11 06:00:00,171941.2,10742.0,218.0
2024-12-11 07:00:00,190858.0,10717.5,2702.2
2024-12-11 08:00:00,199861.0,9873.2,15206.8
2024-12-11 09:00:00,208427.8,7711.2,31699.0
2024-12-11 10:00:00,209664.8,6804.8,43155.8
2024-12-11 11:00:00,205512.5,7159.2,49201.8
2024-12-11 12:00:00,200853.5,7959.2,49004.0
2024-12-11 13:00:00,191658.0,7968.0,46965.0
2024-12-11 14:00:00,190679.8,7868.0,42793.0
2024-12-11 15:00:00,191914.8,7349.0,33997.2
2024-12-11 16:00:00,190087.5,6510.2,20055.2
2024-12-11 17:00:00,191011.2,6158.8,5943.2
2024-12-11 18:00:00,195032.5,6816.8,2410.2
2024-12-11 19:00:00,188060.5,8079.5,2299.2
2024-12-11 20:00:00,175030.5,9041.5,2214.2
2024-12-11 21:00:00,165353.5,9258.8,2215.0
2024-12-11 22:00:00,157245.8,9384.5,1694.0
2024-12-11 23:00:00,151384.0,9775.0,119.2
2024-12-12 00:00:00,146263.0,9950.0,125.2
2024-12-12 01:00:00,142776.2,10187.5,135.8
2024-12-12 02:00:00,139895.5,10485.8,135.2
2024-12-12 03:00:00,139175.8,10587.0,135.0
2024-12-12 04:00:00,142015.2,10620.0,135.0
2024-12-12 05:00:00,153130.5,10683.2,135.5
2024-12-12 06:00:00,171997.2,10769.8,137.0
2024-12-12 07:00:00,191730.8,11017.0,1102.5
2024-12-12 08:00:00,200680.5,10387.2,14418.0
2024-12-12 09:00:00,209093.0,7949.5,35179.0
2024-12-12 10:00:00,210588.5,7101.5,39365.5
2024-12-12 11:00:00,205813.2,7262.8,43051.5
2024-12-12 12:00:00,198980.5,7801.0,43819.8
2024-12-12 13:00:00,191144.0,7512.2,41396.0
2024-12-12 14:00:00,187941.8,6997.5,39407.2
2024-12-12 15:00:00,189257.2,4983.5,31076.2
2024-12-12 16:00:00,188382.8,6669.8,17521.2
2024-12-12 17:00:00,190414.8,6701.2,5944.2
2024-12-12 18:00:00,194079.0,7754.5,5011.0
2024-12-12 19:00:00,187455.5,9567.0,4969.5
2024-12-12 20:00:00,174379.5,11256.5,4730.2
2024-12-12 21:00:00,163914.8,12791.5,4627.0
2024-12-12 22:00:00,155231.5,14239.2,4631.5
2024-12-12 23:00:00,148631.2,15608.2,4631.8
2024-12-13 00:00:00,143292.8,15938.8,4631.2
2024-12-13 01:00:00,139778.5,15826.0,4659.8
2024-12-13 02:00:00,137665.0,16168.5,4697.5
2024-12-13 03:00:00,137482.8,16312.5,4648.0
2024-12-13 04:00:00,140140.5,16312.8,4648.0
2024-12-13 05:00:00,151528.5,16113.5,4648.8
2024-12-13 06:00:00,171700.0,16079.8,2669.8
2024-12-13 07:00:00,192549.8,15812.0,2232.0
2024-12-13 08:00:00,202955.0,14443.8,12922.0
2024-12-13 09:00:00,211273.2,11436.8,28620.5
2024-12-13 10:00:00,211787.5,10550.5,38766.0
2024-12-13 11:00:00,207290.8,11001.2,44007.2
2024-12-13 12:00:00,202173.2,10902.2,45322.5
2024-12-13 13:00:00,193183.0,10185.5,44001.0
2024-12-13 14:00:00,189688.2,9300.8,40528.0
2024-12-13 15:00:00,190249.2,8690.5,31858.0
2024-12-13 16:00:00,189031.0,8236.8,17581.8
2024-12-13 17:00:00,191121.2,8139.8,5422.2
2024-12-13 18:00:00,195466.2,9444.5,6009.5
2024-12-13 19:00:00,188284.2,11318.8,3660.2
2024-12-13 20:00:00,175072.8,12069.8,482.2
2024-12-13 21:00:00,163985.2,12719.5,152.5
2024-12-13 22:00:00,155150.5,13701.2,151.8
2024-12-13 23:00:00,148267.0,14370.8,157.2
2024-12-14 00:00:00,142898.0,14387.2,4661.8
2024-12-14 01:00:00,139291.8,13990.2,4646.0
2024-12-14 02:00:00,136766.8,13644.0,4645.0
2024-12-14 03:00:00,136460.0,12898.8,4645.0
2024-12-14 04:00:00,139871.8,12738.5,4645.0
2024-12-14 05:00:00,150521.5,12928.8,4645.8
2024-12-14 06:00:00,167949.0,13560.0,1126.0
2024-12-14 07:00:00,187041.2,14060.0,3188.0
2024-12-14 08:00:00,198409.5,12980.2,14834.8
2024-12-14 09:00:00,207971.0,10189.5,31773.8
2024-12-14 10:00:00,209742.8,8539.2,43153.5
2024-12-14 11:00:00,205270.8,8059.0,49806.0
2024-12-14 12:00:00,198827.5,6981.8,51820.0
2024-12-14 13:00:00,191018.5,6109.0,50939.0
2024-12-14 14:00:00,189866.8,5677.2,46141.5
2024-12-14 15:00:00,190893.0,5450.2,36132.8
2024-12-14 16:00:00,190515.0,5785.2,20315.0
2024-12-14 17:00:00,190309.8,6344.8,4642.0
2024-12-14 18:00:00,194369.8,8085.5,3462.5
2024-12-14 19:00:00,187551.0,10741.2,5428.0
2024-12-14 20:00:00,174426.8,12314.0,4854.2
2024-12-14 21:00:00,163299.0,12880.5,4646.0
2024-12-14 22:00:00,154460.2,12610.2,4638.0
2024-12-14 23:00:00,148191.2,12703.8,4637.5
2024-12-15 00:00:00,143069.2,12364.0,4624.2
2024-12-15 01:00:00,139446.8,11288.2,4620.5
2024-12-15 02:00:00,136990.5,9903.2,4624.5
2024-12-15 03:00:00,136430.2,9476.8,4625.5
2024-12-15 04:00:00,139288.2,9157.0,4626.0
2024-12-15 05:00:00,148480.8,8853.0,4627.5
2024-12-15 06:00:00,161544.2,9195.2,3045.8
2024-12-15 07:00:00,178067.5,9348.5,3423.0
2024-12-15 08:00:00,191032.8,9054.5,17530.5
2024-12-15 09:00:00,202373.2,7336.0,36215.2
2024-12-15 10:00:00,204165.2,5922.2,47691.5
2024-12-15 11:00:00,200023.2,5061.8,53445.0
2024-12-15 12:00:00,193837.5,4496.2,54757.0
2024-12-15 13:00:00,187011.2,4393.5,53759.0
2024-12-15 14:00:00,182000.2,4376.8,48663.0
2024-12-15 15:00:00,179984.8,4795.2,38887.5
2024-12-15 16:00:00,177629.5,5176.5,22998.0
2024-12-15 17:00:00,178454.2,5637.8,5884.2
2024-12-15 18:00:00,182458.5,7050.2,5437.5
2024-12-15 19:00:00,176724.0,8980.8,6115.2
2024-12-15 20:00:00,165601.5,10051.8,4849.0
2024-12-15 21:00:00,155289.8,10159.5,4759.8
2024-12-15 22:00:00,147933.2,9904.2,4761.8
2024-12-15 23:00:00,141670.5,9327.2,4760.8
2024-12-16 00:00:00,136716.0,8771.0,4762.2
2024-12-16 01:00:00,133676.0,8438.8,4769.2
2024-12-16 02:00:00,131338.2,8219.0,4757.0
2024-12-16 03:00:00,131010.5,7937.8,4757.0
2024-12-16 04:00:00,134948.8,7703.0,4757.0
2024-12-16 05:00:00,146806.2,7449.2,4761.0
2024-12-16 06:00:00,167197.5,7493.8,1650.0
2024-12-16 07:00:00,189136.8,7647.2,3278.0
2024-12-16 08:00:00,200116.2,7570.5,16803.8
2024-12-16 09:00:00,210136.2,6173.2,35319.8
2024-12-16 10:00:00,211747.2,4686.8,47036.2
2024-12-16 11:00:00,208738.8,4011.5,53443.2
2024-12-16 12:00:00,202818.0,3636.0,54624.2
2024-12-16 13:00:00,194980.2,3480.0,52796.8
2024-12-16 14:00:00,194163.2,3433.8,47268.5
2024-12-16 15:00:00,195828.8,3423.0,37037.8
2024-12-16 16:00:00,193877.2,5352.5,22604.8
2024-12-16 17:00:00,191750.0,4991.0,9618.8
2024-12-16 18:00:00,195556.8,5771.2,5711.2
2024-12-16 19:00:00,190628.8,7795.8,5547.5
2024-12-16 20:00:00,177847.8,9516.8,4804.5
2024-12-16 21:00:00,166111.8,10134.5,4531.2
2024-12-16 22:00:00,156835.2,9852.5,4518.0
2024-12-16 23:00:00,149910.5,9231.8,4501.8
2024-12-17 00:00:00,144699.5,9006.8,0.0
2024-12-17 01:00:00,141508.2,8964.2,0.0
2024-12-17 02:00:00,138916.2,8605.0,0.0
2024-12-17 03:00:00,138570.2,8459.8,0.0
2024-12-17 04:00:00,142267.2,7830.0,0.0
2024-12-17 05:00:00,154288.0,7137.2,0.0
2024-12-17 06:00:00,173508.2,6282.2,770.2
2024-12-17 07:00:00,193222.8,5639.2,2984.5
2024-12-17 08:00:00,203894.0,5420.0,15647.8
2024-12-17 09:00:00,213892.5,4660.8,29150.2
2024-12-17 10:00:00,215978.2,3477.2,43079.5
2024-12-17 11:00:00,212882.5,3758.5,51995.5
2024-12-17 12:00:00,206274.8,4702.5,54382.0
2024-12-17 13:00:00,197928.8,5688.5,53116.5
2024-12-17 14:00:00,196682.5,6211.5,47816.5
2024-12-17 15:00:00,196873.8,6263.5,37363.2
2024-12-17 16:00:00,194894.8,5925.8,21105.5
2024-12-17 17:00:00,194429.2,5906.0,4555.0
2024-12-17 18:00:00,198382.8,6715.8,576.8
2024-12-17 19:00:00,192144.8,8429.5,438.0
2024-12-17 20:00:00,178565.5,10076.5,180.2
2024-12-17 21:00:00,167268.5,11472.0,79.2
2024-12-17 22:00:00,158036.8,12040.2,59.2
2024-12-17 23:00:00,151107.8,11628.0,45.0
2024-12-18 00:00:00,146139.8,10763.2,44.5
2024-12-18 01:00:00,142953.5,10459.5,43.5
2024-12-18 02:00:00,140593.0,10045.2,43.0
2024-12-18 03:00:00,140282.8,8985.0,41.2
2024-12-18 04:00:00,143808.8,8362.2,39.2
2024-12-18 05:00:00,156103.8,7990.5,40.5
2024-12-18 06:00:00,176293.0,7785.2,261.8
2024-12-18 07:00:00,196308.8,7531.5,2436.2
2024-12-18 08:00:00,206277.8,7270.0,13892.5
2024-12-18 09:00:00,214495.0,5565.2,30733.0
2024-12-18 10:00:00,217194.8,3478.0,42313.2
2024-12-18 11:00:00,213405.8,3036.0,48440.0
2024-12-18 12:00:00,209324.2,3214.2,51069.0
2024-12-18 13:00:00,201719.8,3283.8,49586.0
2024-12-18 14:00:00,198667.5,3231.0,43238.5
2024-12-18 15:00:00,199056.8,3143.0,33442.2
2024-12-18 16:00:00,195584.5,3160.8,18735.0
2024-12-18 17:00:00,193828.0,3520.2,4364.2
2024-12-18 18:00:00,196632.0,4490.8,479.2
2024-12-18 19:00:00,192214.8,5840.8,301.2
2024-12-18 20:00:00,180727.0,6868.5,96.0
2024-12-18 21:00:00,170123.8,7527.5,7.0
2024-12-18 22:00:00,160718.0,8131.2,10.2
2024-12-18 23:00:00,152910.0,8592.5,11.5
2024-12-19 00:00:00,147398.0,8581.2,10.0
2024-12-19 01:00:00,144271.2,7973.8,8.0
2024-12-19 02:00:00,142239.0,7374.8,7.5
2024-12-19 03:00:00,141910.5,6995.8,8.2
2024-12-19 04:00:00,145543.8,6613.0,8.2
2024-12-19 05:00:00,157891.0,6182.0,8.8
2024-12-19 06:00:00,178076.2,5994.8,206.0
2024-12-19 07:00:00,198894.5,5690.8,2286.2
2024-12-19 08:00:00,208150.5,5480.2,13788.0
2024-12-19 09:00:00,216837.5,4398.2,31157.0
2024-12-19 10:00:00,218919.5,3183.8,43484.2
2024-12-19 11:00:00,215049.2,2950.0,49267.0
2024-12-19 12:00:00,208860.0,3220.5,51098.8
2024-12-19 13:00:00,201019.5,3412.8,49754.0
2024-12-19 14:00:00,199560.5,3416.5,43291.2
2024-12-19 15:00:00,199398.8,3428.5,32871.8
2024-12-19 16:00:00,195913.0,3704.5,18007.8
2024-12-19 17:00:00,197794.2,4309.5,4127.0
2024-12-19 18:00:00,199760.0,5508.0,344.5
2024-12-19 19:00:00,195239.8,7208.2,273.8
2024-12-19 20:00:00,182377.5,8357.2,73.5
2024-12-19 21:00:00,171345.2,9685.5,0.0
2024-12-19 22:00:00,163237.2,10588.8,0.0
2024-12-19 23:00:00,156735.0,11261.0,0.2
2024-12-20 00:00:00,150916.8,11644.5,0.0
2024-12-20 01:00:00,146735.0,11560.0,0.0
2024-12-20 02:00:00,144046.8,11606.5,0.0
2024-12-20 03:00:00,143693.2,11459.2,0.0
2024-12-20 04:00:00,147698.8,11494.8,0.0
2024-12-20 05:00:00,160297.0,11269.5,2.5
2024-12-20 06:00:00,179515.5,10830.0,219.0
2024-12-20 07:00:00,201554.0,10547.0,2014.5
2024-12-20 08:00:00,211702.8,10329.8,11690.2
2024-12-20 09:00:00,220151.8,8035.2,26530.0
2024-12-20 10:00:00,223868.2,6640.2,38030.0
2024-12-20 11:00:00,221659.5,7431.5,44661.0
2024-12-20 12:00:00,215654.8,8397.0,47121.5
2024-12-20 13:00:00,206589.8,8482.8,44664.2
2024-12-20 14:00:00,203035.5,8455.2,39214.2
2024-12-20 15:00:00,201838.2,8276.0,28399.0
2024-12-20 16:00:00,197462.8,8038.5,15397.2
2024-12-20 17:00:00,198722.0,7441.2,3682.5
2024-12-20 18:00:00,201441.0,7887.2,379.8
2024-12-20 19:00:00,194016.5,10023.2,290.2
2024-12-20 20:00:00,180876.2,11497.2,92.0
2024-12-20 21:00:00,170811.2,12137.2,0.0
2024-12-20 22:00:00,162553.0,12112.8,0.0
2024-12-20 23:00:00,156685.0,12177.5,0.0
2024-12-21 00:00:00,151764.8,12159.0,0.0
2024-12-21 01:00:00,148676.0,11914.2,0.0
2024-12-21 02:00:00,146039.8,11898.8,0.0
2024-12-21 03:00:00,145550.8,11610.5,10.8
2024-12-21 04:00:00,148820.8,10809.0,9.5
2024-12-21 05:00:00,160623.0,10195.2,13.0
2024-12-21 06:00:00,176695.5,9219.8,238.2
2024-12-21 07:00:00,197779.5,8498.5,2200.5
2024-12-21 08:00:00,207865.8,7852.8,10723.8
2024-12-21 09:00:00,215526.0,5748.5,24172.5
2024-12-21 10:00:00,217749.8,3432.8,35981.0
2024-12-21 11:00:00,213955.0,2571.8,43260.2
2024-12-21 12:00:00,208294.2,2514.2,45466.0
2024-12-21 13:00:00,199554.5,2732.0,43793.0
2024-12-21 14:00:00,197559.8,2893.2,38698.5
2024-12-21 15:00:00,196063.5,3126.2,28380.8
2024-12-21 16:00:00,192666.0,3357.5,14616.0
2024-12-21 17:00:00,194474.0,4119.5,3582.0
2024-12-21 18:00:00,200029.0,5571.8,478.0
2024-12-21 19:00:00,193185.8,6764.2,320.8
2024-12-21 20:00:00,180808.0,8210.0,71.5
2024-12-21 21:00:00,170685.5,9142.0,0.0
2024-12-21 22:00:00,162754.0,10038.8,0.0
2024-12-21 23:00:00,156516.0,9753.0,0.0
2024-12-22 00:00:00,152155.0,9736.2,0.0
2024-12-22 01:00:00,148455.8,9118.0,0.0
2024-12-22 02:00:00,145985.8,8053.8,0.0
2024-12-22 03:00:00,145187.0,7401.2,0.0
2024-12-22 04:00:00,147810.8,7044.0,0.0
2024-12-22 05:00:00,156675.0,6837.2,0.0
2024-12-22 06:00:00,168765.0,6264.0,223.0
2024-12-22 07:00:00,184588.0,5993.0,1981.0
2024-12-22 08:00:00,197267.0,5635.8,10036.8
2024-12-22 09:00:00,208291.2,4605.8,22304.2
2024-12-22 10:00:00,211394.8,3448.8,33780.5
2024-12-22 11:00:00,209705.5,2831.2,40531.5
2024-12-22 12:00:00,204201.5,2840.2,42335.2
2024-12-22 13:00:00,196572.5,2982.0,40333.0
2024-12-22 14:00:00,191286.2,3243.8,33819.5
2024-12-22 15:00:00,188250.8,3443.5,24633.2
2024-12-22 16:00:00,183755.2,3429.0,12905.8
2024-12-22 17:00:00,183672.0,3623.0,3058.5
2024-12-22 18:00:00,187139.2,4574.8,454.0
2024-12-22 19:00:00,181527.0,6120.8,269.0
2024-12-22 20:00:00,170917.5,7442.5,90.2
2024-12-22 21:00:00,161601.2,8105.5,0.0
2024-12-22 22:00:00,154320.8,7966.5,0.0
2024-12-22 23:00:00,149058.8,7364.5,0.0
2024-12-23 00:00:00,145230.2,6796.2,0.0
2024-12-23 01:00:00,142477.2,6166.2,14.2
2024-12-23 02:00:00,139929.2,5624.2,13.2
2024-12-23 03:00:00,139268.8,5521.0,10.2
2024-12-23 04:00:00,142438.5,5539.2,11.2
2024-12-23 05:00:00,152895.0,5064.8,12.8
2024-12-23 06:00:00,170005.2,4947.0,217.2
2024-12-23 07:00:00,191763.8,4644.8,1816.2
2024-12-23 08:00:00,202898.8,4487.0,8958.0
2024-12-23 09:00:00,211638.0,3986.2,20076.5
2024-12-23 10:00:00,215575.2,3194.0,30988.5
2024-12-23 11:00:00,213451.5,3196.8,38763.0
2024-12-23 12:00:00,207320.8,3483.8,41766.2
2024-12-23 13:00:00,200359.0,3645.5,42050.8
2024-12-23 14:00:00,198777.8,3847.0,36863.5
2024-12-23 15:00:00,198601.8,4010.8,27242.0
2024-12-23 16:00:00,195390.2,4093.0,14901.2
2024-12-23 17:00:00,197027.2,4097.5,4064.5
2024-12-23 18:00:00,199260.8,4778.8,558.2
2024-12-23 19:00:00,192242.2,5814.5,515.0
2024-12-23 20:00:00,179832.5,7475.0,326.8
2024-12-23 21:00:00,168994.0,8318.2,182.2
2024-12-23 22:00:00,160101.8,8683.5,153.2
2024-12-23 23:00:00,153761.2,8669.5,123.2
2024-12-24 00:00:00,148874.2,8598.5,125.0
2024-12-24 01:00:00,145473.2,8519.8,124.8
2024-12-24 02:00:00,142995.0,9024.0,113.0
2024-12-24 03:00:00,142549.8,9305.8,113.8
2024-12-24 04:00:00,146003.2,9085.0,110.0
2024-12-24 05:00:00,157132.8,8448.5,108.8
2024-12-24 06:00:00,173939.0,7793.0,316.8
2024-12-24 07:00:00,194447.5,7147.0,2083.2
2024-12-24 08:00:00,204978.8,6863.8,10264.0
2024-12-24 09:00:00,214487.5,5845.2,23266.2
2024-12-24 10:00:00,217865.2,4908.8,34486.5
2024-12-24 11:00:00,213719.2,5251.8,42487.5
2024-12-24 12:00:00,208296.0,5802.5,45282.2
2024-12-24 13:00:00,200856.0,5701.2,44652.5
2024-12-24 14:00:00,199664.8,5834.0,40893.5
2024-12-24 15:00:00,200362.8,6143.5,34061.5
2024-12-24 16:00:00,197114.2,6480.2,12633.8
2024-12-24 17:00:00,198517.0,6592.5,3485.0
2024-12-24 18:00:00,200385.2,7537.5,225.0
2024-12-24 19:00:00,192466.5,9638.2,85.5
2024-12-24 20:00:00,179107.0,10747.5,91.0
2024-12-24 21:00:00,168944.0,11379.2,55.8
2024-12-24 22:00:00,160365.0,11739.2,57.0
2024-12-24 23:00:00,153940.0,11722.2,53.2
2024-12-25 00:00:00,148873.5,11908.5,52.0
2024-12-25 01:00:00,145527.0,11618.0,52.2
2024-12-25 02:00:00,142925.2,11422.0,50.8
2024-12-25 03:00:00,142727.0,11235.5,50.0
2024-12-25 04:00:00,145736.5,10892.0,47.8
2024-12-25 05:00:00,155563.2,10174.0,49.0
2024-12-25 06:00:00,169411.8,9736.8,122.5
2024-12-25 07:00:00,188158.2,9426.0,1587.2
2024-12-25 08:00:00,202962.5,9219.0,9244.2
2024-12-25 09:00:00,214181.0,7162.8,21938.8
2024-12-25 10:00:00,219569.0,5360.0,33431.8
2024-12-25 11:00:00,215765.8,4287.8,41295.2
2024-12-25 12:00:00,209749.0,4159.5,44213.5
2024-12-25 13:00:00,201210.0,4369.8,42580.2
2024-12-25 14:00:00,197870.5,4709.2,36800.2
2024-12-25 15:00:00,196697.0,5167.2,27447.2
2024-12-25 16:00:00,193140.0,5693.2,15151.5
2024-12-25 17:00:00,194256.5,6427.8,3761.2
2024-12-25 18:00:00,196702.5,7821.0,366.2
2024-12-25 19:00:00,189151.0,10307.0,227.5
2024-12-25 20:00:00,175981.2,11905.2,182.8
2024-12-25 21:00:00,165579.2,12450.8,141.0
2024-12-25 22:00:00,158259.2,12869.8,141.0
2024-12-25 23:00:00,152193.0,12558.0,135.8
2024-12-26 00:00:00,147706.2,12445.2,74.2
2024-12-26 01:00:00,144403.0,12029.2,80.0
2024-12-26 02:00:00,141998.2,11098.2,81.0
2024-12-26 03:00:00,141574.0,10280.0,78.8
2024-12-26 04:00:00,145369.2,9801.8,76.5
2024-12-26 05:00:00,156221.8,9552.0,80.8
2024-12-26 06:00:00,173127.5,8917.0,135.5
2024-12-26 07:00:00,193670.0,8407.2,1271.2
2024-12-26 08:00:00,206723.5,7976.5,7406.5
2024-12-26 09:00:00,215059.0,6414.8,17099.0
2024-12-26 10:00:00,218003.5,4580.5,26672.5
2024-12-26 11:00:00,213348.0,3837.8,33544.5
2024-12-26 12:00:00,206266.0,4021.2,37126.2
2024-12-26 13:00:00,197008.5,4645.8,35396.2
2024-12-26 14:00:00,193612.5,5353.5,28699.8
2024-12-26 15:00:00,193337.2,5823.8,19498.2
2024-12-26 16:00:00,191781.8,6091.2,10427.0
2024-12-26 17:00:00,194578.5,6286.5,2848.2
2024-12-26 18:00:00,198942.0,7025.8,250.0
2024-12-26 19:00:00,192683.5,8670.5,149.5
2024-12-26 20:00:00,179366.2,10004.8,81.0
2024-12-26 21:00:00,168699.2,10643.0,48.5
2024-12-26 22:00:00,160564.0,10774.2,51.2
2024-12-26 23:00:00,154145.0,11026.2,48.5
2024-12-27 00:00:00,148850.0,11123.8,49.0
2024-12-27 01:00:00,145388.8,11346.5,46.2
2024-12-27 02:00:00,142695.5,11236.8,45.2
2024-12-27 03:00:00,141468.5,10945.2,47.2
2024-12-27 04:00:00,144438.0,10976.5,43.8
2024-12-27 05:00:00,155072.8,10664.2,45.8
2024-12-27 06:00:00,170457.2,10369.5,70.0
2024-12-27 07:00:00,189479.8,10594.8,1376.2
2024-12-27 08:00:00,199678.8,10604.8,7111.5
2024-12-27 09:00:00,208368.2,9956.5,16005.0
2024-12-27 10:00:00,209591.2,8751.2,24885.8
2024-12-27 11:00:00,207204.0,8833.0,32347.2
2024-12-27 12:00:00,200810.2,9784.2,34499.0
2024-12-27 13:00:00,190880.8,9534.2,34365.5
2024-12-27 14:00:00,187500.2,8946.2,30221.5
2024-12-27 15:00:00,186513.2,8698.2,23698.5
2024-12-27 16:00:00,184835.8,8175.2,14360.5
2024-12-27 17:00:00,187254.0,7750.0,4069.2
2024-12-27 18:00:00,192033.0,8281.2,311.2
2024-12-27 19:00:00,183916.8,10167.0,121.0
2024-12-27 20:00:00,171355.5,11652.8,79.5
2024-12-27 21:00:00,160202.8,12235.8,48.2
2024-12-27 22:00:00,151148.2,12043.5,48.0
2024-12-27 23:00:00,144527.0,11783.2,46.5
2024-12-28 00:00:00,139086.2,11681.2,41.5
2024-12-28 01:00:00,134749.5,11234.0,40.8
2024-12-28 02:00:00,131297.0,10683.8,41.5
2024-12-28 03:00:00,130138.0,10835.2,42.2
2024-12-28 04:00:00,132831.2,10640.2,43.0
2024-12-28 05:00:00,141859.8,9938.2,48.2
2024-12-28 06:00:00,155904.8,9142.5,113.5
2024-12-28 07:00:00,172560.5,8370.0,1763.2
2024-12-28 08:00:00,184751.0,7742.0,10089.0
2024-12-28 09:00:00,194855.8,6747.5,22680.5
2024-12-28 10:00:00,196512.8,6367.8,34019.0
2024-12-28 11:00:00,193457.2,6990.5,42603.8
2024-12-28 12:00:00,188772.8,7242.2,47641.5
2024-12-28 13:00:00,182253.2,7296.8,48082.5
2024-12-28 14:00:00,181481.0,6913.5,43499.8
2024-12-28 15:00:00,182808.2,6288.8,35113.0
2024-12-28 16:00:00,184040.0,5705.2,21017.0
2024-12-28 17:00:00,187397.0,4794.8,5502.0
2024-12-28 18:00:00,191919.8,5164.8,343.0
2024-12-28 19:00:00,185593.8,6731.8,246.8
2024-12-28 20:00:00,173017.5,8197.8,116.8
2024-12-28 21:00:00,162867.2,9399.8,108.8
2024-12-28 22:00:00,153846.0,10493.0,135.2
2024-12-28 23:00:00,147410.8,10719.2,117.5
2024-12-29 00:00:00,142730.8,10879.0,97.8
2024-12-29 01:00:00,139467.8,10822.0,98.0
2024-12-29 02:00:00,136804.8,10373.2,98.0
2024-12-29 03:00:00,135711.2,10155.2,96.0
2024-12-29 04:00:00,139148.8,10158.2,97.0
2024-12-29 05:00:00,148062.0,10784.8,101.5
2024-12-29 06:00:00,159619.0,10819.0,204.0
2024-12-29 07:00:00,174306.0,10860.2,2038.0
2024-12-29 08:00:00,185837.0,10236.0,12276.2
2024-12-29 09:00:00,196580.8,8421.5,27452.5
2024-12-29 10:00:00,198566.8,6443.2,39024.8
2024-12-29 11:00:00,194507.5,5634.2,45954.5
2024-12-29 12:00:00,188854.5,5095.2,49470.0
2024-12-29 13:00:00,180585.0,4723.5,50368.0
2024-12-29 14:00:00,176441.8,3985.0,46779.0
2024-12-29 15:00:00,174535.0,4016.5,37264.0
2024-12-29 16:00:00,174576.8,4783.5,22047.8
2024-12-29 17:00:00,177091.5,5359.8,5563.0
2024-12-29 18:00:00,183100.0,6406.5,345.8
2024-12-29 19:00:00,178511.2,8153.2,174.2
2024-12-29 20:00:00,167549.5,9593.5,120.5
2024-12-29 21:00:00,158316.0,10479.2,91.8
2024-12-29 22:00:00,150284.2,10423.0,56.2
2024-12-29 23:00:00,143755.2,10249.0,57.8
2024-12-30 00:00:00,139080.8,10076.2,53.5
2024-12-30 01:00:00,135795.8,9887.2,54.2
2024-12-30 02:00:00,133122.8,9297.0,52.2
2024-12-30 03:00:00,132689.8,8592.2,50.5
2024-12-30 04:00:00,136554.5,8020.5,51.8
2024-12-30 05:00:00,147644.0,7937.0,53.5
2024-12-30 06:00:00,163515.0,7730.2,137.2
2024-12-30 07:00:00,184170.5,7357.5,2026.8
2024-12-30 08:00:00,197374.2,6658.8,11360.8
2024-12-30 09:00:00,207908.5,5455.0,24676.0
2024-12-30 10:00:00,209515.2,4928.2,36055.5
2024-12-30 11:00:00,205799.2,4990.8,46991.8
2024-12-30 12:00:00,199364.8,4766.5,52456.5
2024-12-30 13:00:00,190971.2,4470.5,51342.0
2024-12-30 14:00:00,189755.0,4189.5,46977.0
2024-12-30 15:00:00,189471.5,4481.0,37727.8
2024-12-30 16:00:00,188906.0,4749.0,22782.2
2024-12-30 17:00:00,189791.0,4729.2,6523.8
2024-12-30 18:00:00,194188.2,5745.5,731.5
2024-12-30 19:00:00,189146.5,7409.2,483.0
2024-12-30 20:00:00,177523.8,8647.8,282.8
2024-12-30 21:00:00,166847.8,9296.8,74.8
2024-12-30 22:00:00,157714.0,9733.5,68.5
2024-12-30 23:00:00,150841.8,9847.8,52.8
2024-12-31 00:00:00,145383.5,9644.2,54.2
2024-12-31 01:00:00,141571.5,9181.5,53.5
2024-12-31 02:00:00,138892.5,8596.0,53.0
2024-12-31 03:00:00,137807.5,8095.8,51.5
2024-12-31 04:00:00,141136.5,8555.5,52.2
2024-12-31 05:00:00,151026.8,8396.8,49.5
2024-12-31 06:00:00,166258.0,8030.2,586.8
2024-12-31 07:00:00,185853.2,7520.0,2570.5
2024-12-31 08:00:00,198931.0,6614.2,12834.8
2024-12-31 09:00:00,211289.8,5394.0,28851.5
2024-12-31 10:00:00,213958.0,4887.0,39859.2
2024-12-31 11:00:00,210779.0,4783.8,47333.2
2024-12-31 12:00:00,204840.8,5107.2,50815.2
2024-12-31 13:00:00,195699.0,4931.2,50005.0
2024-12-31 14:00:00,193902.2,4020.8,45242.5
2024-12-31 15:00:00,192431.0,3469.8,35250.8
2024-12-31 16:00:00,192275.5,3561.2,22303.8
2024-12-31 17:00:00,194565.0,3746.8,6584.0
2024-12-31 18:00:00,197296.8,5279.0,785.5
2024-12-31 19:00:00,192408.8,6946.2,512.5
2024-12-31 20:00:00,178879.2,8818.8,195.2
2024-12-31 21:00:00,167404.2,10178.0,69.8
2024-12-31 22:00:00,158544.8,10494.2,77.2
2024-12-31 23:00:00,152149.8,10213.2,78.2
2025-01-01 00:00:00,146472.8,10144.0,73.5
2025-01-01 01:00:00,142761.8,9965.2,71.0
2025-01-01 02:00:00,139255.0,9890.2,66.5
2025-01-01 03:00:00,138041.5,9482.5,69.8
2025-01-01 04:00:00,141508.8,8845.2,71.2
2025-01-01 05:00:00,152605.5,7853.2,74.5
2025-01-01 06:00:00,168040.0,7335.0,608.5
2025-01-01 07:00:00,186045.0,6896.5,2355.8
2025-01-01 08:00:00,199332.2,6316.5,12515.0
2025-01-01 09:00:00,210622.2,5953.5,29181.5
2025-01-01 10:00:00,213785.0,6438.0,42032.0
2025-01-01 11:00:00,210186.8,7055.5,50885.5
2025-01-01 12:00:00,203727.2,6508.5,54529.0
2025-01-01 13:00:00,193883.5,5885.2,54128.2
2025-01-01 14:00:00,188795.0,5442.2,49667.2
2025-01-01 15:00:00,185311.5,4955.5,39796.5
2025-01-01 16:00:00,183714.8,4999.0,24482.0
2025-01-01 17:00:00,183465.8,4827.2,6969.8
2025-01-01 18:00:00,188680.5,5785.0,1040.8
2025-01-01 19:00:00,183220.5,7807.8,775.8
2025-01-01 20:00:00,171775.2,8874.2,610.0
2025-01-01 21:00:00,161598.0,9797.2,292.2
2025-01-01 22:00:00,152819.8,9850.0,123.0
2025-01-01 23:00:00,146222.2,9325.8,124.8
2025-01-02 00:00:00,140971.5,8847.5,142.5
2025-01-02 01:00:00,137330.8,8327.5,133.8
2025-01-02 02:00:00,134510.5,8052.8,136.2
2025-01-02 03:00:00,133807.0,7701.0,129.2
2025-01-02 04:00:00,136972.5,6850.5,106.5
2025-01-02 05:00:00,146958.8,5871.5,108.2
2025-01-02 06:00:00,165210.8,5154.5,721.0
2025-01-02 07:00:00,188044.8,4877.8,3044.0
2025-01-02 08:00:00,201439.2,4573.5,13809.8
2025-01-02 09:00:00,211735.0,4273.2,30453.0
2025-01-02 10:00:00,214176.8,4611.8,43723.0
2025-01-02 11:00:00,210710.0,4490.8,51583.8
2025-01-02 12:00:00,204744.0,4023.8,50472.0
2025-01-02 13:00:00,196586.8,3676.2,51811.2
2025-01-02 14:00:00,193700.5,3688.5,46768.5
2025-01-02 15:00:00,193776.2,3821.2,36683.2
2025-01-02 16:00:00,193254.5,4023.8,22178.8
2025-01-02 17:00:00,195165.8,4058.2,7161.0
2025-01-02 18:00:00,200183.5,4381.0,589.0
2025-01-02 19:00:00,195310.8,5347.8,197.8
2025-01-02 20:00:00,183149.5,5878.8,175.0
2025-01-02 21:00:00,171294.0,6374.5,105.2
2025-01-02 22:00:00,161028.0,6585.5,88.2
2025-01-02 23:00:00,153363.8,6680.2,75.8
2025-01-03 00:00:00,147388.5,6656.2,84.0
2025-01-03 01:00:00,143526.8,6578.5,87.5
2025-01-03 02:00:00,140963.8,6231.2,90.0
2025-01-03 03:00:00,140155.0,5988.2,87.5
2025-01-03 04:00:00,143595.8,5658.0,76.5
2025-01-03 05:00:00,154411.0,5650.8,68.0
2025-01-03 06:00:00,173293.8,5708.2,154.8
2025-01-03 07:00:00,196025.8,5415.5,2196.0
2025-01-03 08:00:00,208373.0,5000.2,14393.2
2025-01-03 09:00:00,218029.8,4574.8,31806.2
2025-01-03 10:00:00,220510.8,5507.0,44556.8
2025-01-03 11:00:00,217028.2,6895.5,53176.0
2025-01-03 12:00:00,212598.0,6369.5,55985.8
2025-01-03 13:00:00,200973.8,6074.2,55011.2
2025-01-03 14:00:00,195912.2,5776.2,50024.5
2025-01-03 15:00:00,194658.8,5532.2,40336.8
2025-01-03 16:00:00,193119.5,5062.0,24888.8
2025-01-03 17:00:00,195633.2,4593.0,6893.8
2025-01-03 18:00:00,197612.2,4884.8,531.0
2025-01-03 19:00:00,194625.5,6330.5,197.5
2025-01-03 20:00:00,183696.5,6899.2,197.5
2025-01-03 21:00:00,172015.2,7428.2,168.8
2025-01-03 22:00:00,162090.5,7825.5,181.8
2025-01-03 23:00:00,154529.0,7882.0,156.2
2025-01-04 00:00:00,148737.8,7482.8,132.5
2025-01-04 01:00:00,144925.8,6810.5,126.5
2025-01-04 02:00:00,142094.8,5963.2,126.8
2025-01-04 03:00:00,141151.5,5129.2,127.0
2025-01-04 04:00:00,144103.2,4659.8,121.5
2025-01-04 05:00:00,154960.0,4388.0,125.5
2025-01-04 06:00:00,172536.8,3995.5,181.2
2025-01-04 07:00:00,193070.5,3977.2,2360.0
2025-01-04 08:00:00,204632.8,4113.5,14818.8
2025-01-04 09:00:00,215264.0,3705.8,32469.5
2025-01-04 10:00:00,217679.2,3935.0,46315.0
2025-01-04 11:00:00,214036.0,4272.5,53219.2
2025-01-04 12:00:00,209306.5,4318.0,56074.0
2025-01-04 13:00:00,200364.2,3943.2,55344.0
2025-01-04 14:00:00,197151.8,3338.8,50667.5
2025-01-04 15:00:00,196688.8,3060.5,40892.0
2025-01-04 16:00:00,195744.0,2949.0,25028.5
2025-01-04 17:00:00,196029.8,3201.0,7442.0
2025-01-04 18:00:00,199575.2,3789.8,1051.5
2025-01-04 19:00:00,196424.0,4862.2,695.8
2025-01-04 20:00:00,185366.5,5494.2,273.0
2025-01-04 21:00:00,174380.8,5956.8,94.2
2025-01-04 22:00:00,164382.0,6477.8,93.0
2025-01-04 23:00:00,157242.2,7092.8,93.2
2025-01-05 00:00:00,151337.8,7530.2,92.8
2025-01-05 01:00:00,147211.0,7537.0,89.2
2025-01-05 02:00:00,143973.5,7437.8,77.5
2025-01-05 03:00:00,143080.0,7358.0,95.0
2025-01-05 04:00:00,146133.5,7287.0,104.8
2025-01-05 05:00:00,155099.8,7384.8,114.2
2025-01-05 06:00:00,168590.2,7253.8,519.8
2025-01-05 07:00:00,186120.8,6819.0,2487.8
2025-01-05 08:00:00,198560.5,5765.8,12153.8
2025-01-05 09:00:00,208337.5,4092.5,25734.2
2025-01-05 10:00:00,213176.0,2779.0,37841.8
2025-01-05 11:00:00,210960.8,2645.2,46955.8
2025-01-05 12:00:00,205628.8,2614.2,51483.8
2025-01-05 13:00:00,197458.0,2283.0,51232.0
2025-01-05 14:00:00,192291.5,2053.0,46918.8
2025-01-05 15:00:00,188900.5,2199.2,37703.2
2025-01-05 16:00:00,185324.8,2528.2,23356.2
2025-01-05 17:00:00,185813.0,2945.5,6960.8
2025-01-05 18:00:00,189958.0,4540.2,810.5
2025-01-05 19:00:00,186446.5,6476.8,584.5
2025-01-05 20:00:00,175160.0,7395.8,238.2
2025-01-05 21:00:00,165262.2,8292.8,112.5
2025-01-05 22:00:00,156415.0,8674.5,112.2
2025-01-05 23:00:00,149724.2,8959.2,93.2
2025-01-06 00:00:00,144380.0,9454.2,93.5
2025-01-06 01:00:00,140784.8,10153.2,104.2
2025-01-06 02:00:00,138127.5,10458.2,98.8
2025-01-06 03:00:00,137180.2,10324.5,102.5
2025-01-06 04:00:00,141137.0,10219.0,102.2
2025-01-06 05:00:00,152619.5,10262.0,109.2
2025-01-06 06:00:00,173061.0,10539.5,506.5
2025-01-06 07:00:00,197122.2,10291.2,2371.8
2025-01-06 08:00:00,209720.5,9264.8,11993.5
2025-01-06 09:00:00,219710.5,7051.5,27136.5
2025-01-06 10:00:00,223038.2,5132.8,41719.8
2025-01-06 11:00:00,220382.5,5604.8,51966.5
2025-01-06 12:00:00,215474.8,6251.8,55012.0
2025-01-06 13:00:00,206549.2,5602.5,55300.8
2025-01-06 14:00:00,204120.0,5112.8,51409.8
2025-01-06 15:00:00,203323.2,4906.2,42314.5
2025-01-06 16:00:00,201150.5,4990.0,26685.0
2025-01-06 17:00:00,200565.0,5259.8,7516.0
2025-01-06 18:00:00,201810.2,6348.5,496.0
2025-01-06 19:00:00,198517.0,8686.2,218.8
2025-01-06 20:00:00,187017.5,10304.8,143.0
2025-01-06 21:00:00,175352.2,11521.5,104.2
2025-01-06 22:00:00,165316.5,12188.2,120.5
2025-01-06 23:00:00,157522.8,12617.2,140.2
2025-01-07 00:00:00,151366.2,12548.0,1114.0
2025-01-07 01:00:00,148236.0,12278.2,94.5
2025-01-07 02:00:00,145478.8,11839.5,89.5
2025-01-07 03:00:00,144806.0,11788.0,87.2
2025-01-07 04:00:00,148187.0,11780.8,86.8
2025-01-07 05:00:00,159706.2,11834.0,92.2
2025-01-07 06:00:00,179584.8,11511.0,164.5
2025-01-07 07:00:00,202851.8,11090.2,1849.8
2025-01-07 08:00:00,215772.5,10339.2,12701.0
2025-01-07 09:00:00,225296.2,7912.2,30026.0
2025-01-07 10:00:00,226860.2,6238.0,43465.5
2025-01-07 11:00:00,222310.2,5983.5,53100.2
2025-01-07 12:00:00,217193.2,5483.8,56072.5
2025-01-07 13:00:00,208050.2,5324.2,55736.5
2025-01-07 14:00:00,205615.5,5270.0,51784.8
2025-01-07 15:00:00,205672.0,5287.2,42591.5
2025-01-07 16:00:00,204289.0,5723.8,27229.5
2025-01-07 17:00:00,204640.2,5804.5,8538.0
2025-01-07 18:00:00,205395.8,6541.8,926.0
2025-01-07 19:00:00,201522.2,8559.8,483.8
2025-01-07 20:00:00,190239.0,10286.2,188.0
2025-01-07 21:00:00,178816.5,11354.2,61.8
2025-01-07 22:00:00,168317.2,11812.0,60.2
2025-01-07 23:00:00,159683.2,11692.5,61.5
2025-01-08 00:00:00,153308.5,11266.8,75.5
2025-01-08 01:00:00,149107.0,10430.0,92.8
2025-01-08 02:00:00,146124.2,9323.5,75.2
2025-01-08 03:00:00,145437.5,7980.0,80.2
2025-01-08 04:00:00,148943.8,7376.0,72.8
2025-01-08 05:00:00,160570.8,6903.5,69.8
2025-01-08 06:00:00,180516.8,6868.5,444.0
2025-01-08 07:00:00,204255.5,7035.5,2297.0
2025-01-08 08:00:00,214886.5,6882.8,14580.8
2025-01-08 09:00:00,224163.0,5382.0,34319.5
2025-01-08 10:00:00,224824.8,4256.5,47974.0
2025-01-08 11:00:00,219417.8,4163.8,55267.8
2025-01-08 12:00:00,213691.2,3295.0,57436.0
2025-01-08 13:00:00,204388.2,2578.2,56694.0
2025-01-08 14:00:00,203695.5,2276.8,52401.8
2025-01-08 15:00:00,203637.2,2459.8,43436.8
2025-01-08 16:00:00,200872.2,2663.5,27931.2
2025-01-08 17:00:00,201351.8,3057.5,8451.0
2025-01-08 18:00:00,204020.5,4761.0,648.2
2025-01-08 19:00:00,200899.0,6901.8,212.8
2025-01-08 20:00:00,190389.5,8014.8,127.5
2025-01-08 21:00:00,178840.0,8549.2,83.2
2025-01-08 22:00:00,168807.5,9103.2,82.8
2025-01-08 23:00:00,160454.5,8835.0,88.5
2025-01-09 00:00:00,154199.5,8507.2,81.5
2025-01-09 01:00:00,150127.8,7914.5,72.8
2025-01-09 02:00:00,147220.2,7575.2,74.8
2025-01-09 03:00:00,146476.8,7377.0,84.5
2025-01-09 04:00:00,149756.8,6776.8,79.2
2025-01-09 05:00:00,161379.0,6606.5,79.2
2025-01-09 06:00:00,180525.8,6709.8,262.8
2025-01-09 07:00:00,204054.8,7208.8,2129.8
2025-01-09 08:00:00,215271.8,7186.0,14462.5
2025-01-09 09:00:00,224786.5,6455.0,34002.2
2025-01-09 10:00:00,225381.2,6686.5,47701.0
2025-01-09 11:00:00,221246.2,5712.5,54453.0
2025-01-09 12:00:00,214848.0,4536.0,56419.5
2025-01-09 13:00:00,206023.5,3773.5,54658.2
2025-01-09 14:00:00,203360.2,3224.0,50476.8
2025-01-09 15:00:00,204019.2,2816.0,41366.8
2025-01-09 16:00:00,202385.0,2554.8,26205.2
2025-01-09 17:00:00,203313.2,2738.5,7834.5
2025-01-09 18:00:00,203409.5,4092.8,505.8
2025-01-09 19:00:00,199752.0,6050.8,215.8
2025-01-09 20:00:00,190765.5,8510.2,195.2
2025-01-09 21:00:00,179372.5,10387.0,155.2
2025-01-09 22:00:00,169040.8,11204.0,136.2
2025-01-09 23:00:00,160734.2,11298.5,118.8
2025-01-10 00:00:00,154653.2,10948.0,107.2
2025-01-10 01:00:00,150489.2,10730.0,96.0
2025-01-10 02:00:00,147495.0,10329.0,99.5
2025-01-10 03:00:00,147440.5,10815.2,96.8
2025-01-10 04:00:00,151394.5,11103.2,109.8
2025-01-10 05:00:00,163298.5,10891.0,119.8
2025-01-10 06:00:00,183095.8,10098.8,294.2
2025-01-10 07:00:00,204895.2,8727.5,1954.2
2025-01-10 08:00:00,216470.0,7641.2,12798.8
2025-01-10 09:00:00,226958.2,6661.0,30208.8
2025-01-10 10:00:00,230218.2,5380.0,43455.0
2025-01-10 11:00:00,228160.0,4108.8,51336.5
2025-01-10 12:00:00,222871.0,3393.0,53198.5
2025-01-10 13:00:00,213582.0,3005.2,50938.8
2025-01-10 14:00:00,209421.8,2765.8,44333.0
2025-01-10 15:00:00,208475.2,2784.2,34252.8
2025-01-10 16:00:00,203440.2,2863.8,20747.8
2025-01-10 17:00:00,200390.8,3675.5,5721.5
2025-01-10 18:00:00,202068.0,4283.5,522.8
2025-01-10 19:00:00,198453.5,5474.8,239.5
2025-01-10 20:00:00,190143.5,6639.0,218.0
2025-01-10 21:00:00,180474.0,7719.5,155.5
2025-01-10 22:00:00,170252.8,8156.8,29.2
2025-01-10 23:00:00,161626.2,7775.5,8.8
2025-01-11 00:00:00,154826.5,7746.8,8.0
2025-01-11 01:00:00,151289.2,8111.8,6.2
2025-01-11 02:00:00,148309.8,8521.0,6.5
2025-01-11 03:00:00,147659.2,7702.5,6.2
2025-01-11 04:00:00,151057.5,7599.5,6.5
2025-01-11 05:00:00,161734.8,7569.2,10.2
2025-01-11 06:00:00,178688.0,7404.0,105.2
2025-01-11 07:00:00,199656.0,6931.2,1367.0
2025-01-11 08:00:00,211698.5,6232.5,8703.2
2025-01-11 09:00:00,221010.8,5666.0,23366.0
2025-01-11 10:00:00,224990.2,5013.0,35981.2
2025-01-11 11:00:00,221804.8,3896.0,44439.0
2025-01-11 12:00:00,215283.0,2899.0,47982.0
2025-01-11 13:00:00,207556.5,2428.5,46437.2
2025-01-11 14:00:00,205172.5,2552.2,39640.0
2025-01-11 15:00:00,204041.8,2946.0,30410.2
2025-01-11 16:00:00,199787.8,3330.8,18584.2
2025-01-11 17:00:00,198608.8,3401.8,5624.2
2025-01-11 18:00:00,198188.0,4116.2,403.0
2025-01-11 19:00:00,193068.2,5701.2,89.5
2025-01-11 20:00:00,185018.5,7288.2,73.2
2025-01-11 21:00:00,174532.5,8057.8,42.8
2025-01-11 22:00:00,164990.2,8279.8,41.8
2025-01-11 23:00:00,157304.5,8656.0,40.8
2025-01-12 00:00:00,151520.8,8990.2,37.5
2025-01-12 01:00:00,147233.0,8982.5,39.0
2025-01-12 02:00:00,143805.2,8745.5,38.5
2025-01-12 03:00:00,142945.5,8336.8,37.8
2025-01-12 04:00:00,145348.0,8370.5,37.5
2025-01-12 05:00:00,154454.0,8045.2,39.2
2025-01-12 06:00:00,167082.5,7070.5,113.0
2025-01-12 07:00:00,186060.0,6478.5,1366.5
2025-01-12 08:00:00,201395.2,5380.0,8219.8
2025-01-12 09:00:00,210897.0,4806.2,19384.8
2025-01-12 10:00:00,213459.0,3881.0,30633.8
2025-01-12 11:00:00,211497.8,3745.8,40144.2
2025-01-12 12:00:00,206751.5,3710.2,47026.5
2025-01-12 13:00:00,199233.0,4134.0,47828.8
2025-01-12 14:00:00,194281.8,4506.8,43699.5
2025-01-12 15:00:00,191413.2,5110.8,33978.2
2025-01-12 16:00:00,188117.0,5805.5,20657.2
2025-01-12 17:00:00,187024.0,6193.2,6273.5
2025-01-12 18:00:00,190431.8,7192.5,434.0
2025-01-12 19:00:00,187073.5,9508.8,127.0
2025-01-12 20:00:00,176801.2,11535.5,96.5
2025-01-12 21:00:00,167315.5,13822.8,47.5
2025-01-12 22:00:00,158297.0,14925.5,46.2
2025-01-12 23:00:00,151842.8,14846.0,45.8
2025-01-13 00:00:00,145895.8,14245.0,42.0
2025-01-13 01:00:00,142309.0,13647.2,40.8
2025-01-13 02:00:00,139919.0,13529.0,27.0
2025-01-13 03:00:00,139334.2,12768.5,27.2
2025-01-13 04:00:00,143075.0,11862.5,26.5
2025-01-13 05:00:00,153671.0,11564.5,76.8
2025-01-13 06:00:00,172180.5,11271.2,198.2
2025-01-13 07:00:00,196201.5,10902.8,1405.5
2025-01-13 08:00:00,210141.5,9885.0,7739.0
2025-01-13 09:00:00,215751.8,7794.0,17305.2
2025-01-13 10:00:00,218903.5,6733.5,27044.5
2025-01-13 11:00:00,217979.5,6379.8,35199.5
2025-01-13 12:00:00,212705.2,6029.5,42501.5
2025-01-13 13:00:00,203264.8,6287.8,46472.2
2025-01-13 14:00:00,198668.8,6856.5,44818.2
2025-01-13 15:00:00,196546.2,7537.5,36992.5
2025-01-13 16:00:00,192851.5,8262.0,22822.8
2025-01-13 17:00:00,192293.2,8598.0,7168.8
2025-01-13 18:00:00,196069.2,9000.8,323.0
2025-01-13 19:00:00,192494.8,10628.0,37.8
2025-01-13 20:00:00,181475.0,12544.8,53.0
2025-01-13 21:00:00,172169.0,13503.8,74.0
2025-01-13 22:00:00,164225.0,13745.8,64.5
2025-01-13 23:00:00,156391.5,13590.5,50.2
2025-01-14 00:00:00,150341.2,13228.2,50.8
2025-01-14 01:00:00,145507.8,12716.0,59.0
2025-01-14 02:00:00,142019.2,11964.0,53.5
2025-01-14 03:00:00,141450.5,11791.8,42.0
2025-01-14 04:00:00,145218.2,11702.0,41.0
2025-01-14 05:00:00,156715.5,11545.5,41.5
2025-01-14 06:00:00,172656.8,11246.0,156.2
2025-01-14 07:00:00,191389.8,10815.0,1534.2
2025-01-14 08:00:00,204831.5,10208.0,9560.0
2025-01-14 09:00:00,213567.2,8925.5,23758.8
2025-01-14 10:00:00,214402.8,6838.5,37503.2
2025-01-14 11:00:00,208044.2,6268.0,46093.0
2025-01-14 12:00:00,199425.5,6186.5,49004.2
2025-01-14 13:00:00,190545.5,5797.0,49687.5
2025-01-14 14:00:00,185117.0,5622.8,45682.0
2025-01-14 15:00:00,181763.0,5816.2,36669.0
2025-01-14 16:00:00,177887.0,6108.0,22426.8
2025-01-14 17:00:00,178650.8,6639.0,6826.5
2025-01-14 18:00:00,183850.5,8520.5,398.0
2025-01-14 19:00:00,180712.8,11651.2,129.2
2025-01-14 20:00:00,170673.5,14378.2,127.8
2025-01-14 21:00:00,161783.8,16016.5,101.8
2025-01-14 22:00:00,154484.2,16814.2,62.2
2025-01-14 23:00:00,147455.0,16868.5,58.5
2025-01-15 00:00:00,141341.8,16429.8,57.8
2025-01-15 01:00:00,137445.0,15296.8,53.0
2025-01-15 02:00:00,134768.8,14244.2,65.0
2025-01-15 03:00:00,134163.8,13012.2,56.8
2025-01-15 04:00:00,137316.8,11695.8,53.2
2025-01-15 05:00:00,147688.0,10914.8,59.8
2025-01-15 06:00:00,165689.8,10829.0,170.2
2025-01-15 07:00:00,188629.2,11053.5,1517.8
2025-01-15 08:00:00,203406.8,10404.8,9688.2
2025-01-15 09:00:00,213837.8,9862.5,24034.2
2025-01-15 10:00:00,215839.0,9391.2,36538.5
2025-01-15 11:00:00,212064.0,9787.5,45754.5
2025-01-15 12:00:00,205764.0,10019.0,49374.2
2025-01-15 13:00:00,197714.5,9531.2,48568.2
2025-01-15 14:00:00,194369.8,8980.5,43809.8
2025-01-15 15:00:00,193842.8,8432.2,34594.5
2025-01-15 16:00:00,190843.8,8631.8,21537.5
2025-01-15 17:00:00,188810.5,8726.2,7204.5
2025-01-15 18:00:00,192431.2,8848.2,1149.8
2025-01-15 19:00:00,189169.2,10096.5,375.0
2025-01-15 20:00:00,178596.2,11206.8,404.2
2025-01-15 21:00:00,168244.8,12058.5,375.8
2025-01-15 22:00:00,159139.5,12038.0,373.0
2025-01-15 23:00:00,151895.5,11726.5,225.2
2025-01-16 00:00:00,146236.8,11019.5,228.0
2025-01-16 01:00:00,142529.8,10398.0,222.0
2025-01-16 02:00:00,139160.0,10387.5,216.5
2025-01-16 03:00:00,138384.2,10207.8,204.8
2025-01-16 04:00:00,141072.5,9696.5,193.8
2025-01-16 05:00:00,150939.5,9484.2,212.8
2025-01-16 06:00:00,168988.5,9581.5,297.0
2025-01-16 07:00:00,191910.2,10110.8,1710.8
2025-01-16 08:00:00,207579.0,9550.2,10878.8
2025-01-16 09:00:00,217421.8,9109.5,27215.2
2025-01-16 10:00:00,219127.5,8594.0,40841.8
2025-01-16 11:00:00,214322.5,9174.0,48605.2
2025-01-16 12:00:00,208597.2,9398.2,51263.8
2025-01-16 13:00:00,199368.0,9072.0,51228.5
2025-01-16 14:00:00,197403.0,8629.0,47243.8
2025-01-16 15:00:00,197212.0,8325.2,38608.2
2025-01-16 16:00:00,195728.0,8206.2,25160.5
2025-01-16 17:00:00,195841.0,7725.8,8859.5
2025-01-16 18:00:00,197991.2,7496.8,1358.8
2025-01-16 19:00:00,195047.0,8855.8,956.0
2025-01-16 20:00:00,183872.5,10625.8,807.8
2025-01-16 21:00:00,173291.0,12020.5,765.0
2025-01-16 22:00:00,163495.5,12729.2,760.0
2025-01-16 23:00:00,156195.5,12828.5,760.8
2025-01-17 00:00:00,150328.0,13052.2,762.2
2025-01-17 01:00:00,146389.2,13697.0,763.2
2025-01-17 02:00:00,143274.2,14140.2,764.8
2025-01-17 03:00:00,142416.2,14034.8,754.5
2025-01-17 04:00:00,145510.8,13549.5,748.5
2025-01-17 05:00:00,156357.2,13575.0,757.2
2025-01-17 06:00:00,175320.5,13017.0,898.0
2025-01-17 07:00:00,197478.8,13016.8,2353.2
2025-01-17 08:00:00,211862.8,11782.2,10907.8
2025-01-17 09:00:00,221629.5,9916.8,25741.8
2025-01-17 10:00:00,226179.2,9798.8,39925.2
2025-01-17 11:00:00,223510.5,11048.8,52323.8
2025-01-17 12:00:00,216564.5,11761.2,55750.8
2025-01-17 13:00:00,205946.2,11920.5,54005.0
2025-01-17 14:00:00,201309.8,11508.8,51347.5
2025-01-17 15:00:00,199473.5,11514.8,41179.0
2025-01-17 16:00:00,198044.5,11549.0,26172.2
2025-01-17 17:00:00,197533.0,10503.8,8836.2
2025-01-17 18:00:00,201328.8,9724.0,1398.2
2025-01-17 19:00:00,198005.0,12183.8,873.5
2025-01-17 20:00:00,186244.0,14037.2,842.0
2025-01-17 21:00:00,175289.2,15202.8,790.0
2025-01-17 22:00:00,166844.2,15386.5,799.5
2025-01-17 23:00:00,158723.8,15095.5,789.0
2025-01-18 00:00:00,152400.5,14323.0,791.8
2025-01-18 01:00:00,148701.2,13500.0,781.0
2025-01-18 02:00:00,145714.8,12781.8,778.0
2025-01-18 03:00:00,144750.8,11910.8,770.8
2025-01-18 04:00:00,147615.5,11033.2,762.2
2025-01-18 05:00:00,157895.8,10008.8,760.2
2025-01-18 06:00:00,176189.0,9051.8,841.2
2025-01-18 07:00:00,197919.2,8313.2,1989.8
2025-01-18 08:00:00,212314.0,7853.8,10448.0
2025-01-18 09:00:00,221650.2,7115.0,25867.2
2025-01-18 10:00:00,224034.2,6083.0,38254.2
2025-01-18 11:00:00,219582.0,5208.0,47917.5
2025-01-18 12:00:00,213531.0,4896.0,50686.2
2025-01-18 13:00:00,204048.5,5139.2,50789.0
2025-01-18 14:00:00,200684.2,4785.2,47245.8
2025-01-18 15:00:00,199364.5,4432.5,37848.8
2025-01-18 16:00:00,198083.2,4383.5,23157.2
2025-01-18 17:00:00,197872.8,4661.2,7883.8
2025-01-18 18:00:00,200352.5,5424.8,1386.2
2025-01-18 19:00:00,197708.0,7008.5,934.2
2025-01-18 20:00:00,186122.5,8291.5,888.5
2025-01-18 21:00:00,175454.8,9244.8,849.5
2025-01-18 22:00:00,166084.2,9670.5,758.5
2025-01-18 23:00:00,159637.0,9254.0,732.5
2025-01-19 00:00:00,153743.5,8203.0,732.2
2025-01-19 01:00:00,149908.0,7456.5,750.0
2025-01-19 02:00:00,147184.8,6837.8,747.0
2025-01-19 03:00:00,146293.2,6096.8,736.8
2025-01-19 04:00:00,149025.2,5778.5,733.8
2025-01-19 05:00:00,157583.8,5901.2,733.8
2025-01-19 06:00:00,172011.0,6185.0,781.5
2025-01-19 07:00:00,190338.2,5973.2,1784.8
2025-01-19 08:00:00,205389.2,5398.2,9744.5
2025-01-19 09:00:00,214813.8,4370.5,24318.5
2025-01-19 10:00:00,217218.5,3650.8,37671.2
2025-01-19 11:00:00,212242.0,3223.5,46021.2
2025-01-19 12:00:00,205091.2,2691.8,49416.8
2025-01-19 13:00:00,196623.8,2204.0,49313.5
2025-01-19 14:00:00,190600.5,1910.8,43944.8
2025-01-19 15:00:00,186935.2,1793.2,35827.5
2025-01-19 16:00:00,182930.0,1809.8,23021.0
2025-01-19 17:00:00,182068.0,1894.0,7782.8
2025-01-19 18:00:00,187522.5,3195.2,1301.8
2025-01-19 19:00:00,185545.5,5031.2,818.5
2025-01-19 20:00:00,175351.8,6392.2,806.0
2025-01-19 21:00:00,166308.0,7040.8,773.5
2025-01-19 22:00:00,157755.0,7429.2,837.8
2025-01-19 23:00:00,150862.8,7987.5,796.0
2025-01-20 00:00:00,146379.2,8195.2,764.2
2025-01-20 01:00:00,142839.2,7771.5,821.0
2025-01-20 02:00:00,140383.0,7179.8,819.2
2025-01-20 03:00:00,140197.0,6523.2,760.8
2025-01-20 04:00:00,143888.0,5954.0,822.5
2025-01-20 05:00:00,154860.0,5388.2,830.5
2025-01-20 06:00:00,175404.2,4924.2,842.5
2025-01-20 07:00:00,201750.5,4505.2,2254.0
2025-01-20 08:00:00,211869.2,4079.0,10600.2
2025-01-20 09:00:00,219039.0,3369.0,23424.8
2025-01-20 10:00:00,221236.8,3416.2,36747.2
2025-01-20 11:00:00,216628.2,3228.8,46880.8
2025-01-20 12:00:00,211350.8,3027.0,52255.5
2025-01-20 13:00:00,202692.0,2917.2,54505.2
2025-01-20 14:00:00,200493.2,2853.2,51565.2
2025-01-20 15:00:00,200305.2,2749.0,41676.0
2025-01-20 16:00:00,198562.2,2708.0,26852.2
2025-01-20 17:00:00,197940.0,2800.8,8894.8
2025-01-20 18:00:00,200613.0,3382.5,576.8
2025-01-20 19:00:00,197874.2,4558.2,110.0
2025-01-20 20:00:00,187008.5,5618.8,84.5
2025-01-20 21:00:00,176338.2,5975.0,43.5
2025-01-20 22:00:00,166840.0,6311.5,46.0
2025-01-20 23:00:00,159956.0,6602.0,49.0
2025-01-21 00:00:00,154689.0,6790.0,0.0
2025-01-21 01:00:00,150646.2,6320.5,0.0
2025-01-21 02:00:00,147621.2,5869.2,0.0
2025-01-21 03:00:00,146653.8,5878.8,0.0
2025-01-21 04:00:00,149557.2,5817.2,0.0
2025-01-21 05:00:00,161116.2,5800.5,0.0
2025-01-21 06:00:00,181118.2,5700.0,121.0
2025-01-21 07:00:00,204585.5,5464.2,2000.2
2025-01-21 08:00:00,214356.0,5143.2,13972.2
2025-01-21 09:00:00,223620.5,4261.0,32989.2
2025-01-21 10:00:00,224837.2,3190.0,47335.2
2025-01-21 11:00:00,220532.5,2660.0,55173.2
2025-01-21 12:00:00,213791.0,2611.0,57641.2
2025-01-21 13:00:00,204132.0,2654.8,57283.8
2025-01-21 14:00:00,202205.2,2572.5,53667.8
2025-01-21 15:00:00,202003.5,2563.5,44592.5
2025-01-21 16:00:00,199724.2,2619.5,29947.8
2025-01-21 17:00:00,199707.2,2591.5,10455.5
2025-01-21 18:00:00,202397.0,3196.2,858.2
2025-01-21 19:00:00,199122.0,4231.5,23.0
2025-01-21 20:00:00,187401.8,4955.8,0.0
2025-01-21 21:00:00,176272.0,5497.5,0.0
2025-01-21 22:00:00,167466.8,5961.2,0.0
2025-01-21 23:00:00,160867.0,6221.5,0.0
2025-01-22 00:00:00,155580.0,6391.0,61.0
2025-01-22 01:00:00,151723.0,6159.0,60.8
2025-01-22 02:00:00,148909.8,6155.0,64.0
2025-01-22 03:00:00,148453.5,6306.5,66.0
2025-01-22 04:00:00,151966.5,6735.8,67.5
2025-01-22 05:00:00,163812.8,6895.0,77.8
2025-01-22 06:00:00,183766.5,6790.5,156.5
2025-01-22 07:00:00,205886.2,6635.0,1689.5
2025-01-22 08:00:00,214549.5,6123.5,12420.0
2025-01-22 09:00:00,225103.8,5090.5,31344.2
2025-01-22 10:00:00,226506.5,4465.2,45403.8
2025-01-22 11:00:00,221106.2,4499.2,53002.2
2025-01-22 12:00:00,214257.2,4346.0,55635.5
2025-01-22 13:00:00,205874.2,4011.5,55655.8
2025-01-22 14:00:00,204743.0,3841.8,52105.2
2025-01-22 15:00:00,203756.5,3729.0,42250.5
2025-01-22 16:00:00,201554.8,3633.2,28120.5
2025-01-22 17:00:00,200896.2,3510.0,10549.2
2025-01-22 18:00:00,203346.0,4149.2,1208.0
2025-01-22 19:00:00,200145.8,5662.0,430.2
2025-01-22 20:00:00,187582.8,7571.0,366.2
2025-01-22 21:00:00,177289.5,8697.2,329.2
2025-01-22 22:00:00,167917.2,9070.0,207.0
2025-01-22 23:00:00,160869.2,9456.8,164.8
2025-01-23 00:00:00,155697.8,9739.8,164.5
2025-01-23 01:00:00,151847.2,9943.0,164.0
2025-01-23 02:00:00,149266.5,9674.0,163.8
2025-01-23 03:00:00,148611.0,9251.0,165.0
2025-01-23 04:00:00,151658.0,8866.8,163.5
2025-01-23 05:00:00,163326.2,9080.5,163.5
2025-01-23 06:00:00,182334.5,9003.5,267.2
2025-01-23 07:00:00,204238.2,8977.0,1772.8
2025-01-23 08:00:00,216714.8,8957.2,12503.2
2025-01-23 09:00:00,224744.8,7648.5,31090.0
2025-01-23 10:00:00,225317.2,6169.8,46311.2
2025-01-23 11:00:00,220098.2,6872.5,54895.8
2025-01-23 12:00:00,213712.0,7353.2,57193.5
2025-01-23 13:00:00,205639.2,7388.2,57392.0
2025-01-23 14:00:00,203925.5,7198.8,54358.8
2025-01-23 15:00:00,203325.5,7076.2,45303.2
2025-01-23 16:00:00,201069.5,7222.5,30406.5
2025-01-23 17:00:00,199624.0,7341.0,11156.0
2025-01-23 18:00:00,203602.5,8253.5,820.8
2025-01-23 19:00:00,200824.0,10390.8,49.0
2025-01-23 20:00:00,187510.8,12751.2,38.2
2025-01-23 21:00:00,177199.8,14626.5,0.0
2025-01-23 22:00:00,167663.2,15604.8,2.8
2025-01-23 23:00:00,160291.2,15500.8,3.5
2025-01-24 00:00:00,155626.8,15362.2,2.8
2025-01-24 01:00:00,152600.5,15228.2,0.8
2025-01-24 02:00:00,150378.2,14886.2,0.5
2025-01-24 03:00:00,149842.5,14122.8,0.0
2025-01-24 04:00:00,153125.5,13380.5,0.0
2025-01-24 05:00:00,163883.2,12527.2,0.0
2025-01-24 06:00:00,184353.5,12217.0,74.0
2025-01-24 07:00:00,208030.0,11887.5,1983.0
2025-01-24 08:00:00,220261.2,10672.2,15261.0
2025-01-24 09:00:00,228775.2,8139.0,35723.8
2025-01-24 10:00:00,229747.5,6497.5,49890.0
2025-01-24 11:00:00,224441.2,6817.0,57517.0
2025-01-24 12:00:00,218735.2,6712.0,60222.2
2025-01-24 13:00:00,209134.0,6604.5,60011.2
2025-01-24 14:00:00,205612.0,6938.8,57108.8
2025-01-24 15:00:00,204174.2,7548.5,48663.0
2025-01-24 16:00:00,201359.8,7871.5,33836.2
2025-01-24 17:00:00,198972.2,8230.8,12710.2
2025-01-24 18:00:00,202799.0,8908.0,2169.0
2025-01-24 19:00:00,200452.8,10632.2,81.8
2025-01-24 20:00:00,187979.8,11976.8,57.5
2025-01-24 21:00:00,177337.5,13320.5,15.2
2025-01-24 22:00:00,170183.5,13413.0,17.0
2025-01-24 23:00:00,162650.5,13012.0,10.5
2025-01-25 00:00:00,157916.8,12129.8,8.5
2025-01-25 01:00:00,155144.0,11155.2,11.2
2025-01-25 02:00:00,152544.2,10290.8,10.5
2025-01-25 03:00:00,152002.5,9319.5,10.5
2025-01-25 04:00:00,155557.2,8741.5,10.2
2025-01-25 05:00:00,166739.0,8451.0,26.0
2025-01-25 06:00:00,184993.2,8397.8,114.8
2025-01-25 07:00:00,207176.0,8490.0,1997.5
2025-01-25 08:00:00,218441.0,8153.2,16560.5
2025-01-25 09:00:00,227008.2,6466.2,37941.2
2025-01-25 10:00:00,228729.2,4879.8,51904.5
2025-01-25 11:00:00,224197.5,4459.0,58650.0
2025-01-25 12:00:00,217758.8,3731.2,59776.8
2025-01-25 13:00:00,209745.5,3866.5,59073.8
2025-01-25 14:00:00,207245.5,3987.0,56586.2
2025-01-25 15:00:00,206341.5,3841.2,49037.2
2025-01-25 16:00:00,201816.5,3866.2,34725.5
2025-01-25 17:00:00,199306.8,3992.5,13671.2
2025-01-25 18:00:00,202662.5,4478.0,1545.0
2025-01-25 19:00:00,201609.5,5579.0,465.2
2025-01-25 20:00:00,190004.0,6626.8,202.8
2025-01-25 21:00:00,179811.0,7562.8,161.0
2025-01-25 22:00:00,171280.8,8180.2,163.8
2025-01-25 23:00:00,164311.8,8585.8,163.2
2025-01-26 00:00:00,159611.5,8540.8,142.8
2025-01-26 01:00:00,155670.0,8095.8,142.0
2025-01-26 02:00:00,152718.5,7485.5,141.2
2025-01-26 03:00:00,151821.2,7180.8,140.8
2025-01-26 04:00:00,155169.0,6802.5,146.0
2025-01-26 05:00:00,166871.5,6706.8,353.5
2025-01-26 06:00:00,183898.0,6589.5,548.5
2025-01-26 07:00:00,201191.0,6270.5,2854.2
2025-01-26 08:00:00,209556.2,5759.0,18690.5
2025-01-26 09:00:00,216390.8,5178.5,40130.2
2025-01-26 10:00:00,215366.8,4313.0,53374.2
2025-01-26 11:00:00,212002.2,4225.2,60211.2
2025-01-26 12:00:00,206482.0,4820.0,61653.5
2025-01-26 13:00:00,198739.0,4543.8,60948.2
2025-01-26 14:00:00,192395.0,4210.8,57723.5
2025-01-26 15:00:00,189029.2,4412.8,49761.0
2025-01-26 16:00:00,184766.0,4871.0,35233.8
2025-01-26 17:00:00,179953.8,4986.5,13805.0
2025-01-26 18:00:00,182570.8,5158.0,1304.5
2025-01-26 19:00:00,181235.2,6340.0,389.0
2025-01-26 20:00:00,171609.8,7163.0,289.5
2025-01-26 21:00:00,162615.8,7435.0,176.2
2025-01-26 22:00:00,155641.0,7144.8,179.0
2025-01-26 23:00:00,150378.0,6098.0,179.2
2025-01-27 00:00:00,146720.2,5342.0,177.2
2025-01-27 01:00:00,144153.8,4553.0,179.0
2025-01-27 02:00:00,142026.5,3916.8,177.8
2025-01-27 03:00:00,142000.8,3582.8,178.2
2025-01-27 04:00:00,145564.2,3343.8,180.0
2025-01-27 05:00:00,157049.5,3422.8,180.0
2025-01-27 06:00:00,176797.8,3552.5,249.5
2025-01-27 07:00:00,201265.2,3991.5,2485.0
2025-01-27 08:00:00,215870.0,4375.2,17315.8
2025-01-27 09:00:00,227054.8,3673.5,38036.5
2025-01-27 10:00:00,229421.5,2484.5,51480.0
2025-01-27 11:00:00,226220.2,2302.0,57609.8
2025-01-27 12:00:00,222429.5,2533.2,59569.2
2025-01-27 13:00:00,214775.0,2461.8,59513.0
2025-01-27 14:00:00,211751.2,2440.8,56971.2
2025-01-27 15:00:00,208724.5,2410.0,48581.0
2025-01-27 16:00:00,204278.8,2377.8,34152.0
2025-01-27 17:00:00,202299.0,2538.8,13274.2
2025-01-27 18:00:00,203812.5,3270.2,1224.0
2025-01-27 19:00:00,201239.8,4323.8,213.5
2025-01-27 20:00:00,190123.8,5180.2,66.2
2025-01-27 21:00:00,179266.2,5629.2,4.5
2025-01-27 22:00:00,170982.2,5702.0,0.0
2025-01-27 23:00:00,163875.5,5212.5,0.0
2025-01-28 00:00:00,159233.0,4851.2,0.0
2025-01-28 01:00:00,156298.5,4447.5,0.0
2025-01-28 02:00:00,153834.5,3985.8,0.0
2025-01-28 03:00:00,153260.5,3840.2,0.0
2025-01-28 04:00:00,157071.2,4080.8,0.0
2025-01-28 05:00:00,168147.2,4040.8,0.0
2025-01-28 06:00:00,187574.0,4044.0,62.0
2025-01-28 07:00:00,208470.0,4106.0,2082.2
2025-01-28 08:00:00,220515.2,3602.2,16679.2
2025-01-28 09:00:00,231330.5,2553.8,37686.8
2025-01-28 10:00:00,232925.5,1866.0,51333.0
2025-01-28 11:00:00,228575.5,1403.0,57469.8
2025-01-28 12:00:00,221983.8,889.2,44363.2
2025-01-28 13:00:00,214385.0,1105.8,59137.5
2025-01-28 14:00:00,211554.8,957.8,55907.8
2025-01-28 15:00:00,210538.8,942.2,47571.8
2025-01-28 16:00:00,208317.8,1144.2,32941.8
2025-01-28 17:00:00,204471.5,1358.5,12919.2
2025-01-28 18:00:00,205888.0,1893.0,1262.2
2025-01-28 19:00:00,202635.2,2701.8,311.2
2025-01-28 20:00:00,191460.5,3531.0,195.2
2025-01-28 21:00:00,180517.0,4284.8,131.2
2025-01-28 22:00:00,172461.8,5257.5,134.8
2025-01-28 23:00:00,165771.2,5649.0,136.2
2025-01-29 00:00:00,161178.5,5811.5,132.5
2025-01-29 01:00:00,158548.8,5722.8,132.5
2025-01-29 02:00:00,156246.2,5824.2,132.2
2025-01-29 03:00:00,155767.8,5827.8,131.5
2025-01-29 04:00:00,159380.2,6270.8,131.0
2025-01-29 05:00:00,171242.5,6199.8,131.2
2025-01-29 06:00:00,190989.0,6030.8,243.5
2025-01-29 07:00:00,211251.2,5918.2,1971.8
2025-01-29 08:00:00,222494.2,5102.2,15671.5
2025-01-29 09:00:00,232305.8,3485.8,36041.2
2025-01-29 10:00:00,236328.2,2645.2,49929.8
2025-01-29 11:00:00,230821.8,2554.2,56709.0
2025-01-29 12:00:00,224152.2,2917.8,58680.2
2025-01-29 13:00:00,215160.8,3154.2,58369.2
2025-01-29 14:00:00,212989.0,3324.8,55269.5
2025-01-29 15:00:00,212661.8,3220.0,47153.5
2025-01-29 16:00:00,209196.0,3274.2,32937.8
2025-01-29 17:00:00,204503.5,3697.2,12868.5
2025-01-29 18:00:00,204497.5,4261.0,1118.8
2025-01-29 19:00:00,200939.8,5347.8,131.2
2025-01-29 20:00:00,190400.8,6295.8,90.5
2025-01-29 21:00:00,180162.0,6816.0,49.5
2025-01-29 22:00:00,172722.5,7415.5,52.8
2025-01-29 23:00:00,165836.0,7320.0,48.8
2025-01-30 00:00:00,160793.8,6909.8,49.0
2025-01-30 01:00:00,158728.8,6898.5,43.2
2025-01-30 02:00:00,156438.2,6828.2,38.2
2025-01-30 03:00:00,155357.2,7137.8,37.5
2025-01-30 04:00:00,158452.2,7135.2,38.8
2025-01-30 05:00:00,169973.8,6740.0,48.8
2025-01-30 06:00:00,188580.5,6498.2,142.2
2025-01-30 07:00:00,211189.8,6275.8,1751.8
2025-01-30 08:00:00,219711.8,5561.2,12498.8
2025-01-30 09:00:00,229343.8,3474.5,29662.0
2025-01-30 10:00:00,234050.2,2200.5,44150.5
2025-01-30 11:00:00,230594.2,2079.2,54326.5
2025-01-30 12:00:00,223241.0,2027.0,57526.5
2025-01-30 13:00:00,215273.2,2051.5,56398.8
2025-01-30 14:00:00,213160.8,2154.2,52123.0
2025-01-30 15:00:00,212478.2,2313.5,43665.2
2025-01-30 16:00:00,208921.5,2448.2,29618.8
2025-01-30 17:00:00,205085.5,2344.0,11447.5
2025-01-30 18:00:00,204820.8,2699.8,1932.8
2025-01-30 19:00:00,201420.0,3707.2,1106.0
2025-01-30 20:00:00,192072.5,4564.2,1005.2
2025-01-30 21:00:00,182048.5,5592.0,347.2
2025-01-30 22:00:00,174329.0,5890.2,134.5
2025-01-30 23:00:00,167562.5,5622.0,134.5
2025-01-31 00:00:00,162914.5,6007.0,134.8
2025-01-31 01:00:00,160292.2,5896.2,135.0
2025-01-31 02:00:00,157626.5,5750.5,134.2
2025-01-31 03:00:00,157213.5,5847.8,134.2
2025-01-31 04:00:00,160258.8,5395.5,134.8
2025-01-31 05:00:00,171194.8,4989.5,136.0
2025-01-31 06:00:00,189324.8,4642.8,273.2
2025-01-31 07:00:00,208579.5,4091.0,1998.8
2025-01-31 08:00:00,217984.8,3221.0,12915.2
2025-01-31 09:00:00,229738.2,2565.8,28972.5
2025-01-31 10:00:00,236064.2,2164.0,41453.5
2025-01-31 11:00:00,234008.5,1776.8,49663.0
2025-01-31 12:00:00,230370.2,1997.2,54265.8
2025-01-31 13:00:00,220308.0,2344.8,56497.0
2025-01-31 14:00:00,215922.8,2899.8,52991.2
2025-01-31 15:00:00,214451.2,3351.2,44843.5
2025-01-31 16:00:00,209511.5,3406.5,30564.5
2025-01-31 17:00:00,203495.2,3293.2,12154.2
2025-01-31 18:00:00,204177.2,4034.2,1125.0
2025-01-31 19:00:00,201178.5,5348.5,86.8
2025-01-31 20:00:00,190633.0,6424.2,53.5
2025-01-31 21:00:00,180807.2,7337.8,0.8
2025-01-31 22:00:00,174171.5,7884.2,0.0
2025-01-31 23:00:00,167111.0,7746.5,0.0
2025-02-01 00:00:00,162187.0,7461.2,0.0
2025-02-01 01:00:00,159914.5,7014.8,0.0
2025-02-01 02:00:00,157379.0,6519.8,0.0
2025-02-01 03:00:00,156473.8,6045.5,0.0
2025-02-01 04:00:00,159379.0,5217.5,0.0
2025-02-01 05:00:00,169587.0,4570.2,25.2
2025-02-01 06:00:00,184808.2,4130.2,128.8
2025-02-01 07:00:00,203496.0,3813.0,1953.5
2025-02-01 08:00:00,213843.8,3236.0,13886.0
2025-02-01 09:00:00,226335.2,2342.5,31192.0
2025-02-01 10:00:00,231666.0,1906.5,45654.5
2025-02-01 11:00:00,228877.8,1720.2,54214.8
2025-02-01 12:00:00,222134.0,1746.5,57646.0
2025-02-01 13:00:00,213105.5,2046.5,57908.8
2025-02-01 14:00:00,210806.8,2477.2,53837.5
2025-02-01 15:00:00,210008.5,2751.8,44439.5
2025-02-01 16:00:00,205816.5,2745.2,29543.5
2025-02-01 17:00:00,202339.8,2777.0,11643.5
2025-02-01 18:00:00,201882.0,2937.5,1157.8
2025-02-01 19:00:00,198695.5,3871.8,216.2
2025-02-01 20:00:00,187545.5,5843.5,77.2
2025-02-01 21:00:00,177882.8,7587.8,0.0
2025-02-01 22:00:00,172153.5,8851.8,0.0
2025-02-01 23:00:00,166719.2,9197.5,1.2
2025-02-02 00:00:00,162683.8,9003.8,16.2
2025-02-02 01:00:00,160222.5,8790.5,20.2
2025-02-02 02:00:00,157639.0,8527.8,5.2
2025-02-02 03:00:00,156531.2,8128.8,5.2
2025-02-02 04:00:00,159280.8,7736.8,5.8
2025-02-02 05:00:00,168255.2,6940.5,14.0
2025-02-02 06:00:00,180020.8,5971.5,106.2
2025-02-02 07:00:00,196514.8,5341.5,2289.5
2025-02-02 08:00:00,209082.5,4888.0,15889.5
2025-02-02 09:00:00,220651.5,3748.0,35791.8
2025-02-02 10:00:00,222814.5,3377.0,50312.8
2025-02-02 11:00:00,218842.2,3358.0,58654.8
2025-02-02 12:00:00,212440.0,3458.8,61051.0
2025-02-02 13:00:00,205031.2,3769.5,60836.5
2025-02-02 14:00:00,200164.2,4224.5,57904.5
2025-02-02 15:00:00,196141.0,4288.2,49329.8
2025-02-02 16:00:00,191099.5,4429.0,34059.8
2025-02-02 17:00:00,187970.5,4346.0,13744.8
2025-02-02 18:00:00,190491.8,4387.5,1479.5
2025-02-02 19:00:00,188657.2,4904.2,419.0
2025-02-02 20:00:00,178566.8,5647.2,146.0
2025-02-02 21:00:00,170162.2,6526.8,21.8
2025-02-02 22:00:00,165062.5,7085.0,8.2
2025-02-02 23:00:00,159661.8,7472.2,5.8
2025-02-03 00:00:00,156088.8,7533.5,20.0
2025-02-03 01:00:00,154144.5,7260.2,47.0
2025-02-03 02:00:00,151557.2,6838.0,5.8
2025-02-03 03:00:00,151258.2,6510.5,5.8
2025-02-03 04:00:00,154823.8,6192.5,5.5
2025-02-03 05:00:00,165963.5,5640.8,8.0
2025-02-03 06:00:00,183720.5,5491.5,376.2
2025-02-03 07:00:00,204632.0,5416.2,2795.8
2025-02-03 08:00:00,215614.8,4983.2,15739.5
2025-02-03 09:00:00,227580.5,3555.2,34071.0
2025-02-03 10:00:00,230692.8,2329.5,47871.8
2025-02-03 11:00:00,228109.0,2671.2,56231.2
2025-02-03 12:00:00,221918.0,2798.2,59421.0
2025-02-03 13:00:00,213097.8,3031.0,59445.0
2025-02-03 14:00:00,209717.0,3081.2,55602.0
2025-02-03 15:00:00,210425.2,3095.0,46137.2
2025-02-03 16:00:00,207119.8,3105.0,31671.5
2025-02-03 17:00:00,203760.0,3105.2,12690.5
2025-02-03 18:00:00,203258.2,3806.5,1337.0
2025-02-03 19:00:00,200172.0,5171.5,377.5
2025-02-03 20:00:00,189618.8,5838.2,375.8
2025-02-03 21:00:00,179763.8,5860.5,210.8
2025-02-03 22:00:00,174330.5,6126.5,83.8
2025-02-03 23:00:00,168344.8,6117.0,83.5
2025-02-04 00:00:00,164111.8,6677.2,17.8
2025-02-04 01:00:00,161580.0,6852.5,0.0
2025-02-04 02:00:00,159549.8,6611.8,0.0
2025-02-04 03:00:00,158996.5,6650.8,0.0
2025-02-04 04:00:00,161804.2,6845.5,0.0
2025-02-04 05:00:00,171494.2,6955.2,0.0
2025-02-04 06:00:00,187822.8,6786.5,131.8
2025-02-04 07:00:00,206507.8,6766.5,2600.2
2025-02-04 08:00:00,217324.2,6320.5,17073.5
2025-02-04 09:00:00,228617.2,4636.2,37317.2
2025-02-04 10:00:00,231459.0,4866.8,51451.2
2025-02-04 11:00:00,227892.0,5393.8,59238.0
2025-02-04 12:00:00,222382.8,4909.2,61802.2
2025-02-04 13:00:00,215209.2,4556.2,61711.5
2025-02-04 14:00:00,213229.5,4321.2,58165.8
2025-02-04 15:00:00,212799.5,4089.0,49062.0
2025-02-04 16:00:00,209416.2,4161.8,34470.2
2025-02-04 17:00:00,206822.0,3967.8,14890.0
2025-02-04 18:00:00,206112.2,4439.0,2140.2
2025-02-04 19:00:00,202149.0,5578.2,509.8
2025-02-04 20:00:00,189936.5,7199.2,267.8
2025-02-04 21:00:00,180623.2,8325.5,56.8
2025-02-04 22:00:00,175879.2,8194.5,9.8
2025-02-04 23:00:00,169952.0,7961.2,9.2
2025-02-05 00:00:00,166347.5,7367.2,9.2
2025-02-05 01:00:00,164111.0,6049.0,8.5
2025-02-05 02:00:00,161563.8,5368.5,8.5
2025-02-05 03:00:00,160954.0,5407.2,7.8
2025-02-05 04:00:00,163360.2,5327.5,5.0
2025-02-05 05:00:00,173113.5,4944.0,5.5
2025-02-05 06:00:00,188328.8,4864.5,379.5
2025-02-05 07:00:00,205119.8,5250.5,2555.8
2025-02-05 08:00:00,216650.5,4950.0,17175.5
2025-02-05 09:00:00,229398.8,3622.5,37661.8
2025-02-05 10:00:00,232643.8,3968.8,52189.8
2025-02-05 11:00:00,229175.0,5119.8,59743.5
2025-02-05 12:00:00,224194.5,5880.0,62008.2
2025-02-05 13:00:00,215346.5,5758.5,61591.8
2025-02-05 14:00:00,213994.5,5449.8,58192.2
2025-02-05 15:00:00,213080.8,5369.2,49601.0
2025-02-05 16:00:00,208803.5,5297.0,34965.0
2025-02-05 17:00:00,205055.5,5214.2,14800.5
2025-02-05 18:00:00,204817.0,5168.2,1626.2
2025-02-05 19:00:00,202231.0,6567.5,417.8
2025-02-05 20:00:00,190805.8,8515.2,183.5
2025-02-05 21:00:00,181300.0,9487.5,23.2
2025-02-05 22:00:00,175847.2,10034.2,15.2
2025-02-05 23:00:00,170633.2,10375.8,15.2
2025-02-06 00:00:00,167007.5,11082.8,19.0
2025-02-06 01:00:00,164594.0,11683.2,15.0
2025-02-06 02:00:00,161894.5,11409.0,15.0
2025-02-06 03:00:00,161119.2,11796.2,15.0
2025-02-06 04:00:00,163958.8,12159.2,15.0
2025-02-06 05:00:00,173802.8,12243.8,14.5
2025-02-06 06:00:00,190576.2,12203.8,204.8
2025-02-06 07:00:00,211215.8,11991.5,2703.5
2025-02-06 08:00:00,221988.5,11034.2,18718.0
2025-02-06 09:00:00,230985.5,8743.8,39907.5
2025-02-06 10:00:00,232672.0,8745.0,53689.2
2025-02-06 11:00:00,226590.2,9499.2,60428.0
2025-02-06 12:00:00,219618.2,10367.0,61681.2
2025-02-06 13:00:00,211712.2,10920.8,61545.0
2025-02-06 14:00:00,211147.8,10770.0,59200.5
2025-02-06 15:00:00,211326.8,10393.0,50322.2
2025-02-06 16:00:00,208111.8,9930.2,36117.2
2025-02-06 17:00:00,204820.8,9418.0,14390.5
2025-02-06 18:00:00,206343.0,9042.5,1817.0
2025-02-06 19:00:00,204105.2,10671.8,284.5
2025-02-06 20:00:00,191945.8,12614.0,153.8
2025-02-06 21:00:00,182565.5,13979.8,38.8
2025-02-06 22:00:00,176948.8,14886.5,29.8
2025-02-06 23:00:00,170586.8,15187.0,41.0
2025-02-07 00:00:00,165927.0,15408.2,36.8
2025-02-07 01:00:00,162971.8,14781.0,32.0
2025-02-07 02:00:00,161058.0,14192.8,32.0
2025-02-07 03:00:00,160205.5,13898.8,31.8
2025-02-07 04:00:00,163291.0,14159.5,30.8
2025-02-07 05:00:00,173221.2,13919.2,30.5
2025-02-07 06:00:00,191071.5,13908.0,285.0
2025-02-07 07:00:00,213252.5,13672.2,2663.0
2025-02-07 08:00:00,225798.8,12241.2,18381.0
2025-02-07 09:00:00,235084.2,9280.5,39165.5
2025-02-07 10:00:00,236652.2,7869.8,53217.8
2025-02-07 11:00:00,232076.0,8094.5,61168.2
2025-02-07 12:00:00,225395.0,7696.5,63089.8
2025-02-07 13:00:00,216264.2,7052.8,62011.2
2025-02-07 14:00:00,213419.8,6246.8,57368.8
2025-02-07 15:00:00,213003.2,5669.8,49322.5
2025-02-07 16:00:00,208918.5,5372.5,33563.0
2025-02-07 17:00:00,205537.2,5566.0,14025.8
2025-02-07 18:00:00,205071.5,6690.8,1461.2
2025-02-07 19:00:00,203417.5,8686.0,208.5
2025-02-07 20:00:00,190823.5,10345.0,197.0
2025-02-07 21:00:00,182407.8,11246.8,127.0
2025-02-07 22:00:00,175990.8,11681.0,12.0
2025-02-07 23:00:00,170032.5,11927.8,33.0
2025-02-08 00:00:00,166352.5,11608.8,31.8
2025-02-08 01:00:00,164203.0,10623.2,93.5
2025-02-08 02:00:00,162100.2,9528.8,92.8
2025-02-08 03:00:00,161096.0,8376.8,87.5
2025-02-08 04:00:00,164246.2,7846.2,94.8
2025-02-08 05:00:00,173570.2,7638.0,98.0
2025-02-08 06:00:00,188507.2,8060.0,233.8
2025-02-08 07:00:00,208568.8,8113.8,2694.5
2025-02-08 08:00:00,220808.8,7425.5,17876.8
2025-02-08 09:00:00,231030.2,5623.8,38906.2
2025-02-08 10:00:00,233152.2,4603.2,53311.5
2025-02-08 11:00:00,229815.5,4655.0,60403.8
2025-02-08 12:00:00,223981.8,5047.5,60888.0
2025-02-08 13:00:00,215926.8,5100.2,59843.5
2025-02-08 14:00:00,215095.2,5178.5,55911.0
2025-02-08 15:00:00,215948.0,5218.5,47379.2
2025-02-08 16:00:00,212420.0,4818.5,34265.2
2025-02-08 17:00:00,207740.8,4383.2,15316.2
2025-02-08 18:00:00,204858.2,4321.5,1691.5
2025-02-08 19:00:00,202162.8,5217.8,171.8
2025-02-08 20:00:00,190307.2,5547.0,73.2
2025-02-08 21:00:00,181435.5,6070.2,65.8
2025-02-08 22:00:00,176388.8,6149.0,37.5
2025-02-08 23:00:00,171567.0,5896.0,40.8
2025-02-09 00:00:00,167666.0,5477.8,42.2
2025-02-09 01:00:00,165211.8,5211.5,42.8
2025-02-09 02:00:00,162703.0,5150.8,42.8
2025-02-09 03:00:00,161537.0,4742.0,44.8
2025-02-09 04:00:00,164043.5,4573.2,43.5
2025-02-09 05:00:00,171464.5,4250.0,40.0
2025-02-09 06:00:00,182851.8,4123.8,218.8
2025-02-09 07:00:00,199576.0,3762.8,2519.5
2025-02-09 08:00:00,212801.5,3134.8,16116.0
2025-02-09 09:00:00,223840.5,2548.0,36058.8
2025-02-09 10:00:00,227281.2,2875.2,51457.8
2025-02-09 11:00:00,225075.0,3653.2,58963.0
2025-02-09 12:00:00,220343.8,4240.8,60623.2
2025-02-09 13:00:00,211754.2,4926.2,60297.2
2025-02-09 14:00:00,206369.0,5485.8,57160.0
2025-02-09 15:00:00,202826.2,5727.8,48608.2
2025-02-09 16:00:00,197176.0,5812.0,33951.2
2025-02-09 17:00:00,192265.0,5934.0,14440.0
2025-02-09 18:00:00,192238.5,5706.5,1615.0
2025-02-09 19:00:00,191421.5,5868.2,166.8
2025-02-09 20:00:00,181939.2,6050.8,119.5
2025-02-09 21:00:00,173853.0,6097.0,103.0
2025-02-09 22:00:00,169406.5,6197.2,103.0
2025-02-09 23:00:00,164168.8,5665.5,103.0
2025-02-10 00:00:00,161210.8,5067.5,107.0
2025-02-10 01:00:00,159244.8,4789.0,137.5
2025-02-10 02:00:00,156471.0,4452.2,107.0
2025-02-10 03:00:00,156016.0,4084.2,107.5
2025-02-10 04:00:00,159626.8,4076.2,108.5
2025-02-10 05:00:00,170308.5,3901.8,108.8
2025-02-10 06:00:00,187954.0,3607.8,300.2
2025-02-10 07:00:00,207428.5,3469.0,2496.2
2025-02-10 08:00:00,218250.5,2973.0,14732.0
2025-02-10 09:00:00,230306.2,2398.5,31768.2
2025-02-10 10:00:00,234531.5,2462.0,44621.8
2025-02-10 11:00:00,232735.8,2669.5,53929.8
2025-02-10 12:00:00,228394.2,2712.2,59260.5
2025-02-10 13:00:00,219690.8,2959.0,60587.5
2025-02-10 14:00:00,217098.2,3301.0,57062.8
2025-02-10 15:00:00,217991.8,3497.0,48256.2
2025-02-10 16:00:00,214111.2,3658.0,33687.2
2025-02-10 17:00:00,206602.8,3522.8,14627.2
2025-02-10 18:00:00,203567.5,3607.8,1871.0
2025-02-10 19:00:00,201446.5,4379.0,319.8
2025-02-10 20:00:00,191087.2,5466.0,329.0
2025-02-10 21:00:00,182838.0,6432.5,295.0
2025-02-10 22:00:00,177533.5,7371.2,270.8
2025-02-10 23:00:00,172451.5,7737.2,263.0
2025-02-11 00:00:00,168527.2,7446.2,43.2
2025-02-11 01:00:00,166224.2,7104.2,43.8
2025-02-11 02:00:00,163858.0,6976.2,36.8
2025-02-11 03:00:00,163116.2,7035.5,31.0
2025-02-11 04:00:00,165818.8,6687.8,37.2
2025-02-11 05:00:00,175439.8,6042.0,50.0
2025-02-11 06:00:00,190679.8,5288.0,237.0
2025-02-11 07:00:00,207790.0,4732.8,2743.0
2025-02-11 08:00:00,218772.2,4165.0,17932.5
2025-02-11 09:00:00,231513.5,3140.0,38032.0
2025-02-11 10:00:00,233825.0,3398.5,51941.0
2025-02-11 11:00:00,231941.5,3426.8,59645.2
2025-02-11 12:00:00,228372.0,3301.0,62241.8
2025-02-11 13:00:00,220725.0,3550.0,61866.0
2025-02-11 14:00:00,218782.8,3805.5,58726.5
2025-02-11 15:00:00,218698.0,3837.2,50070.0
2025-02-11 16:00:00,215499.2,3960.2,35541.8
2025-02-11 17:00:00,209116.8,4071.8,15482.8
2025-02-11 18:00:00,205682.8,4628.8,2265.2
2025-02-11 19:00:00,203595.8,5948.0,954.5
2025-02-11 20:00:00,191636.0,6758.2,345.0
2025-02-11 21:00:00,183281.8,7234.2,156.0
2025-02-11 22:00:00,178558.0,8082.5,110.8
2025-02-11 23:00:00,173826.2,8303.5,100.0
2025-02-12 00:00:00,170424.0,8144.0,91.0
2025-02-12 01:00:00,167753.8,7946.2,88.0
2025-02-12 02:00:00,165421.2,7836.0,98.5
2025-02-12 03:00:00,164394.2,7410.8,106.5
2025-02-12 04:00:00,167621.5,6499.8,97.8
2025-02-12 05:00:00,177400.5,5688.8,88.8
2025-02-12 06:00:00,192318.2,4547.8,450.8
2025-02-12 07:00:00,210451.0,3938.8,3257.5
2025-02-12 08:00:00,220151.8,3480.0,17743.5
2025-02-12 09:00:00,231021.5,2516.0,37534.8
2025-02-12 10:00:00,236259.8,1781.0,51175.5
2025-02-12 11:00:00,234512.0,1826.2,58964.8
2025-02-12 12:00:00,229148.0,2007.0,62044.5
2025-02-12 13:00:00,219008.2,2248.8,61701.0
2025-02-12 14:00:00,216847.2,2322.2,58041.2
2025-02-12 15:00:00,215985.0,2579.0,48846.5
2025-02-12 16:00:00,213686.8,2780.0,34559.5
2025-02-12 17:00:00,209050.0,2886.5,15155.5
2025-02-12 18:00:00,205837.5,3393.0,2028.5
2025-02-12 19:00:00,203563.8,4411.2,594.5
2025-02-12 20:00:00,192064.0,5361.0,300.2
2025-02-12 21:00:00,183465.5,5571.2,216.0
2025-02-12 22:00:00,179373.5,5569.2,178.2
2025-02-12 23:00:00,174808.8,5319.8,178.2
2025-02-13 00:00:00,171841.8,5012.2,177.5
2025-02-13 01:00:00,169407.5,4996.8,172.5
2025-02-13 02:00:00,166717.0,5057.2,176.8
2025-02-13 03:00:00,166128.0,5178.0,174.2
2025-02-13 04:00:00,169117.2,5277.5,173.2
2025-02-13 05:00:00,177543.8,4996.2,174.2
2025-02-13 06:00:00,192458.8,4545.2,392.2
2025-02-13 07:00:00,209841.2,4165.5,3172.2
2025-02-13 08:00:00,219778.8,3790.2,18887.8
2025-02-13 09:00:00,230069.8,2958.8,38911.5
2025-02-13 10:00:00,233882.8,1962.0,53037.2
2025-02-13 11:00:00,229002.2,1824.8,60577.5
2025-02-13 12:00:00,221481.8,1886.2,63394.2
2025-02-13 13:00:00,213783.2,1970.0,63164.5
2025-02-13 14:00:00,213026.2,2289.0,59905.8
2025-02-13 15:00:00,213163.8,2643.2,50582.2
2025-02-13 16:00:00,210881.2,2625.5,35573.8
2025-02-13 17:00:00,207911.8,2433.2,15445.8
2025-02-13 18:00:00,204760.8,2502.5,1944.8
2025-02-13 19:00:00,203488.0,3149.2,380.8
2025-02-13 20:00:00,193682.8,3321.2,120.2
2025-02-13 21:00:00,184406.5,3348.0,52.5
2025-02-13 22:00:00,179288.2,3423.8,52.0
2025-02-13 23:00:00,174485.8,3406.8,40.2
2025-02-14 00:00:00,171138.0,3323.0,49.2
2025-02-14 01:00:00,168308.5,3225.8,54.5
2025-02-14 02:00:00,165824.2,3269.5,51.0
2025-02-14 03:00:00,165023.2,3288.0,55.2
2025-02-14 04:00:00,168388.8,3210.0,38.5
2025-02-14 05:00:00,177764.5,3386.5,51.8
2025-02-14 06:00:00,193463.5,3263.5,245.5
2025-02-14 07:00:00,209656.8,2939.5,3185.5
2025-02-14 08:00:00,219567.5,2410.8,18874.5
2025-02-14 09:00:00,230292.2,1461.5,38417.2
2025-02-14 10:00:00,233707.2,919.5,52345.0
2025-02-14 11:00:00,230838.2,1044.0,59755.2
2025-02-14 12:00:00,225061.5,1235.2,62046.8
2025-02-14 13:00:00,216149.2,1435.5,62224.8
2025-02-14 14:00:00,213823.0,2013.2,58554.8
2025-02-14 15:00:00,212097.8,2563.0,48454.8
2025-02-14 16:00:00,211248.0,2847.8,35304.2
2025-02-14 17:00:00,209527.2,3040.5,16311.2
2025-02-14 18:00:00,204813.5,3698.2,1656.0
2025-02-14 19:00:00,203932.0,4663.5,226.0
2025-02-14 20:00:00,192748.8,5350.8,168.5
2025-02-14 21:00:00,183283.8,6012.5,115.8
2025-02-14 22:00:00,178863.8,5780.5,105.2
2025-02-14 23:00:00,173929.2,6184.5,107.5
2025-02-15 00:00:00,170208.5,7792.0,33.2
2025-02-15 01:00:00,167681.0,8877.0,44.8
2025-02-15 02:00:00,165017.8,9252.2,42.0
2025-02-15 03:00:00,163959.8,9175.0,52.8
2025-02-15 04:00:00,166580.0,8893.5,72.2
2025-02-15 05:00:00,176542.0,8423.5,75.8
2025-02-15 06:00:00,191973.8,8379.8,146.2
2025-02-15 07:00:00,208359.8,7806.8,3060.2
2025-02-15 08:00:00,218240.0,7369.0,19260.0
2025-02-15 09:00:00,229155.2,5235.5,39992.2
2025-02-15 10:00:00,233097.5,3765.2,53561.2
2025-02-15 11:00:00,228598.0,3797.2,61083.8
2025-02-15 12:00:00,221900.0,4137.8,63235.8
2025-02-15 13:00:00,214470.0,4773.2,62908.8
2025-02-15 14:00:00,213812.8,5540.5,60301.5
2025-02-15 15:00:00,213457.2,5677.2,52109.0
2025-02-15 16:00:00,210043.5,5908.2,37753.0
2025-02-15 17:00:00,204990.0,5911.5,17046.8
2025-02-15 18:00:00,204153.5,5768.8,2109.0
2025-02-15 19:00:00,204281.5,6534.2,389.5
2025-02-15 20:00:00,192325.0,7967.2,163.8
2025-02-15 21:00:00,182509.0,8374.5,69.2
2025-02-15 22:00:00,178094.2,8769.0,52.8
2025-02-15 23:00:00,173437.8,9619.0,49.2
2025-02-16 00:00:00,170300.8,9784.8,54.2
2025-02-16 01:00:00,168222.5,9316.8,66.2
2025-02-16 02:00:00,165450.8,9162.5,86.2
2025-02-16 03:00:00,164953.0,8646.0,65.0
2025-02-16 04:00:00,167157.8,7820.0,64.2
2025-02-16 05:00:00,174728.5,7044.2,61.8
2025-02-16 06:00:00,185548.0,6573.8,332.2
2025-02-16 07:00:00,200407.0,6000.0,3550.0
2025-02-16 08:00:00,210088.5,4867.2,20082.0
2025-02-16 09:00:00,221444.2,2919.5,39597.5
2025-02-16 10:00:00,224534.2,2447.5,51016.8
2025-02-16 11:00:00,221115.5,2893.5,56824.8
2025-02-16 12:00:00,215534.5,3337.5,61747.0
2025-02-16 13:00:00,208619.5,4029.2,60828.0
2025-02-16 14:00:00,204179.2,4711.0,57696.8
2025-02-16 15:00:00,201859.5,5083.2,48096.0
2025-02-16 16:00:00,199382.8,5255.0,33161.8
2025-02-16 17:00:00,194292.5,5286.5,13940.2
2025-02-16 18:00:00,192661.2,5529.2,1958.0
2025-02-16 19:00:00,192355.5,6686.5,281.2
2025-02-16 20:00:00,182417.2,7651.0,103.8
2025-02-16 21:00:00,174493.5,8230.8,27.0
2025-02-16 22:00:00,171836.0,8891.2,14.5
2025-02-16 23:00:00,167756.8,8778.2,3.0
2025-02-17 00:00:00,165044.0,8429.0,0.0
2025-02-17 01:00:00,163142.8,8058.0,0.0
2025-02-17 02:00:00,160707.8,7618.5,156.0
2025-02-17 03:00:00,159795.8,6808.8,179.8
2025-02-17 04:00:00,163410.2,5974.5,231.2
2025-02-17 05:00:00,173784.8,5765.2,243.2
2025-02-17 06:00:00,191559.5,5397.2,569.2
2025-02-17 07:00:00,208767.2,4709.2,3536.2
2025-02-17 08:00:00,218348.0,3511.2,18756.5
2025-02-17 09:00:00,229112.2,2552.5,38151.8
2025-02-17 10:00:00,231193.2,2380.2,51226.0
2025-02-17 11:00:00,230713.5,2360.0,60156.0
2025-02-17 12:00:00,225631.2,2470.0,62804.2
2025-02-17 13:00:00,217865.0,2316.5,62489.0
2025-02-17 14:00:00,217242.0,2410.8,59296.0
2025-02-17 15:00:00,217608.2,2807.8,50467.0
2025-02-17 16:00:00,214736.0,3374.8,35615.8
2025-02-17 17:00:00,209030.8,3938.5,14639.2
2025-02-17 18:00:00,205589.0,4202.5,2829.8
2025-02-17 19:00:00,204688.5,5042.2,1293.2
2025-02-17 20:00:00,194119.5,5527.8,1009.8
2025-02-17 21:00:00,184988.2,6333.8,973.0
2025-02-17 22:00:00,180777.5,6936.8,1016.0
2025-02-17 23:00:00,176226.5,6727.0,995.8
2025-02-18 00:00:00,173097.0,6270.5,997.5
2025-02-18 01:00:00,171009.2,5461.2,1013.5
2025-02-18 02:00:00,168269.8,4705.5,1018.0
2025-02-18 03:00:00,166924.0,4123.0,1044.0
2025-02-18 04:00:00,169912.0,3869.8,1037.2
2025-02-18 05:00:00,179103.2,4152.8,1037.0
2025-02-18 06:00:00,194698.8,4215.8,1194.0
2025-02-18 07:00:00,210710.8,4915.5,3996.8
2025-02-18 08:00:00,218442.5,4492.2,17855.0
2025-02-18 09:00:00,229414.8,2956.0,35458.5
2025-02-18 10:00:00,234986.5,2306.0,49003.2
2025-02-18 11:00:00,233045.5,2876.0,57597.5
2025-02-18 12:00:00,227885.2,3485.8,60535.2
2025-02-18 13:00:00,220001.2,4145.8,60347.8
2025-02-18 14:00:00,218788.5,4353.0,56768.5
2025-02-18 15:00:00,218430.8,3981.2,47745.0
2025-02-18 16:00:00,214257.8,3391.5,34471.2
2025-02-18 17:00:00,209291.0,3222.8,16461.8
2025-02-18 18:00:00,205082.0,3305.2,2667.0
2025-02-18 19:00:00,205340.5,4352.0,860.5
2025-02-18 20:00:00,194118.5,5457.0,462.2
2025-02-18 21:00:00,185650.5,6076.0,412.2
2025-02-18 22:00:00,181877.8,5916.0,356.2
2025-02-18 23:00:00,177471.5,6147.2,356.5
2025-02-19 00:00:00,174648.2,6606.5,361.8
2025-02-19 01:00:00,172218.8,6410.2,354.5
2025-02-19 02:00:00,169534.8,6108.0,349.2
2025-02-19 03:00:00,168710.0,6006.2,342.5
2025-02-19 04:00:00,171057.8,6132.5,349.0
2025-02-19 05:00:00,179983.5,5827.2,354.8
2025-02-19 06:00:00,195305.0,5512.0,722.8
2025-02-19 07:00:00,211745.5,4885.2,3844.8
2025-02-19 08:00:00,219237.8,3708.0,17624.0
2025-02-19 09:00:00,229959.8,2509.0,34642.5
2025-02-19 10:00:00,236186.2,1919.2,50485.0
2025-02-19 11:00:00,232568.5,2249.0,55020.2
2025-02-19 12:00:00,223380.8,2391.8,51783.8
2025-02-19 13:00:00,217704.5,2779.0,47804.8
2025-02-19 14:00:00,217416.0,3256.2,45240.2
2025-02-19 15:00:00,217383.2,3956.8,42259.0
2025-02-19 16:00:00,215776.5,4569.5,31993.0
2025-02-19 17:00:00,210171.5,5183.5,14831.5
2025-02-19 18:00:00,206581.2,5645.0,2394.8
2025-02-19 19:00:00,205217.5,5710.0,541.2
2025-02-19 20:00:00,193842.0,5996.8,399.8
2025-02-19 21:00:00,185233.0,6575.2,291.2
2025-02-19 22:00:00,181637.8,6687.2,250.2
2025-02-19 23:00:00,177498.0,6697.0,247.0
2025-02-20 00:00:00,174615.2,6923.0,248.5
2025-02-20 01:00:00,171329.0,6862.0,251.2
2025-02-20 02:00:00,167424.0,6778.5,242.8
2025-02-20 03:00:00,165294.2,6169.5,238.0
2025-02-20 04:00:00,166525.0,6071.0,241.8
2025-02-20 05:00:00,174332.0,5636.2,247.8
2025-02-20 06:00:00,188306.5,5357.0,401.8
2025-02-20 07:00:00,205283.0,5082.2,3290.2
2025-02-20 08:00:00,214369.8,4302.2,17850.2
2025-02-20 09:00:00,223784.5,2567.2,37021.2
2025-02-20 10:00:00,227097.8,2158.5,51474.8
2025-02-20 11:00:00,222642.8,2222.2,59066.5
2025-02-20 12:00:00,216033.5,2216.5,61539.8
2025-02-20 13:00:00,209834.8,2312.5,61124.5
2025-02-20 14:00:00,209865.8,2627.5,58036.5
2025-02-20 15:00:00,211946.8,2900.8,49786.5
2025-02-20 16:00:00,210374.0,3164.0,35865.0
2025-02-20 17:00:00,207097.5,3330.8,16401.5
2025-02-20 18:00:00,204024.0,3771.0,2493.2
2025-02-20 19:00:00,203221.2,4541.2,502.0
2025-02-20 20:00:00,192800.0,5307.2,316.0
2025-02-20 21:00:00,184247.8,6487.0,243.2
2025-02-20 22:00:00,180050.5,6814.0,241.2
2025-02-20 23:00:00,175492.0,7264.0,238.5
2025-02-21 00:00:00,172721.2,7454.0,241.2
2025-02-21 01:00:00,170446.5,6758.8,243.2
2025-02-21 02:00:00,167513.0,6542.5,246.8
2025-02-21 03:00:00,166074.2,6381.5,246.0
2025-02-21 04:00:00,168392.8,5817.5,223.8
2025-02-21 05:00:00,177384.0,5469.2,233.8
2025-02-21 06:00:00,192776.0,5210.8,459.5
2025-02-21 07:00:00,209439.8,5465.8,3353.5
2025-02-21 08:00:00,217697.2,5122.0,17791.2
2025-02-21 09:00:00,228402.8,3672.5,37033.2
2025-02-21 10:00:00,230752.8,3059.2,52280.2
2025-02-21 11:00:00,228387.2,2852.5,60455.8
2025-02-21 12:00:00,223221.2,2353.0,62547.5
2025-02-21 13:00:00,215675.2,2243.0,60997.5
2025-02-21 14:00:00,214414.2,2581.0,55059.0
2025-02-21 15:00:00,215935.2,2901.5,46943.8
2025-02-21 16:00:00,212748.2,3101.2,32252.0
2025-02-21 17:00:00,207238.8,3348.2,14694.8
2025-02-21 18:00:00,204514.8,3855.2,2750.2
2025-02-21 19:00:00,203705.8,4557.0,799.2
2025-02-21 20:00:00,193840.0,5352.5,384.0
2025-02-21 21:00:00,186080.5,6228.2,233.0
2025-02-21 22:00:00,182342.2,6641.8,212.8
2025-02-21 23:00:00,178821.8,6233.2,263.0
2025-02-22 00:00:00,175781.0,5510.2,268.0
2025-02-22 01:00:00,173320.0,5164.0,266.0
2025-02-22 02:00:00,170145.0,5331.0,270.5
2025-02-22 03:00:00,168965.2,5700.2,261.8
2025-02-22 04:00:00,171199.0,5295.0,258.8
2025-02-22 05:00:00,179661.8,5485.8,259.0
2025-02-22 06:00:00,192914.2,5578.5,809.5
2025-02-22 07:00:00,207587.2,5577.8,4022.8
2025-02-22 08:00:00,216438.5,5031.5,19425.2
2025-02-22 09:00:00,226611.2,2852.5,38898.5
2025-02-22 10:00:00,228142.2,2032.5,52451.5
2025-02-22 11:00:00,224986.5,1851.5,60240.5
2025-02-22 12:00:00,218914.2,1528.2,62661.0
2025-02-22 13:00:00,212074.8,1535.0,62280.0
2025-02-22 14:00:00,211319.0,1644.5,58858.2
2025-02-22 15:00:00,213084.5,1842.5,50105.2
2025-02-22 16:00:00,211034.0,2155.5,36361.2
2025-02-22 17:00:00,205560.5,2313.5,17265.2
2025-02-22 18:00:00,202691.8,2623.0,2886.5
2025-02-22 19:00:00,203427.2,3289.0,859.8
2025-02-22 20:00:00,193908.5,3855.0,428.5
2025-02-22 21:00:00,185772.0,3801.5,284.8
2025-02-22 22:00:00,182468.0,3926.0,257.0
2025-02-22 23:00:00,178527.2,4088.5,257.2
2025-02-23 00:00:00,174736.0,3930.0,256.8
2025-02-23 01:00:00,172833.8,3805.0,199.2
2025-02-23 02:00:00,169859.2,3819.0,142.5
2025-02-23 03:00:00,168519.2,4078.5,146.8
2025-02-23 04:00:00,170254.2,4163.2,145.5
2025-02-23 05:00:00,177598.8,4040.5,150.0
2025-02-23 06:00:00,187542.8,3938.5,696.8
2025-02-23 07:00:00,199794.2,4393.0,4423.5
2025-02-23 08:00:00,205997.0,4291.0,21180.8
2025-02-23 09:00:00,214903.0,2797.2,40203.8
2025-02-23 10:00:00,217136.8,2111.2,53895.0
2025-02-23 11:00:00,214107.8,2052.0,61533.8
2025-02-23 12:00:00,209692.0,1816.2,63554.8
2025-02-23 13:00:00,203788.8,2043.8,62939.0
2025-02-23 14:00:00,200247.8,3028.5,58980.2
2025-02-23 15:00:00,199175.8,3797.8,50317.2
2025-02-23 16:00:00,196129.2,4226.8,36890.2
2025-02-23 17:00:00,190651.8,4419.5,17858.8
2025-02-23 18:00:00,190270.2,4374.8,2889.5
2025-02-23 19:00:00,193646.5,4669.2,811.5
2025-02-23 20:00:00,183903.5,5158.2,395.0
2025-02-23 21:00:00,176382.8,5925.5,242.5
2025-02-23 22:00:00,173358.2,6629.2,179.2
2025-02-23 23:00:00,169542.0,6957.5,189.8
2025-02-24 00:00:00,166470.5,7133.8,0.0
2025-02-24 01:00:00,164636.5,7072.2,0.0
2025-02-24 02:00:00,162169.0,6428.5,0.0
2025-02-24 03:00:00,161073.8,6126.2,0.0
2025-02-24 04:00:00,164166.5,6592.5,0.0
2025-02-24 05:00:00,173454.8,6344.2,0.0
2025-02-24 06:00:00,189952.8,5988.5,673.0
2025-02-24 07:00:00,207970.0,6182.5,4619.8
2025-02-24 08:00:00,216574.0,5899.2,21232.5
2025-02-24 09:00:00,226002.8,4292.5,39379.2
2025-02-24 10:00:00,228387.8,5312.5,53602.0
2025-02-24 11:00:00,225019.5,6193.2,60782.5
2025-02-24 12:00:00,218203.0,5925.0,62769.8
2025-02-24 13:00:00,210286.0,5539.2,60928.8
2025-02-24 14:00:00,210845.2,5765.2,58141.2
2025-02-24 15:00:00,211672.8,5832.0,48657.0
2025-02-24 16:00:00,210021.5,6118.8,34081.2
2025-02-24 17:00:00,205195.2,6588.5,15265.8
2025-02-24 18:00:00,201858.8,6776.8,2202.2
2025-02-24 19:00:00,203801.2,7045.5,351.5
2025-02-24 20:00:00,193042.0,7844.8,71.2
2025-02-24 21:00:00,185736.2,8766.8,0.0
2025-02-24 22:00:00,182934.8,8859.2,0.0
2025-02-24 23:00:00,178654.0,8860.0,0.0
2025-02-25 00:00:00,175104.0,8838.8,131.5
2025-02-25 01:00:00,172498.5,8659.5,125.2
2025-02-25 02:00:00,169392.5,8323.8,130.0
2025-02-25 03:00:00,168111.5,8124.0,121.0
2025-02-25 04:00:00,170542.0,8325.0,117.0
2025-02-25 05:00:00,179297.8,8349.5,116.5
2025-02-25 06:00:00,194888.5,8553.0,337.0
2025-02-25 07:00:00,211703.5,8114.5,4211.2
2025-02-25 08:00:00,218641.0,6901.2,19283.5
2025-02-25 09:00:00,227520.5,6658.5,36763.5
2025-02-25 10:00:00,229413.8,6268.2,44891.2
2025-02-25 11:00:00,226666.8,6263.0,48343.0
2025-02-25 12:00:00,222042.8,6098.8,51585.5
2025-02-25 13:00:00,213709.2,5900.5,50685.5
2025-02-25 14:00:00,213287.2,5514.8,46074.0
2025-02-25 15:00:00,214499.2,5534.5,37041.8
2025-02-25 16:00:00,211919.2,5585.5,23648.2
2025-02-25 17:00:00,206541.5,5822.5,10116.8
2025-02-25 18:00:00,204037.8,5398.2,1586.0
2025-02-25 19:00:00,204280.2,5971.8,158.0
2025-02-25 20:00:00,193597.5,6580.0,137.5
2025-02-25 21:00:00,185975.8,7793.2,131.8
2025-02-25 22:00:00,182510.0,8483.5,112.5
2025-02-25 23:00:00,178268.2,8657.2,101.8
2025-02-26 00:00:00,175338.8,8528.0,97.2
2025-02-26 01:00:00,172846.0,8233.0,108.0
2025-02-26 02:00:00,170087.0,8096.5,103.5
2025-02-26 03:00:00,168782.2,8123.0,107.2
2025-02-26 04:00:00,171932.5,7961.0,100.2
2025-02-26 05:00:00,180945.2,7889.2,99.2
2025-02-26 06:00:00,194295.0,7561.8,251.0
2025-02-26 07:00:00,207535.8,7332.0,3742.2
2025-02-26 08:00:00,219423.8,7194.0,17187.0
2025-02-26 09:00:00,230638.8,6550.0,35708.8
2025-02-26 10:00:00,232172.2,6428.8,48079.0
2025-02-26 11:00:00,227231.2,7558.2,54348.8
2025-02-26 12:00:00,220906.2,7845.2,55919.5
2025-02-26 13:00:00,212404.8,7472.0,53961.2
2025-02-26 14:00:00,210920.2,7178.8,48611.0
2025-02-26 15:00:00,211981.0,6930.0,43179.5
2025-02-26 16:00:00,209701.8,7148.8,28106.8
2025-02-26 17:00:00,202900.2,6558.8,12298.5
2025-02-26 18:00:00,197829.8,6534.0,1930.5
2025-02-26 19:00:00,197519.5,6847.8,254.8
2025-02-26 20:00:00,186801.2,7990.5,211.5
2025-02-26 21:00:00,179603.2,8900.8,158.5
2025-02-26 22:00:00,177283.5,9890.0,170.5
2025-02-26 23:00:00,174639.0,10088.8,170.0
2025-02-27 00:00:00,172274.2,9631.0,160.8
2025-02-27 01:00:00,169719.0,9199.5,159.8
2025-02-27 02:00:00,167166.5,8671.2,157.8
2025-02-27 03:00:00,166042.8,8068.2,146.8
2025-02-27 04:00:00,168256.0,7672.5,139.0
2025-02-27 05:00:00,177368.8,7292.0,139.5
2025-02-27 06:00:00,191717.8,7139.8,297.5
2025-02-27 07:00:00,207036.8,6819.2,3703.5
2025-02-27 08:00:00,214930.0,5777.0,16522.2
2025-02-27 09:00:00,223525.5,5116.2,30685.5
2025-02-27 10:00:00,226739.5,5296.5,41706.5
2025-02-27 11:00:00,224060.8,5649.5,48769.8
2025-02-27 12:00:00,219032.8,5846.0,51379.5
2025-02-27 13:00:00,211765.5,6822.0,49243.0
2025-02-27 14:00:00,211790.2,7418.2,46278.2
2025-02-27 15:00:00,212463.8,7626.0,36603.5
2025-02-27 16:00:00,211575.8,7956.5,24811.2
2025-02-27 17:00:00,206379.5,8104.0,10989.0
2025-02-27 18:00:00,204226.2,7934.8,1763.2
2025-02-27 19:00:00,203727.2,7970.5,272.0
2025-02-27 20:00:00,192048.2,8609.8,274.5
2025-02-27 21:00:00,184079.0,9186.5,216.2
2025-02-27 22:00:00,181476.2,9232.2,135.5
2025-02-27 23:00:00,178057.8,9188.8,138.5
2025-02-28 00:00:00,175551.2,9443.0,150.5
2025-02-28 01:00:00,172782.0,9750.0,150.2
2025-02-28 02:00:00,169586.0,9622.2,161.0
2025-02-28 03:00:00,168213.2,9626.2,201.2
2025-02-28 04:00:00,170449.8,9109.5,141.0
2025-02-28 05:00:00,179428.0,8117.8,144.8
2025-02-28 06:00:00,192376.5,7581.2,276.2
2025-02-28 07:00:00,207751.5,6841.2,3156.5
2025-02-28 08:00:00,215751.8,5999.0,13863.8
2025-02-28 09:00:00,225278.0,5578.0,27907.0
2025-02-28 10:00:00,230704.0,6284.8,43875.2
2025-02-28 11:00:00,227758.8,6958.5,51270.2
2025-02-28 12:00:00,223279.5,7355.2,55722.2
2025-02-28 13:00:00,213615.5,7886.0,56182.8
2025-02-28 14:00:00,213947.2,8762.8,52154.0
2025-02-28 15:00:00,215024.2,9342.0,45133.2
2025-02-28 16:00:00,213838.0,9283.5,32109.0
2025-02-28 17:00:00,207488.2,9141.0,14730.8
2025-02-28 18:00:00,204118.0,8808.5,2314.2
2025-02-28 19:00:00,203496.0,9579.8,228.2
2025-02-28 20:00:00,192002.8,9960.8,198.5
2025-02-28 21:00:00,184120.8,11031.2,132.0
2025-02-28 22:00:00,181059.2,11240.8,120.8
2025-02-28 23:00:00,177647.0,11156.2,117.0
2025-03-01 00:00:00,174602.0,11104.2,129.5
2025-03-01 01:00:00,172002.0,10953.5,128.2
2025-03-01 02:00:00,169196.2,10703.8,127.8
2025-03-01 03:00:00,167724.8,10294.8,127.8
2025-03-01 04:00:00,169678.0,9556.8,121.8
2025-03-01 05:00:00,177584.2,8756.0,148.0
2025-03-01 06:00:00,189661.2,8157.0,295.2
2025-03-01 07:00:00,202512.2,7297.2,3979.5
2025-03-01 08:00:00,210357.5,5404.2,19305.5
2025-03-01 09:00:00,219599.5,4133.2,36859.8
2025-03-01 10:00:00,222649.0,4759.5,49735.2
2025-03-01 11:00:00,220174.8,4982.0,58008.8
2025-03-01 12:00:00,214874.5,5549.2,60203.5
2025-03-01 13:00:00,208432.5,6036.2,59027.5
2025-03-01 14:00:00,209969.8,5786.0,55521.0
2025-03-01 15:00:00,210966.8,5886.8,48297.8
2025-03-01 16:00:00,209594.2,5565.0,35629.0
2025-03-01 17:00:00,202612.8,5176.8,17211.0
2025-03-01 18:00:00,198531.8,5529.5,2480.2
2025-03-01 19:00:00,199391.8,6434.5,111.8
2025-03-01 20:00:00,189311.2,7425.5,121.5
2025-03-01 21:00:00,181518.2,8565.8,100.0
2025-03-01 22:00:00,179589.8,9231.0,106.2
2025-03-01 23:00:00,177352.2,9562.5,101.0
2025-03-02 00:00:00,174273.8,9510.8,95.8
2025-03-02 01:00:00,172300.5,9249.8,91.8
2025-03-02 02:00:00,169392.0,9363.2,107.2
2025-03-02 03:00:00,168899.2,9506.5,104.8
2025-03-02 04:00:00,172400.0,9359.8,102.8
2025-03-02 05:00:00,177374.2,8184.0,91.8
2025-03-02 06:00:00,184669.8,7506.0,217.8
2025-03-02 07:00:00,193409.0,6828.8,3920.5
2025-03-02 08:00:00,201547.5,5394.8,21018.8
2025-03-02 09:00:00,210084.8,2923.2,41214.0
2025-03-02 10:00:00,212212.0,2285.0,54683.2
2025-03-02 11:00:00,210010.8,2005.2,60838.8
2025-03-02 12:00:00,205122.2,2239.2,62631.0
2025-03-02 13:00:00,200135.0,2417.8,62629.5
2025-03-02 14:00:00,198908.5,2694.2,59918.8
2025-03-02 15:00:00,198229.8,2655.8,51885.0
2025-03-02 16:00:00,194451.0,2633.2,38026.0
2025-03-02 17:00:00,188715.8,2797.5,18190.5
2025-03-02 18:00:00,188250.2,3232.0,2853.2
2025-03-02 19:00:00,191980.0,3662.2,690.5
2025-03-02 20:00:00,184115.8,3879.0,258.2
2025-03-02 21:00:00,177841.0,4369.8,113.8
2025-03-02 22:00:00,175922.8,5043.5,92.2
2025-03-02 23:00:00,172825.0,5453.8,85.0
2025-03-03 00:00:00,170098.8,5283.5,84.8
2025-03-03 01:00:00,167856.0,5060.5,78.5
2025-03-03 02:00:00,164888.2,5613.8,85.2
2025-03-03 03:00:00,164471.2,6180.2,85.2
2025-03-03 04:00:00,169245.0,6208.5,94.5
2025-03-03 05:00:00,176995.8,6426.2,95.8
2025-03-03 06:00:00,189556.5,5888.0,587.0
2025-03-03 07:00:00,201621.2,5580.5,4998.5
2025-03-03 08:00:00,211554.5,4770.2,22022.8
2025-03-03 09:00:00,222057.5,3226.2,41390.5
2025-03-03 10:00:00,226286.8,3419.0,54548.5
2025-03-03 11:00:00,224108.8,3634.0,61161.8
2025-03-03 12:00:00,218686.0,4079.0,62861.0
2025-03-03 13:00:00,210625.8,4943.0,62170.0
2025-03-03 14:00:00,211523.5,5820.2,58219.5
2025-03-03 15:00:00,213621.0,6759.5,48710.0
2025-03-03 16:00:00,213718.0,7439.5,33468.2
2025-03-03 17:00:00,209001.5,7944.0,16104.2
2025-03-03 18:00:00,202986.5,7237.5,2550.8
2025-03-03 19:00:00,202895.5,7021.8,241.0
2025-03-03 20:00:00,195624.0,7343.8,185.2
2025-03-03 21:00:00,188794.2,8037.5,157.8
2025-03-03 22:00:00,186342.0,8334.2,145.2
2025-03-03 23:00:00,182823.2,8518.8,146.2
2025-03-04 00:00:00,179582.5,8974.5,157.5
2025-03-04 01:00:00,177311.8,9496.8,154.5
2025-03-04 02:00:00,174473.8,10128.8,161.0
2025-03-04 03:00:00,173528.8,10458.5,165.2
2025-03-04 04:00:00,177710.8,11171.5,169.0
2025-03-04 05:00:00,184554.8,11926.2,167.5
2025-03-04 06:00:00,195805.0,12089.2,245.8
2025-03-04 07:00:00,208575.2,12029.0,4609.0
2025-03-04 08:00:00,217011.8,11013.8,22653.0
2025-03-04 09:00:00,226559.8,10840.0,42201.8
2025-03-04 10:00:00,228465.8,10675.0,55139.0
2025-03-04 11:00:00,225388.8,10117.2,60813.0
2025-03-04 12:00:00,219229.0,9894.5,62399.8
2025-03-04 13:00:00,210975.8,9865.5,62284.0
2025-03-04 14:00:00,211832.0,9689.2,60030.8
2025-03-04 15:00:00,214456.2,9033.8,52318.2
2025-03-04 16:00:00,213586.5,9164.2,39978.8
2025-03-04 17:00:00,210150.2,9100.5,21106.5
2025-03-04 18:00:00,206643.5,8676.5,4210.5
2025-03-04 19:00:00,208319.5,9004.8,210.8
2025-03-04 20:00:00,199940.2,10483.8,219.8
2025-03-04 21:00:00,191528.8,11584.0,146.8
2025-03-04 22:00:00,188133.5,11859.0,69.2
2025-03-04 23:00:00,183338.0,11928.2,71.2
2025-03-05 00:00:00,179866.5,12176.2,144.2
2025-03-05 01:00:00,176861.8,12418.8,135.2
2025-03-05 02:00:00,173600.5,13621.5,89.5
2025-03-05 03:00:00,173025.5,13904.8,82.0
2025-03-05 04:00:00,176526.2,13609.2,77.8
2025-03-05 05:00:00,183591.5,13529.8,77.5
2025-03-05 06:00:00,195459.2,12939.2,213.8
2025-03-05 07:00:00,210488.0,12189.5,5024.8
2025-03-05 08:00:00,216009.2,10830.5,23972.5
2025-03-05 09:00:00,220587.8,8659.5,43901.0
2025-03-05 10:00:00,219845.8,7482.5,57897.8
2025-03-05 11:00:00,214396.5,6101.8,63681.2
2025-03-05 12:00:00,207808.2,6436.2,63991.8
2025-03-05 13:00:00,200509.2,7011.5,63940.8
2025-03-05 14:00:00,200750.5,6897.8,60666.8
2025-03-05 15:00:00,204190.0,7003.5,54354.0
2025-03-05 16:00:00,208553.8,7093.5,40934.5
2025-03-05 17:00:00,206110.8,6255.8,21281.0
2025-03-05 18:00:00,202649.5,5337.8,3584.8
2025-03-05 19:00:00,204939.2,5289.0,240.5
2025-03-05 20:00:00,196945.5,5656.8,141.5
2025-03-05 21:00:00,188404.0,5636.8,135.0
2025-03-05 22:00:00,184086.2,5303.2,96.0
2025-03-05 23:00:00,179998.8,5071.2,96.5
2025-03-06 00:00:00,176628.2,5098.5,93.0
2025-03-06 01:00:00,173813.5,5172.0,86.2
2025-03-06 02:00:00,170509.5,5020.2,87.0
2025-03-06 03:00:00,169947.2,4935.5,84.2
2025-03-06 04:00:00,174008.2,4632.2,73.8
2025-03-06 05:00:00,180908.2,4597.0,75.2
2025-03-06 06:00:00,193503.2,4542.2,198.2
2025-03-06 07:00:00,206087.8,4061.2,5686.5
2025-03-06 08:00:00,214383.8,3664.5,26249.2
2025-03-06 09:00:00,222662.5,2315.2,46087.8
2025-03-06 10:00:00,225040.8,1614.0,58813.5
2025-03-06 11:00:00,221249.2,1572.2,64502.0
2025-03-06 12:00:00,215933.5,1658.8,65539.8
2025-03-06 13:00:00,208071.0,1819.8,65083.2
2025-03-06 14:00:00,206617.8,2074.5,63270.0
2025-03-06 15:00:00,211144.2,2626.2,54473.5
2025-03-06 16:00:00,212621.0,2721.2,41961.2
2025-03-06 17:00:00,207512.8,2801.0,21173.8
2025-03-06 18:00:00,201869.5,3072.2,4012.5
2025-03-06 19:00:00,204051.2,3646.0,716.0
2025-03-06 20:00:00,194779.8,4406.5,598.8
2025-03-06 21:00:00,186735.5,4598.8,515.8
2025-03-06 22:00:00,183796.0,4698.0,474.8
2025-03-06 23:00:00,179625.5,4385.5,474.5
2025-03-07 00:00:00,176481.2,4069.2,476.5
2025-03-07 01:00:00,173892.8,4020.5,473.2
2025-03-07 02:00:00,171346.2,4756.2,482.0
2025-03-07 03:00:00,171151.0,4921.8,481.5
2025-03-07 04:00:00,175343.0,5298.0,477.5
2025-03-07 05:00:00,183823.5,5308.0,484.2
2025-03-07 06:00:00,197202.5,4395.0,658.0
2025-03-07 07:00:00,210936.8,3116.0,6100.0
2025-03-07 08:00:00,218716.0,2063.8,26052.2
2025-03-07 09:00:00,228133.2,1130.2,45615.8
2025-03-07 10:00:00,231933.0,879.8,58270.8
2025-03-07 11:00:00,231516.0,701.0,64233.8
2025-03-07 12:00:00,226720.8,1056.2,64130.2
2025-03-07 13:00:00,219478.8,1459.0,58346.5
2025-03-07 14:00:00,216367.5,1896.2,62126.8
2025-03-07 15:00:00,219586.2,2507.5,54362.2
2025-03-07 16:00:00,219397.5,3037.2,40241.5
2025-03-07 17:00:00,211769.0,3600.5,20915.2
2025-03-07 18:00:00,204100.0,3793.0,3951.2
2025-03-07 19:00:00,205884.8,4946.0,812.8
2025-03-07 20:00:00,197709.8,5575.0,210.8
2025-03-07 21:00:00,189427.8,5282.8,195.2
2025-03-07 22:00:00,187646.0,4850.0,117.0
2025-03-07 23:00:00,184294.2,4578.8,97.0
2025-03-08 00:00:00,181239.5,4580.5,97.8
2025-03-08 01:00:00,178651.5,4408.8,99.2
2025-03-08 02:00:00,175640.5,4366.0,100.2
2025-03-08 03:00:00,175009.0,4323.8,102.8
2025-03-08 04:00:00,179420.5,4477.2,99.2
2025-03-08 05:00:00,186190.0,4565.5,97.0
2025-03-08 06:00:00,196503.8,4367.2,204.8
2025-03-08 07:00:00,207802.0,3773.2,5079.5
2025-03-08 08:00:00,216908.8,3021.8,23826.8
2025-03-08 09:00:00,225807.2,1713.0,43139.2
2025-03-08 10:00:00,229519.8,1217.5,55785.2
2025-03-08 11:00:00,227104.2,1018.8,61060.5
2025-03-08 12:00:00,223907.8,1136.0,62917.5
2025-03-08 13:00:00,216758.5,1446.0,62536.8
2025-03-08 14:00:00,218490.2,2046.8,59859.0
2025-03-08 15:00:00,221965.0,2620.8,53062.0
2025-03-08 16:00:00,220367.0,3099.5,39714.2
2025-03-08 17:00:00,212432.2,3684.0,20025.5
2025-03-08 18:00:00,204741.2,3843.2,3223.8
2025-03-08 19:00:00,205990.2,4169.8,313.5
2025-03-08 20:00:00,198196.2,4853.5,236.0
2025-03-08 21:00:00,191328.5,5253.2,203.5
2025-03-08 22:00:00,189751.8,5021.2,195.2
2025-03-08 23:00:00,187632.2,5180.0,199.0
2025-03-09 00:00:00,184812.5,5771.2,189.0
2025-03-09 01:00:00,181825.8,5800.0,182.8
2025-03-09 02:00:00,178997.2,5702.5,108.5
2025-03-09 03:00:00,178228.5,5402.2,99.2
2025-03-09 04:00:00,181704.8,4986.5,104.5
2025-03-09 05:00:00,186403.5,4569.2,105.0
2025-03-09 06:00:00,194071.0,3916.2,206.0
2025-03-09 07:00:00,203453.5,3476.0,5507.8
2025-03-09 08:00:00,210130.5,2695.5,24336.5
2025-03-09 09:00:00,218517.0,1690.2,43510.8
2025-03-09 10:00:00,222786.8,1412.2,55872.0
2025-03-09 11:00:00,220763.5,1786.8,62331.5
2025-03-09 12:00:00,216686.2,1906.0,63616.2
2025-03-09 13:00:00,212032.0,2524.8,62645.0
2025-03-09 14:00:00,210912.0,3318.8,60558.0
2025-03-09 15:00:00,211164.0,3796.8,52073.2
2025-03-09 16:00:00,208185.8,4433.2,36923.0
2025-03-09 17:00:00,202715.5,4970.8,16687.0
2025-03-09 18:00:00,196500.2,5501.8,3004.8
2025-03-09 19:00:00,199034.0,6664.8,214.8
2025-03-09 20:00:00,191491.5,7463.8,164.2
2025-03-09 21:00:00,185620.5,7911.2,173.8
2025-03-09 22:00:00,184435.0,7896.5,150.5
2025-03-09 23:00:00,181501.8,7978.8,163.0
2025-03-10 00:00:00,178614.2,8114.8,160.0
2025-03-10 01:00:00,175918.5,7749.0,165.2
2025-03-10 02:00:00,173338.8,7207.8,159.2
2025-03-10 03:00:00,173077.8,6779.5,148.2
2025-03-10 04:00:00,177256.5,6383.8,144.8
2025-03-10 05:00:00,184148.2,6188.2,144.0
2025-03-10 06:00:00,196033.8,6054.2,291.5
2025-03-10 07:00:00,209688.5,5838.8,5744.5
2025-03-10 08:00:00,218496.0,5188.5,24364.5
2025-03-10 09:00:00,229575.0,5017.8,43193.5
2025-03-10 10:00:00,232856.2,4447.2,55201.2
2025-03-10 11:00:00,230979.0,4523.5,61375.0
2025-03-10 12:00:00,224975.5,4443.8,61986.8
2025-03-10 13:00:00,217826.0,5118.0,61640.2
2025-03-10 14:00:00,221049.8,6036.2,57980.0
2025-03-10 15:00:00,223733.2,7078.5,49349.2
2025-03-10 16:00:00,222497.0,7715.0,36865.0
2025-03-10 17:00:00,213689.2,8539.0,18827.8
2025-03-10 18:00:00,206324.5,8386.2,3315.2
2025-03-10 19:00:00,208646.0,8452.0,235.2
2025-03-10 20:00:00,200667.8,9438.5,159.5
2025-03-10 21:00:00,194289.2,10690.0,201.8
2025-03-10 22:00:00,192209.0,11214.5,192.0
2025-03-10 23:00:00,189219.8,10814.0,185.5
2025-03-11 00:00:00,186469.5,10085.5,175.0
2025-03-11 01:00:00,183754.5,10062.8,162.8
2025-03-11 02:00:00,180728.5,9760.5,165.8
2025-03-11 03:00:00,180042.5,9208.2,168.0
2025-03-11 04:00:00,183764.5,8663.8,167.0
2025-03-11 05:00:00,190378.5,8219.0,166.0
2025-03-11 06:00:00,200788.5,7432.2,309.2
2025-03-11 07:00:00,211741.5,6944.0,4816.5
2025-03-11 08:00:00,219567.5,6152.0,20466.5
2025-03-11 09:00:00,228907.0,4923.5,36505.8
2025-03-11 10:00:00,234034.8,5166.5,49099.0
2025-03-11 11:00:00,231595.8,6019.2,55503.2
2025-03-11 12:00:00,226026.0,6872.0,57709.0
2025-03-11 13:00:00,218109.5,7151.2,56257.2
2025-03-11 14:00:00,219431.8,6543.2,52305.0
2025-03-11 15:00:00,222242.2,6432.0,44324.0
2025-03-11 16:00:00,219908.0,6742.5,31625.0
2025-03-11 17:00:00,211352.2,6949.8,15784.8
2025-03-11 18:00:00,204312.8,7459.0,3381.8
2025-03-11 19:00:00,207751.0,8059.5,690.0
2025-03-11 20:00:00,199305.2,8397.0,572.8
2025-03-11 21:00:00,192887.8,8425.2,572.8
2025-03-11 22:00:00,191952.0,8033.8,463.8
2025-03-11 23:00:00,189211.2,7428.5,126.8
2025-03-12 00:00:00,186176.2,7175.2,120.5
2025-03-12 01:00:00,183540.2,6448.0,121.5
2025-03-12 02:00:00,180346.0,5178.2,114.0
2025-03-12 03:00:00,179705.2,4439.5,101.0
2025-03-12 04:00:00,182540.5,4216.8,84.8
2025-03-12 05:00:00,188932.5,4379.2,80.5
2025-03-12 06:00:00,199373.8,4085.2,179.5
2025-03-12 07:00:00,209717.5,3792.0,5390.2
2025-03-12 08:00:00,216145.5,2792.8,21891.5
2025-03-12 09:00:00,226807.0,2314.8,37936.2
2025-03-12 10:00:00,232402.2,2281.2,50441.2
2025-03-12 11:00:00,230702.0,2591.0,52284.5
2025-03-12 12:00:00,226218.5,3699.5,59105.0
2025-03-12 13:00:00,218277.8,4522.5,59079.2
2025-03-12 14:00:00,220074.5,4634.8,56708.8
2025-03-12 15:00:00,213194.8,4624.0,47432.5
2025-03-12 16:00:00,211672.2,4834.0,34436.8
2025-03-12 17:00:00,203777.0,5426.8,16607.8
2025-03-12 18:00:00,201434.0,6249.8,3291.8
2025-03-12 19:00:00,207685.2,7275.0,464.2
2025-03-12 20:00:00,200194.0,8397.5,363.2
2025-03-12 21:00:00,194143.5,9087.8,333.5
2025-03-12 22:00:00,192978.5,8840.5,214.5
2025-03-12 23:00:00,190522.2,8532.5,155.2
2025-03-13 00:00:00,187870.0,8028.8,238.5
2025-03-13 01:00:00,185479.2,7717.5,240.5
2025-03-13 02:00:00,181842.2,8025.2,243.0
2025-03-13 03:00:00,181017.5,8425.5,246.0
2025-03-13 04:00:00,184069.0,8078.0,243.2
2025-03-13 05:00:00,190461.0,7711.2,253.8
2025-03-13 06:00:00,200831.2,7587.8,423.2
2025-03-13 07:00:00,210806.8,6914.5,5538.5
2025-03-13 08:00:00,215593.8,5788.5,22755.2
2025-03-13 09:00:00,223590.0,3602.8,41668.2
2025-03-13 10:00:00,229242.2,2431.8,55049.0
2025-03-13 11:00:00,228473.5,3317.8,61767.5
2025-03-13 12:00:00,224169.8,4879.2,63583.2
2025-03-13 13:00:00,217607.0,6821.2,62950.5
2025-03-13 14:00:00,217299.0,7549.0,59220.0
2025-03-13 15:00:00,218296.8,7794.5,49761.0
2025-03-13 16:00:00,216256.5,8005.2,36579.8
2025-03-13 17:00:00,208045.0,8055.2,18715.5
2025-03-13 18:00:00,200313.2,7471.2,3712.8
2025-03-13 19:00:00,201522.0,7463.0,215.2
2025-03-13 20:00:00,193774.5,7970.2,134.0
2025-03-13 21:00:00,188573.0,8651.5,116.2
2025-03-13 22:00:00,188990.8,8924.8,121.5
2025-03-13 23:00:00,186816.0,8668.2,138.0
2025-03-14 00:00:00,184799.5,8202.8,134.2
2025-03-14 01:00:00,182439.5,8162.2,142.5
2025-03-14 02:00:00,179228.5,8497.5,141.5
2025-03-14 03:00:00,177449.5,9035.2,139.8
2025-03-14 04:00:00,179402.2,8641.2,142.5
2025-03-14 05:00:00,184086.5,8270.2,134.2
2025-03-14 06:00:00,188993.2,7838.2,298.5
2025-03-14 07:00:00,193159.5,7398.8,5412.8
2025-03-14 08:00:00,192443.5,6002.2,21832.0
2025-03-14 09:00:00,196715.8,4230.8,37641.2
2025-03-14 10:00:00,198138.2,3726.2,51887.2
2025-03-14 11:00:00,197741.8,4537.0,60021.8
2025-03-14 12:00:00,196235.8,5383.0,61102.5
2025-03-14 13:00:00,192218.8,6111.5,59688.5
2025-03-14 14:00:00,189185.8,6872.8,57173.5
2025-03-14 15:00:00,188498.5,7570.2,48318.0
2025-03-14 16:00:00,187371.2,8166.2,35982.0
2025-03-14 17:00:00,180769.0,7995.5,19972.5
2025-03-14 18:00:00,173498.2,8172.8,5978.0
2025-03-14 19:00:00,174850.8,8999.2,1427.8
2025-03-14 20:00:00,170386.8,9340.0,294.2
2025-03-14 21:00:00,167753.2,9814.5,185.8
2025-03-14 22:00:00,167796.2,9212.2,164.8
2025-03-14 23:00:00,165601.0,8303.5,176.8
2025-03-15 00:00:00,163606.2,7771.8,179.5
2025-03-15 01:00:00,161200.8,7662.0,203.2
2025-03-15 02:00:00,158271.2,8173.5,200.2
2025-03-15 03:00:00,157090.5,7937.0,190.8
2025-03-15 04:00:00,159550.2,7692.0,179.8
2025-03-15 05:00:00,165329.5,7207.8,188.5
2025-03-15 06:00:00,175231.5,6288.5,336.8
2025-03-15 07:00:00,184696.2,5336.2,6262.0
2025-03-15 08:00:00,191820.5,4131.8,24093.8
2025-03-15 09:00:00,201062.8,2863.5,40625.2
2025-03-15 10:00:00,207681.8,2707.2,53231.8
2025-03-15 11:00:00,208538.0,2632.2,61715.5
2025-03-15 12:00:00,205402.2,2943.8,63579.2
2025-03-15 13:00:00,201219.0,1746.5,31498.8
2025-03-15 14:00:00,204057.2,4200.5,59783.0
2025-03-15 15:00:00,204013.2,5000.2,50823.5
2025-03-15 16:00:00,200596.8,5716.0,36441.5
2025-03-15 17:00:00,195845.2,6025.2,18614.8
2025-03-15 18:00:00,193223.0,6131.5,3770.2
2025-03-15 19:00:00,198353.0,7016.8,274.8
2025-03-15 20:00:00,193087.8,8207.8,137.5
2025-03-15 21:00:00,188441.2,9022.8,177.2
2025-03-15 22:00:00,188458.2,9102.8,140.8
2025-03-15 23:00:00,187146.5,8479.2,197.8
2025-03-16 00:00:00,184459.2,7857.2,177.2
2025-03-16 01:00:00,181587.5,7165.8,157.5
2025-03-16 02:00:00,178273.8,7260.2,101.2
2025-03-16 03:00:00,176820.8,7411.2,107.5
2025-03-16 04:00:00,179454.5,7147.2,103.2
2025-03-16 05:00:00,183527.2,6835.0,84.5
2025-03-16 06:00:00,188061.2,6713.8,199.2
2025-03-16 07:00:00,193501.2,5779.2,6276.2
2025-03-16 08:00:00,198182.0,4252.0,25014.2
2025-03-16 09:00:00,205726.8,2624.5,43268.5
2025-03-16 10:00:00,208640.2,2792.8,55192.8
2025-03-16 11:00:00,207733.0,2807.8,60855.2
2025-03-16 12:00:00,204448.8,2978.8,62551.5
2025-03-16 13:00:00,199891.0,3239.0,60746.5
2025-03-16 14:00:00,199747.5,3697.0,54476.2
2025-03-16 15:00:00,200550.5,4209.8,45386.8
2025-03-16 16:00:00,199554.8,4797.0,33562.2
2025-03-16 17:00:00,193985.5,5274.0,18200.5
2025-03-16 18:00:00,190359.0,5384.5,3889.8
2025-03-16 19:00:00,194559.8,6513.5,152.5
2025-03-16 20:00:00,189666.8,8353.0,33.5
2025-03-16 21:00:00,186734.2,9217.5,44.5
2025-03-16 22:00:00,187131.2,9216.2,7.8
2025-03-16 23:00:00,184873.5,9246.0,4.5
2025-03-17 00:00:00,183575.2,8335.2,17.8
2025-03-17 01:00:00,180938.2,8055.0,77.8
2025-03-17 02:00:00,177911.8,8113.5,92.2
2025-03-17 03:00:00,176386.8,7652.2,37.2
2025-03-17 04:00:00,179127.2,7510.0,7.5
2025-03-17 05:00:00,185109.5,7050.2,11.8
2025-03-17 06:00:00,194264.5,6537.5,188.8
2025-03-17 07:00:00,203197.8,6141.8,6747.0
2025-03-17 08:00:00,207619.2,4504.8,26462.5
2025-03-17 09:00:00,216521.5,2670.8,44955.2
2025-03-17 10:00:00,221578.0,1690.2,57342.0
2025-03-17 11:00:00,222048.8,1307.0,62398.8
2025-03-17 12:00:00,219090.0,912.2,54615.0
2025-03-17 13:00:00,212364.5,1697.2,63195.0
2025-03-17 14:00:00,213600.8,1987.5,60534.5
2025-03-17 15:00:00,214385.8,2341.8,52333.8
2025-03-17 16:00:00,212829.5,2579.0,37776.5
2025-03-17 17:00:00,206629.8,2888.5,19141.2
2025-03-17 18:00:00,204105.2,3567.8,3438.2
2025-03-17 19:00:00,208302.0,4321.2,245.8
2025-03-17 20:00:00,201041.2,4879.0,230.5
2025-03-17 21:00:00,196543.2,5451.5,211.2
2025-03-17 22:00:00,196260.8,5905.5,205.2
2025-03-17 23:00:00,194017.5,6575.5,216.2
2025-03-18 00:00:00,190867.2,6959.2,218.0
2025-03-18 01:00:00,187571.0,7489.2,219.5
2025-03-18 02:00:00,184019.8,7463.2,213.0
2025-03-18 03:00:00,182603.8,7459.5,161.8
2025-03-18 04:00:00,185208.2,7557.0,140.2
2025-03-18 05:00:00,190640.2,7397.0,139.8
2025-03-18 06:00:00,199446.0,7173.5,314.2
2025-03-18 07:00:00,207216.5,6890.2,6635.5
2025-03-18 08:00:00,210749.0,5699.0,27126.0
2025-03-18 09:00:00,219105.2,3379.2,46032.2
2025-03-18 10:00:00,222290.5,2915.0,56995.8
2025-03-18 11:00:00,221544.0,2224.5,62430.8
2025-03-18 12:00:00,216311.0,1554.5,63604.5
2025-03-18 13:00:00,210067.2,1460.0,63483.2
2025-03-18 14:00:00,211952.8,1920.8,60943.2
2025-03-18 15:00:00,212277.2,2449.8,50478.2
2025-03-18 16:00:00,214778.0,3461.8,39984.8
2025-03-18 17:00:00,210210.8,4644.8,21087.8
2025-03-18 18:00:00,207312.0,5570.5,4061.0
2025-03-18 19:00:00,210063.8,6441.2,150.5
2025-03-18 20:00:00,203254.2,8069.8,131.2
2025-03-18 21:00:00,197946.8,9389.8,234.0
2025-03-18 22:00:00,197704.0,10135.5,215.0
2025-03-18 23:00:00,195176.0,10073.2,207.0
2025-03-19 00:00:00,192110.0,9782.8,210.0
2025-03-19 01:00:00,189132.5,9251.5,193.8
2025-03-19 02:00:00,185769.5,9214.5,191.8
2025-03-19 03:00:00,184091.8,9141.0,182.0
2025-03-19 04:00:00,186416.8,9073.0,191.0
2025-03-19 05:00:00,191852.5,8289.8,186.2
2025-03-19 06:00:00,200568.2,7326.8,437.5
2025-03-19 07:00:00,208888.0,6478.2,7099.8
2025-03-19 08:00:00,213575.0,4637.8,26645.0
2025-03-19 09:00:00,222169.5,2903.0,45114.0
2025-03-19 10:00:00,226021.8,3013.0,56451.0
2025-03-19 11:00:00,224117.2,2960.5,61897.2
2025-03-19 12:00:00,220273.0,2572.8,63328.5
2025-03-19 13:00:00,213701.0,2534.5,62829.2
2025-03-19 14:00:00,216006.0,3096.5,59696.5
2025-03-19 15:00:00,218830.8,3834.0,51329.0
2025-03-19 16:00:00,218613.0,4279.2,37561.2
2025-03-19 17:00:00,212843.8,4915.5,19199.0
2025-03-19 18:00:00,206816.2,5637.8,3423.8
2025-03-19 19:00:00,210496.8,6363.5,301.2
2025-03-19 20:00:00,203665.0,7823.2,266.5
2025-03-19 21:00:00,199061.5,8915.0,262.0
2025-03-19 22:00:00,199081.0,9058.0,256.0
2025-03-19 23:00:00,196248.8,9177.2,254.5
2025-03-20 00:00:00,192711.8,8953.5,253.8
2025-03-20 01:00:00,189853.5,8423.8,253.8
2025-03-20 02:00:00,186174.0,7431.8,243.8
2025-03-20 03:00:00,184960.2,7211.2,242.8
2025-03-20 04:00:00,187621.2,7121.0,247.8
2025-03-20 05:00:00,193074.2,6573.8,239.5
2025-03-20 06:00:00,200740.5,5908.8,476.8
2025-03-20 07:00:00,206731.8,5018.5,6497.0
2025-03-20 08:00:00,210760.5,4098.8,23778.0
2025-03-20 09:00:00,220393.2,3746.5,41346.2
2025-03-20 10:00:00,224952.0,3654.0,53767.0
2025-03-20 11:00:00,223404.0,3636.0,59256.8
2025-03-20 12:00:00,219678.5,3299.0,61949.8
2025-03-20 13:00:00,212772.2,3197.8,60970.2
2025-03-20 14:00:00,214247.8,3670.0,56931.5
2025-03-20 15:00:00,216505.5,4397.0,47601.5
2025-03-20 16:00:00,216192.0,4872.5,34000.0
2025-03-20 17:00:00,211002.8,5244.0,17030.0
2025-03-20 18:00:00,205460.0,5846.5,3161.8
2025-03-20 19:00:00,207704.0,7006.5,345.8
2025-03-20 20:00:00,200703.2,8825.2,341.8
2025-03-20 21:00:00,196179.2,10954.8,348.2
2025-03-20 22:00:00,196429.8,11432.5,318.2
2025-03-20 23:00:00,193826.5,10687.2,295.2
2025-03-21 00:00:00,190170.8,9859.5,311.0
2025-03-21 01:00:00,187683.5,8725.2,307.8
2025-03-21 02:00:00,184195.8,8049.2,299.8
2025-03-21 03:00:00,183147.2,7560.5,290.2
2025-03-21 04:00:00,185650.2,7737.0,290.2
2025-03-21 05:00:00,191467.8,7239.8,291.8
2025-03-21 06:00:00,199685.2,6770.5,527.8
2025-03-21 07:00:00,207117.2,6143.5,6983.2
2025-03-21 08:00:00,211245.5,4913.8,26184.0
2025-03-21 09:00:00,221902.8,3648.8,43904.5
2025-03-21 10:00:00,225291.8,2507.0,56109.8
2025-03-21 11:00:00,223590.8,2002.5,61151.8
2025-03-21 12:00:00,221240.8,2561.5,62826.0
2025-03-21 13:00:00,212766.2,3349.5,61747.2
2025-03-21 14:00:00,213164.2,3298.5,57968.2
2025-03-21 15:00:00,214658.0,3274.5,49980.8
2025-03-21 16:00:00,212048.8,3213.5,36768.0
2025-03-21 17:00:00,206314.8,3081.2,18910.5
2025-03-21 18:00:00,202019.2,2984.2,3682.8
2025-03-21 19:00:00,206257.8,3771.0,324.8
2025-03-21 20:00:00,197745.2,5561.2,206.2
2025-03-21 21:00:00,192342.8,7208.2,134.5
2025-03-21 22:00:00,191395.2,7960.0,99.2
2025-03-21 23:00:00,188532.0,8151.2,108.2
2025-03-22 00:00:00,184566.5,8041.2,137.5
2025-03-22 01:00:00,180896.0,7544.0,139.2
2025-03-22 02:00:00,177649.5,6846.2,106.8
2025-03-22 03:00:00,176132.8,6375.0,96.8
2025-03-22 04:00:00,178621.8,6364.2,101.8
2025-03-22 05:00:00,183499.5,6413.2,100.8
2025-03-22 06:00:00,191612.0,6213.0,362.0
2025-03-22 07:00:00,199468.8,5436.0,7538.8
2025-03-22 08:00:00,204108.0,4071.2,27238.0
2025-03-22 09:00:00,213892.0,2521.5,44946.8
2025-03-22 10:00:00,217377.2,2551.8,56580.0
2025-03-22 11:00:00,215421.0,2659.8,61333.5
2025-03-22 12:00:00,210589.8,2363.8,61318.8
2025-03-22 13:00:00,203641.2,2117.0,59132.0
2025-03-22 14:00:00,204112.2,2240.8,56202.5
2025-03-22 15:00:00,204564.5,2447.8,48962.8
2025-03-22 16:00:00,203749.8,2907.0,36349.8
2025-03-22 17:00:00,199216.0,3882.0,20044.2
2025-03-22 18:00:00,196995.5,5142.0,4114.8
2025-03-22 19:00:00,201750.0,5705.0,634.5
2025-03-22 20:00:00,194802.8,5972.2,517.5
2025-03-22 21:00:00,190250.2,6221.0,513.8
2025-03-22 22:00:00,189713.8,6317.0,492.2
2025-03-22 23:00:00,187006.8,6291.0,484.0
2025-03-23 00:00:00,183259.2,6331.8,489.8
2025-03-23 01:00:00,179743.2,5814.2,469.8
2025-03-23 02:00:00,176210.2,4949.0,467.0
2025-03-23 03:00:00,174807.5,5126.2,474.0
2025-03-23 04:00:00,176833.0,4961.2,477.5
2025-03-23 05:00:00,180700.2,4887.5,481.0
2025-03-23 06:00:00,186483.2,4629.8,709.0
2025-03-23 07:00:00,191944.0,4148.5,7992.5
2025-03-23 08:00:00,195119.8,3053.8,27710.5
2025-03-23 09:00:00,202009.0,1883.2,45137.5
2025-03-23 10:00:00,203462.8,1698.8,56299.0
2025-03-23 11:00:00,201789.2,1636.5,61372.0
2025-03-23 12:00:00,198910.8,1646.0,62104.2
2025-03-23 13:00:00,195026.5,1664.8,61812.8
2025-03-23 14:00:00,194616.0,1816.8,58596.2
2025-03-23 15:00:00,195388.5,2197.2,50639.0
2025-03-23 16:00:00,193425.8,2845.8,37471.2
2025-03-23 17:00:00,187148.0,3644.2,19259.8
2025-03-23 18:00:00,187815.5,4531.2,3972.8
2025-03-23 19:00:00,195778.8,5164.2,581.0
2025-03-23 20:00:00,190457.0,6425.0,485.5
2025-03-23 21:00:00,186492.8,7413.2,473.2
2025-03-23 22:00:00,186207.0,7997.5,458.8
2025-03-23 23:00:00,183568.0,7917.2,151.2
2025-03-24 00:00:00,180165.8,7926.8,144.2
2025-03-24 01:00:00,177059.8,7244.2,134.8
2025-03-24 02:00:00,173831.5,6656.0,137.5
2025-03-24 03:00:00,172524.8,6991.5,145.2
2025-03-24 04:00:00,175036.2,7205.5,145.5
2025-03-24 05:00:00,181620.2,7184.0,140.5
2025-03-24 06:00:00,191959.2,7031.8,418.8
2025-03-24 07:00:00,200943.2,6610.2,7870.8
2025-03-24 08:00:00,206022.5,5583.5,27574.2
2025-03-24 09:00:00,215582.8,3536.2,45205.5
2025-03-24 10:00:00,219440.2,2810.5,57250.2
2025-03-24 11:00:00,217851.8,2416.0,62626.5
2025-03-24 12:00:00,213280.5,1811.8,63653.8
2025-03-24 13:00:00,208295.8,1688.5,62477.2
2025-03-24 14:00:00,209221.8,1963.0,59503.0
2025-03-24 15:00:00,210786.8,2311.8,51551.0
2025-03-24 16:00:00,211812.8,3107.2,37956.0
2025-03-24 17:00:00,209778.2,4286.0,20215.8
2025-03-24 18:00:00,206146.0,4975.8,4781.5
2025-03-24 19:00:00,209922.0,5135.8,1272.2
2025-03-24 20:00:00,203463.5,6099.2,353.8
2025-03-24 21:00:00,199165.5,7622.5,164.0
2025-03-24 22:00:00,198378.8,8624.2,180.5
2025-03-24 23:00:00,194735.8,8466.5,200.5
2025-03-25 00:00:00,190452.8,7802.0,188.8
2025-03-25 01:00:00,186805.0,7507.2,195.2
2025-03-25 02:00:00,183134.5,7434.5,183.0
2025-03-25 03:00:00,181227.8,7229.0,161.8
2025-03-25 04:00:00,183707.5,7014.8,168.5
2025-03-25 05:00:00,189508.2,7105.0,165.5
2025-03-25 06:00:00,198475.2,6593.8,431.0
2025-03-25 07:00:00,205883.2,5794.5,7858.2
2025-03-25 08:00:00,210485.0,4531.5,27713.8
2025-03-25 09:00:00,218577.0,2635.8,45023.5
2025-03-25 10:00:00,221116.2,2381.8,56843.2
2025-03-25 11:00:00,219134.2,2325.5,62724.2
2025-03-25 12:00:00,214756.5,2663.2,63878.5
2025-03-25 13:00:00,208948.2,3804.0,63121.5
2025-03-25 14:00:00,210566.8,5113.5,59466.8
2025-03-25 15:00:00,212890.5,5970.0,50870.8
2025-03-25 16:00:00,213718.5,6740.0,37018.0
2025-03-25 17:00:00,209174.8,7522.0,19156.2
2025-03-25 18:00:00,206276.8,8135.0,3884.0
2025-03-25 19:00:00,210561.8,8268.8,253.8
2025-03-25 20:00:00,204044.5,8262.5,211.2
2025-03-25 21:00:00,198904.0,7933.0,218.2
2025-03-25 22:00:00,198393.8,8145.2,175.8
2025-03-25 23:00:00,195777.0,8250.0,180.0
2025-03-26 00:00:00,192306.2,8334.0,179.2
2025-03-26 01:00:00,188576.0,7999.5,175.2
2025-03-26 02:00:00,184587.2,7636.5,167.2
2025-03-26 03:00:00,182814.0,7197.2,160.5
2025-03-26 04:00:00,183969.2,6448.2,162.2
2025-03-26 05:00:00,188993.8,5994.2,167.8
2025-03-26 06:00:00,197523.5,5550.8,482.5
2025-03-26 07:00:00,204692.8,5273.2,8368.8
2025-03-26 08:00:00,209653.5,3915.5,27963.8
2025-03-26 09:00:00,219466.0,2625.0,45930.2
2025-03-26 10:00:00,223005.0,2245.5,57600.8
2025-03-26 11:00:00,221373.5,2539.2,62874.2
2025-03-26 12:00:00,217978.0,3307.8,63884.5
2025-03-26 13:00:00,211269.0,4614.5,62826.2
2025-03-26 14:00:00,212501.0,5546.8,59016.8
2025-03-26 15:00:00,214029.2,6713.5,50525.0
2025-03-26 16:00:00,214124.5,7807.8,36293.0
2025-03-26 17:00:00,209207.8,8950.8,18700.5
2025-03-26 18:00:00,205875.5,9160.8,4203.2
2025-03-26 19:00:00,211093.8,10337.2,912.5
2025-03-26 20:00:00,205323.0,10559.5,663.8
2025-03-26 21:00:00,201118.8,10079.0,533.8
2025-03-26 22:00:00,201583.2,9430.0,509.2
2025-03-26 23:00:00,198785.8,9377.5,503.8
2025-03-27 00:00:00,195069.0,8776.8,510.8
2025-03-27 01:00:00,191059.5,8260.5,518.0
2025-03-27 02:00:00,187427.8,7958.2,514.0
2025-03-27 03:00:00,185557.2,7804.5,498.2
2025-03-27 04:00:00,187587.8,7995.5,498.0
2025-03-27 05:00:00,192052.2,8203.8,498.2
2025-03-27 06:00:00,200025.8,7741.0,1062.2
2025-03-27 07:00:00,204864.8,7071.8,8961.5
2025-03-27 08:00:00,210589.5,4786.5,29028.8
2025-03-27 09:00:00,219274.5,4364.2,46849.8
2025-03-27 10:00:00,223558.2,3892.8,58470.8
2025-03-27 11:00:00,221848.2,3535.5,63604.5
2025-03-27 12:00:00,217989.8,3231.5,64361.0
2025-03-27 13:00:00,211153.5,3341.5,63075.8
2025-03-27 14:00:00,212861.0,4005.8,60024.8
2025-03-27 15:00:00,215603.5,4548.2,51934.2
2025-03-27 16:00:00,216001.8,5072.2,37766.2
2025-03-27 17:00:00,211042.2,5235.2,24703.5
2025-03-27 18:00:00,208595.8,6035.2,4045.0
2025-03-27 19:00:00,213389.8,6860.8,374.0
2025-03-27 20:00:00,208413.0,7529.2,257.2
2025-03-27 21:00:00,204524.2,7639.0,212.2
2025-03-27 22:00:00,204889.8,7608.2,130.5
2025-03-27 23:00:00,202484.0,7743.2,160.8
2025-03-28 00:00:00,198533.2,7742.0,172.8
2025-03-28 01:00:00,194957.2,8635.0,153.0
2025-03-28 02:00:00,190789.8,9292.8,160.5
2025-03-28 03:00:00,188939.8,10018.0,162.0
2025-03-28 04:00:00,190707.8,9635.2,164.8
2025-03-28 05:00:00,195163.8,9244.5,160.2
2025-03-28 06:00:00,202445.5,8971.2,540.8
2025-03-28 07:00:00,208012.5,7921.0,9059.8
2025-03-28 08:00:00,210324.0,5760.0,29503.5
2025-03-28 09:00:00,217579.0,4844.8,47738.0
2025-03-28 10:00:00,220187.0,5714.0,59398.5
2025-03-28 11:00:00,217276.0,4813.2,63030.2
2025-03-28 12:00:00,213608.5,3038.2,59250.2
2025-03-28 13:00:00,208415.5,2844.5,62889.2
2025-03-28 14:00:00,210453.8,2731.8,59649.0
2025-03-28 15:00:00,215246.0,3128.5,52628.8
2025-03-28 16:00:00,215333.0,3586.2,39295.5
2025-03-28 17:00:00,211121.2,3920.0,21238.5
2025-03-28 18:00:00,209361.8,4103.2,4406.5
2025-03-28 19:00:00,213253.5,5112.8,173.8
2025-03-28 20:00:00,209460.2,6210.8,147.2
2025-03-28 21:00:00,205380.0,6890.2,128.0
2025-03-28 22:00:00,205505.2,7195.8,123.8
2025-03-28 23:00:00,202711.0,7659.2,134.8
2025-03-29 00:00:00,198226.0,8889.5,132.0
2025-03-29 01:00:00,194291.2,9900.2,109.8
2025-03-29 02:00:00,190185.0,10556.0,107.2
2025-03-29 03:00:00,187570.2,10936.2,103.5
2025-03-29 04:00:00,188979.5,11130.5,97.8
2025-03-29 05:00:00,193586.2,11424.8,101.8
2025-03-29 06:00:00,199537.0,11629.5,504.8
2025-03-29 07:00:00,203571.5,11732.0,8394.5
2025-03-29 08:00:00,205276.8,9395.5,26610.8
2025-03-29 09:00:00,212852.0,6838.2,45820.0
2025-03-29 10:00:00,214402.0,6996.2,55196.8
2025-03-29 11:00:00,212844.2,6050.8,60549.2
2025-03-29 12:00:00,208811.2,4528.5,63236.2
2025-03-29 13:00:00,203509.8,3679.8,62933.8
2025-03-29 14:00:00,206973.2,3633.0,59591.8
2025-03-29 15:00:00,211348.2,3981.5,51473.5
2025-03-29 16:00:00,210751.2,4066.2,38852.5
2025-03-29 17:00:00,205728.8,4390.5,20944.8
2025-03-29 18:00:00,203673.0,4704.2,4855.5
2025-03-29 19:00:00,210013.0,5801.0,429.2
2025-03-29 20:00:00,205553.0,7039.5,353.0
2025-03-29 21:00:00,201272.5,7524.8,334.2
2025-03-29 22:00:00,201556.5,7261.2,320.0
2025-03-29 23:00:00,199193.5,7076.2,170.0
2025-03-30 00:00:00,195117.8,7122.5,120.5
2025-03-30 01:00:00,191577.5,7233.5,129.8
2025-03-30 02:00:00,187514.8,7117.2,117.0
2025-03-30 03:00:00,185617.2,6584.0,116.5
2025-03-30 04:00:00,187842.2,6076.5,119.0
2025-03-30 05:00:00,191678.8,6106.0,117.8
2025-03-30 06:00:00,197132.8,6306.5,555.0
2025-03-30 07:00:00,200677.0,6136.0,9733.2
2025-03-30 08:00:00,202448.5,4641.2,30620.2
2025-03-30 09:00:00,207469.2,2522.8,48123.2
2025-03-30 10:00:00,207779.0,2280.8,59352.0
2025-03-30 11:00:00,203859.8,2275.8,63835.8
2025-03-30 12:00:00,198663.0,2197.2,64377.2
2025-03-30 13:00:00,195281.0,2262.5,63369.0
2025-03-30 14:00:00,196376.8,2530.5,60110.0
2025-03-30 15:00:00,199502.5,2829.2,52404.5
2025-03-30 16:00:00,199039.2,3548.2,39000.0
2025-03-30 17:00:00,191656.2,3752.0,21004.0
2025-03-30 18:00:00,189694.0,3939.2,4560.0
2025-03-30 19:00:00,198373.8,4666.2,251.0
2025-03-30 20:00:00,194868.8,5187.2,211.0
2025-03-30 21:00:00,192537.8,6127.0,185.8
2025-03-30 22:00:00,193687.5,6746.0,172.0
2025-03-30 23:00:00,192442.8,7556.0,167.5
2025-03-31 00:00:00,189488.5,7431.8,151.5
2025-03-31 01:00:00,185720.5,7146.2,152.2
2025-03-31 02:00:00,181652.5,7562.0,148.2
2025-03-31 03:00:00,179427.5,7678.0,150.0
2025-03-31 04:00:00,181517.8,7829.8,166.2
2025-03-31 05:00:00,189177.5,7794.5,157.8
2025-03-31 06:00:00,199059.5,7566.2,576.0
2025-03-31 07:00:00,205592.0,7169.2,9231.0
2025-03-31 08:00:00,206654.8,5372.5,29294.5
2025-03-31 09:00:00,213382.0,3305.0,46196.2
2025-03-31 10:00:00,213724.8,3186.0,57028.5
2025-03-31 11:00:00,210841.5,3011.5,61587.8
2025-03-31 12:00:00,206882.0,2578.2,63060.2
2025-03-31 13:00:00,201776.0,2464.0,61216.0
2025-03-31 14:00:00,205153.8,2543.5,58109.0
2025-03-31 15:00:00,209343.0,2874.8,50348.2
2025-03-31 16:00:00,208545.2,3083.5,37255.5
2025-03-31 17:00:00,202522.0,3721.0,20000.8
2025-03-31 18:00:00,198732.5,4606.0,4409.8
2025-03-31 19:00:00,204356.8,5824.0,224.0
2025-03-31 20:00:00,198493.8,7007.2,168.8
2025-03-31 21:00:00,194998.5,7702.5,173.5
2025-03-31 22:00:00,195650.8,8032.2,159.0
2025-03-31 23:00:00,194630.8,7749.5,150.2
2025-04-01 00:00:00,191368.0,7376.0,125.0
2025-04-01 01:00:00,,,
2025-04-01 02:00:00,,,
2025-04-01 03:00:00,,,
2025-04-01 04:00:00,,,
2025-04-01 05:00:00,,,
2025-04-01 06:00:00,,,
2025-04-01 07:00:00,,,
2025-04-01 08:00:00,,,
2025-04-01 09:00:00,,,
2025-04-01 10:00:00,,,
2025-04-01 11:00:00,,,
2025-04-01 12:00:00,,,
2025-04-01 13:00:00,,,
2025-04-01 14:00:00,,,
2025-04-01 15:00:00,,,
2025-04-01 16:00:00,,,
2025-04-01 17:00:00,,,
2025-04-01 18:00:00,,,
2025-04-01 19:00:00,,,
2025-04-01 20:00:00,,,
2025-04-01 21:00:00,,,
2025-04-01 22:00:00,,,
2025-04-01 23:00:00,,,
2025-04-02 00:00:00,191056.0,7717.8,206.0
2025-04-02 01:00:00,186070.8,7557.2,216.0
2025-04-02 02:00:00,181530.2,7470.0,223.2
2025-04-02 03:00:00,178783.2,7529.0,207.5
2025-04-02 04:00:00,179771.8,7216.2,200.0
2025-04-02 05:00:00,185175.8,6736.8,190.0
2025-04-02 06:00:00,193745.5,6649.8,963.8
2025-04-02 07:00:00,198444.2,6761.8,8715.8
2025-04-02 08:00:00,202177.5,6671.5,26476.5
2025-04-02 09:00:00,209225.8,5336.8,42626.8
2025-04-02 10:00:00,213578.5,3985.5,55939.8
2025-04-02 11:00:00,210717.5,3135.0,60116.8
2025-04-02 12:00:00,207302.2,2556.2,60317.8
2025-04-02 13:00:00,201860.0,2300.2,59457.2
2025-04-02 14:00:00,204584.0,2417.0,56465.2
2025-04-02 15:00:00,209521.5,2968.8,48727.8
2025-04-02 16:00:00,208709.5,3822.5,35680.8
2025-04-02 17:00:00,203621.2,4486.5,19051.0
2025-04-02 18:00:00,199372.0,4698.5,4185.0
2025-04-02 19:00:00,206558.0,4638.8,248.5
2025-04-02 20:00:00,202010.0,5425.8,212.5
2025-04-02 21:00:00,197526.0,5807.5,171.2
2025-04-02 22:00:00,198024.8,6290.0,158.8
2025-04-02 23:00:00,195457.0,6380.2,156.5
2025-04-03 00:00:00,191168.0,6548.8,146.8
2025-04-03 01:00:00,186691.2,5991.8,146.8
2025-04-03 02:00:00,182882.8,4828.8,149.0
2025-04-03 03:00:00,180880.2,4214.5,134.5
2025-04-03 04:00:00,181285.2,4043.5,141.5
2025-04-03 05:00:00,186658.5,4317.0,146.2
2025-04-03 06:00:00,195275.5,4544.8,576.8
2025-04-03 07:00:00,199537.2,4486.0,8658.0
2025-04-03 08:00:00,202136.5,3071.5,27052.5
2025-04-03 09:00:00,210880.2,1684.0,43273.5
2025-04-03 10:00:00,212588.5,1530.8,54039.8
2025-04-03 11:00:00,209882.0,1487.5,58272.8
2025-04-03 12:00:00,205423.8,1803.8,58415.2
2025-04-03 13:00:00,200518.8,1764.5,57142.8
2025-04-03 14:00:00,202849.8,3240.5,53319.2
2025-04-03 15:00:00,202437.8,5118.8,44846.5
2025-04-03 16:00:00,198944.5,6184.5,32832.5
2025-04-03 17:00:00,193466.5,7579.5,18208.0
2025-04-03 18:00:00,192488.2,7273.5,4100.0
2025-04-03 19:00:00,201521.5,7499.5,280.0
2025-04-03 20:00:00,196220.0,7889.5,244.8
2025-04-03 21:00:00,192365.2,7332.5,166.8
2025-04-03 22:00:00,192427.5,7463.8,160.5
2025-04-03 23:00:00,189450.8,7743.5,190.0
2025-04-04 00:00:00,183930.8,7413.5,182.5
2025-04-04 01:00:00,179264.5,6585.5,164.0
2025-04-04 02:00:00,175748.2,6019.8,158.5
2025-04-04 03:00:00,173249.0,5896.2,154.8
2025-04-04 04:00:00,174513.0,6067.2,151.8
2025-04-04 05:00:00,179802.5,6156.5,156.2
2025-04-04 06:00:00,188988.5,5448.5,531.5
2025-04-04 07:00:00,192542.0,4581.8,8480.2
2025-04-04 08:00:00,193165.2,2969.0,27631.0
2025-04-04 09:00:00,200918.2,2152.0,45137.0
2025-04-04 10:00:00,204692.5,1648.8,57107.2
2025-04-04 11:00:00,203386.2,1412.0,62485.5
2025-04-04 12:00:00,200360.2,1226.0,62980.0
2025-04-04 13:00:00,196062.0,1646.8,61449.0
2025-04-04 14:00:00,199040.0,3111.5,57154.2
2025-04-04 15:00:00,203370.0,4241.5,48963.0
2025-04-04 16:00:00,202810.0,4997.8,36484.5
2025-04-04 17:00:00,200614.2,4887.0,19172.8
2025-04-04 18:00:00,200533.5,4420.0,5543.0
2025-04-04 19:00:00,209082.0,4538.2,1844.8
2025-04-04 20:00:00,204898.0,4874.8,1824.0
2025-04-04 21:00:00,199547.8,5499.8,1809.0
2025-04-04 22:00:00,199619.2,5531.0,1797.2
2025-04-04 23:00:00,196331.2,5252.0,964.2
2025-04-05 00:00:00,191874.2,5389.5,127.2
2025-04-05 01:00:00,186667.5,5613.5,121.5
2025-04-05 02:00:00,182240.0,5695.5,121.2
2025-04-05 03:00:00,180147.2,5387.2,120.8
2025-04-05 04:00:00,181016.0,5027.2,120.5
2025-04-05 05:00:00,186152.2,4886.5,117.2
2025-04-05 06:00:00,192503.0,4887.5,687.5
2025-04-05 07:00:00,194952.8,4339.8,9849.8
2025-04-05 08:00:00,196471.8,3225.5,28589.0
2025-04-05 09:00:00,204327.0,2121.8,44510.5
2025-04-05 10:00:00,206570.5,2035.2,54881.8
2025-04-05 11:00:00,203889.2,2144.5,59983.5
2025-04-05 12:00:00,199365.0,2564.2,61976.5
2025-04-05 13:00:00,195130.5,3356.2,62040.2
2025-04-05 14:00:00,197831.0,4101.5,57561.5
2025-04-05 15:00:00,202165.0,5157.0,49516.8
2025-04-05 16:00:00,203105.5,6153.8,37723.2
2025-04-05 17:00:00,202199.5,6414.2,22298.5
2025-04-05 18:00:00,201670.0,5659.5,7759.2
2025-04-05 19:00:00,210191.8,5494.5,1750.0
2025-04-05 20:00:00,204983.0,6083.8,561.8
2025-04-05 21:00:00,200724.2,7261.5,412.5
2025-04-05 22:00:00,200790.2,8164.5,387.5
2025-04-05 23:00:00,200068.0,9332.5,380.5
2025-04-06 00:00:00,196277.0,10618.5,398.5
2025-04-06 01:00:00,191475.5,11842.5,434.8
2025-04-06 02:00:00,186677.5,11097.0,436.5
2025-04-06 03:00:00,184258.2,10753.8,435.8
2025-04-06 04:00:00,184523.5,10879.2,418.2
2025-04-06 05:00:00,188341.2,10126.2,389.0
2025-04-06 06:00:00,192908.5,9327.8,856.0
2025-04-06 07:00:00,193034.0,8328.2,10089.8
2025-04-06 08:00:00,192311.5,5998.8,29538.2
2025-04-06 09:00:00,197433.8,4251.8,46205.8
2025-04-06 10:00:00,198362.2,4731.2,57093.0
2025-04-06 11:00:00,195542.8,4911.8,61259.5
2025-04-06 12:00:00,192302.2,5211.0,61443.0
2025-04-06 13:00:00,188602.5,6091.8,59888.0
2025-04-06 14:00:00,188627.0,6951.0,56228.2
2025-04-06 15:00:00,191401.0,8113.5,48072.2
2025-04-06 16:00:00,189578.5,9164.0,35960.5
2025-04-06 17:00:00,183960.5,9186.2,19319.5
2025-04-06 18:00:00,185843.8,8547.8,4332.0
2025-04-06 19:00:00,197181.0,8652.2,248.2
2025-04-06 20:00:00,195556.5,9384.2,112.2
2025-04-06 21:00:00,195202.2,9403.0,104.5
2025-04-06 22:00:00,197906.5,10667.5,87.0
2025-04-06 23:00:00,196902.0,12561.8,93.2
2025-04-07 00:00:00,193091.8,14749.5,85.8
2025-04-07 01:00:00,187611.5,15470.5,96.2
2025-04-07 02:00:00,182924.8,14904.8,104.2
2025-04-07 03:00:00,180043.2,13854.2,81.5
2025-04-07 04:00:00,181123.5,12871.8,78.0
2025-04-07 05:00:00,186908.2,11965.2,77.0
2025-04-07 06:00:00,195365.0,10542.8,722.8
2025-04-07 07:00:00,196873.5,9049.5,10407.2
2025-04-07 08:00:00,198043.2,6087.0,30276.5
2025-04-07 09:00:00,207184.8,3943.0,47557.5
2025-04-07 10:00:00,211412.5,4322.2,58298.5
2025-04-07 11:00:00,209841.2,5155.8,61943.8
2025-04-07 12:00:00,206994.2,4851.2,62135.2
2025-04-07 13:00:00,203072.2,4906.0,58791.0
2025-04-07 14:00:00,208077.0,5460.5,55097.8
2025-04-07 15:00:00,213381.5,5621.0,49431.8
2025-04-07 16:00:00,215102.2,6150.5,36921.0
2025-04-07 17:00:00,211210.5,6322.8,19080.2
2025-04-07 18:00:00,209200.2,6154.0,4402.0
2025-04-07 19:00:00,214956.0,6957.2,406.0
2025-04-07 20:00:00,211374.0,8550.8,178.2
2025-04-07 21:00:00,209595.2,9793.8,107.8
2025-04-07 22:00:00,211787.2,11123.5,85.2
2025-04-07 23:00:00,210877.8,11910.8,87.8
2025-04-08 00:00:00,206185.0,11802.5,90.8
2025-04-08 01:00:00,199887.8,11258.5,75.5
2025-04-08 02:00:00,194701.2,10741.5,59.2
2025-04-08 03:00:00,191659.0,9874.5,63.2
2025-04-08 04:00:00,191591.5,9209.5,59.2
2025-04-08 05:00:00,196745.0,8496.8,61.0
2025-04-08 06:00:00,203752.5,7935.5,874.5
2025-04-08 07:00:00,203563.0,6938.2,10268.5
2025-04-08 08:00:00,203870.2,5222.0,28596.2
2025-04-08 09:00:00,212102.0,3424.5,45583.2
2025-04-08 10:00:00,214745.2,3148.2,56201.2
2025-04-08 11:00:00,212511.0,3306.8,60268.5
2025-04-08 12:00:00,210249.5,3589.2,63222.0
2025-04-08 13:00:00,207103.8,3179.2,56833.5
2025-04-08 14:00:00,213572.0,2940.0,47727.8
2025-04-08 15:00:00,220855.0,4522.2,50063.0
2025-04-08 16:00:00,220845.8,5183.5,35954.0
2025-04-08 17:00:00,215404.0,5942.8,19056.8
2025-04-08 18:00:00,211325.5,6935.5,4150.0
2025-04-08 19:00:00,215878.5,7614.2,337.8
2025-04-08 20:00:00,213001.2,9066.8,345.5
2025-04-08 21:00:00,212061.5,9890.5,312.2
2025-04-08 22:00:00,213697.5,9843.2,201.8
2025-04-08 23:00:00,212340.5,10390.8,139.5
2025-04-09 00:00:00,208030.5,10048.8,147.0
2025-04-09 01:00:00,202980.8,9113.0,141.2
2025-04-09 02:00:00,198360.0,9040.0,153.2
2025-04-09 03:00:00,194819.2,8594.0,196.2
2025-04-09 04:00:00,194648.2,7810.5,220.2
2025-04-09 05:00:00,199056.8,6377.8,207.5
2025-04-09 06:00:00,203940.2,5472.2,908.5
2025-04-09 07:00:00,205310.0,4174.0,10365.2
2025-04-09 08:00:00,206021.0,3036.5,29941.2
2025-04-09 09:00:00,215289.5,1950.5,46860.8
2025-04-09 10:00:00,217892.2,2133.0,58476.2
2025-04-09 11:00:00,215762.5,2457.0,63027.5
2025-04-09 12:00:00,213795.0,3307.8,64225.0
2025-04-09 13:00:00,210833.8,4478.8,62402.5
2025-04-09 14:00:00,216608.0,5606.0,58077.2
2025-04-09 15:00:00,221629.0,6391.5,48414.0
2025-04-09 16:00:00,222826.5,7022.2,35369.8
2025-04-09 17:00:00,215368.2,7297.5,18576.5
2025-04-09 18:00:00,210959.2,6938.8,4658.5
2025-04-09 19:00:00,216011.0,7653.2,447.2
2025-04-09 20:00:00,214451.8,8252.2,395.2
2025-04-09 21:00:00,213686.0,9417.5,402.0
2025-04-09 22:00:00,216212.5,9512.8,450.2
2025-04-09 23:00:00,214939.0,9474.2,393.0
2025-04-10 00:00:00,210448.0,10360.2,339.2
2025-04-10 01:00:00,204233.2,10677.5,372.2
2025-04-10 02:00:00,196726.0,10221.0,327.0
2025-04-10 03:00:00,191666.2,11213.5,316.0
2025-04-10 04:00:00,189916.8,11039.5,322.5
2025-04-10 05:00:00,193028.5,10130.5,325.5
2025-04-10 06:00:00,197841.0,9122.2,1134.2
2025-04-10 07:00:00,199131.0,8168.0,10570.8
2025-04-10 08:00:00,200432.0,6412.2,29859.2
2025-04-10 09:00:00,207594.2,5848.8,46505.0
2025-04-10 10:00:00,210685.5,7090.5,57200.5
2025-04-10 11:00:00,209729.0,8841.5,61460.2
2025-04-10 12:00:00,207652.8,10545.8,63151.8
2025-04-10 13:00:00,203868.2,12203.5,61947.5
2025-04-10 14:00:00,208362.8,12982.5,58044.5
2025-04-10 15:00:00,210922.8,13734.8,48869.5
2025-04-10 16:00:00,207022.5,14487.2,35560.2
2025-04-10 17:00:00,197050.2,15530.5,19096.2
2025-04-10 18:00:00,192360.5,15756.0,5103.2
2025-04-10 19:00:00,198888.8,14397.5,1026.8
2025-04-10 20:00:00,196138.2,14581.8,830.5
2025-04-10 21:00:00,194124.0,14816.5,631.5
2025-04-10 22:00:00,196621.5,15644.8,397.2
2025-04-10 23:00:00,195387.2,16249.5,399.8
2025-04-11 00:00:00,190695.0,16480.2,372.2
2025-04-11 01:00:00,185862.8,16175.0,390.5
2025-04-11 02:00:00,181889.8,15016.2,358.5
2025-04-11 03:00:00,178507.2,14357.0,338.2
2025-04-11 04:00:00,177798.2,15652.2,353.8
2025-04-11 05:00:00,182646.0,16258.8,393.2
2025-04-11 06:00:00,190352.0,16065.0,1339.0
2025-04-11 07:00:00,190781.2,14539.5,10276.2
2025-04-11 08:00:00,191357.8,12633.5,28937.2
2025-04-11 09:00:00,198983.2,12015.8,45355.5
2025-04-11 10:00:00,202779.0,10641.8,54910.5
2025-04-11 11:00:00,202323.2,10090.0,59967.0
2025-04-11 12:00:00,201253.8,9580.5,61505.5
2025-04-11 13:00:00,198682.2,9623.8,61242.0
2025-04-11 14:00:00,202209.5,10197.8,57618.8
2025-04-11 15:00:00,206253.0,11184.2,49091.2
2025-04-11 16:00:00,204363.0,12269.2,35008.2
2025-04-11 17:00:00,198352.5,13062.5,18578.0
2025-04-11 18:00:00,194246.8,13612.0,5001.0
2025-04-11 19:00:00,196928.2,13735.5,986.8
2025-04-11 20:00:00,191734.5,13967.5,752.2
2025-04-11 21:00:00,188189.0,14734.8,677.0
2025-04-11 22:00:00,191768.5,15477.8,474.5
2025-04-11 23:00:00,190536.8,14817.8,292.0
2025-04-12 00:00:00,185653.8,13778.0,220.5
2025-04-12 01:00:00,182358.5,12123.8,267.5
2025-04-12 02:00:00,178228.2,10974.2,228.5
2025-04-12 03:00:00,175399.8,10499.0,165.5
2025-04-12 04:00:00,175132.5,10644.2,200.5
2025-04-12 05:00:00,179345.8,10735.5,217.5
2025-04-12 06:00:00,185948.2,10326.5,1239.8
2025-04-12 07:00:00,187566.8,9005.8,10870.5
2025-04-12 08:00:00,188449.0,7625.8,29421.0
2025-04-12 09:00:00,194336.2,6706.8,45884.8
2025-04-12 10:00:00,197250.8,6307.2,56768.0
2025-04-12 11:00:00,197990.8,6436.2,61950.0
2025-04-12 12:00:00,197510.0,6771.8,64197.5
2025-04-12 13:00:00,196682.0,7049.0,62631.8
2025-04-12 14:00:00,202144.2,7841.8,58604.8
2025-04-12 15:00:00,206287.8,8458.5,50557.0
2025-04-12 16:00:00,203370.0,9101.2,35371.8
2025-04-12 17:00:00,198722.2,10652.0,19523.5
2025-04-12 18:00:00,196071.8,11598.0,5628.0
2025-04-12 19:00:00,203484.2,11370.5,1353.0
2025-04-12 20:00:00,201659.8,11006.0,758.5
2025-04-12 21:00:00,199603.5,10864.0,479.0
2025-04-12 22:00:00,201900.5,11025.2,460.0
2025-04-12 23:00:00,201621.2,11146.2,423.2
2025-04-13 00:00:00,196481.5,11415.0,381.0
2025-04-13 01:00:00,190309.5,11427.0,408.2
2025-04-13 02:00:00,184542.5,11648.8,433.8
2025-04-13 03:00:00,180576.8,11237.5,381.2
2025-04-13 04:00:00,179106.5,9985.8,329.0
2025-04-13 05:00:00,181720.0,8424.8,283.0
2025-04-13 06:00:00,184660.0,7299.0,1084.5
2025-04-13 07:00:00,183451.5,6155.2,10284.0
2025-04-13 08:00:00,181963.5,4017.0,29027.8
2025-04-13 09:00:00,184822.5,3285.5,45569.5
2025-04-13 10:00:00,186472.5,3654.2,56392.8
2025-04-13 11:00:00,187173.8,4596.2,61066.0
2025-04-13 12:00:00,186193.8,5422.0,61956.0
2025-04-13 13:00:00,184706.5,6043.0,59738.5
2025-04-13 14:00:00,187111.0,7161.0,56494.0
2025-04-13 15:00:00,189445.0,7927.0,48604.8
2025-04-13 16:00:00,186370.2,8800.5,35190.5
2025-04-13 17:00:00,181639.8,9245.8,19151.5
2025-04-13 18:00:00,182651.2,8626.2,4853.0
2025-04-13 19:00:00,194992.8,7432.2,541.0
2025-04-13 20:00:00,195623.5,7723.8,414.5
2025-04-13 21:00:00,193578.2,7929.0,363.2
2025-04-13 22:00:00,196308.0,9001.8,303.2
2025-04-13 23:00:00,196302.0,9991.8,321.0
2025-04-14 00:00:00,192287.2,11357.2,349.0
2025-04-14 01:00:00,187189.2,11768.8,343.2
2025-04-14 02:00:00,182474.2,11179.8,348.0
2025-04-14 03:00:00,179264.2,10572.0,360.8
2025-04-14 04:00:00,179768.0,10129.2,354.8
2025-04-14 05:00:00,183235.8,9510.8,340.5
2025-04-14 06:00:00,188075.8,8620.0,1341.5
2025-04-14 07:00:00,189671.2,7106.2,11641.2
2025-04-14 08:00:00,190174.0,5304.2,30643.0
2025-04-14 09:00:00,197553.5,5943.0,46569.2
2025-04-14 10:00:00,202478.0,7270.2,57171.2
2025-04-14 11:00:00,203425.5,8218.0,62016.2
2025-04-14 12:00:00,202972.2,8361.8,63040.2
2025-04-14 13:00:00,200218.8,8313.5,61424.5
2025-04-14 14:00:00,203771.0,8749.0,57783.2
2025-04-14 15:00:00,206572.8,9601.8,48862.5
2025-04-14 16:00:00,203807.8,10613.2,35031.8
2025-04-14 17:00:00,198917.0,10557.0,18807.0
2025-04-14 18:00:00,197738.8,10700.0,5132.8
2025-04-14 19:00:00,206212.0,11107.0,779.8
2025-04-14 20:00:00,203799.2,10816.8,316.5
2025-04-14 21:00:00,201591.0,10496.2,241.5
2025-04-14 22:00:00,203724.8,10861.2,199.5
2025-04-14 23:00:00,203542.0,10092.8,329.5
2025-04-15 00:00:00,199583.0,10580.8,343.2
2025-04-15 01:00:00,193355.2,10697.8,1722.2
2025-04-15 02:00:00,188439.2,10625.8,406.5
2025-04-15 03:00:00,184741.2,10502.2,417.0
2025-04-15 04:00:00,184671.0,10616.0,420.5
2025-04-15 05:00:00,189976.0,9506.5,445.5
2025-04-15 06:00:00,196605.2,8738.2,1670.2
2025-04-15 07:00:00,196140.2,7310.2,11989.5
2025-04-15 08:00:00,196102.0,4527.2,31385.2
2025-04-15 09:00:00,204172.8,4234.8,48012.0
2025-04-15 10:00:00,206819.8,4263.8,58265.5
2025-04-15 11:00:00,206436.5,4529.5,63104.5
2025-04-15 12:00:00,203688.0,4588.8,64036.8
2025-04-15 13:00:00,201378.0,4728.5,62732.8
2025-04-15 14:00:00,206590.2,5456.8,58738.8
2025-04-15 15:00:00,210765.8,6391.2,50237.8
2025-04-15 16:00:00,211484.5,7760.5,36817.5
2025-04-15 17:00:00,207614.8,9219.5,19937.0
2025-04-15 18:00:00,205682.8,8948.0,5142.8
2025-04-15 19:00:00,214305.8,8253.0,1165.5
2025-04-15 20:00:00,211997.2,8935.5,633.0
2025-04-15 21:00:00,210195.5,10140.5,451.8
2025-04-15 22:00:00,212248.8,10696.5,425.0
2025-04-15 23:00:00,211889.8,10275.0,423.2
2025-04-16 00:00:00,206731.2,10079.8,366.0
2025-04-16 01:00:00,200135.0,9543.2,336.0
2025-04-16 02:00:00,195041.5,8555.8,316.8
2025-04-16 03:00:00,190580.2,8092.8,261.0
2025-04-16 04:00:00,190736.8,7467.0,220.2
2025-04-16 05:00:00,195703.5,6879.8,227.8
2025-04-16 06:00:00,199919.8,6091.2,1624.8
2025-04-16 07:00:00,199330.5,4820.0,11903.0
2025-04-16 08:00:00,199439.8,3469.0,30853.2
2025-04-16 09:00:00,208896.8,3684.5,47226.5
2025-04-16 10:00:00,212718.0,3458.2,57522.8
2025-04-16 11:00:00,210339.8,3611.2,62255.2
2025-04-16 12:00:00,208047.0,3859.2,63561.2
2025-04-16 13:00:00,205959.2,4843.5,62474.0
2025-04-16 14:00:00,210508.5,6000.0,57136.0
2025-04-16 15:00:00,215975.2,7303.0,48777.2
2025-04-16 16:00:00,216223.2,9022.0,35701.5
2025-04-16 17:00:00,211225.8,10417.2,20418.2
2025-04-16 18:00:00,208806.5,12071.8,5307.2
2025-04-16 19:00:00,217846.0,12346.5,1334.5
2025-04-16 20:00:00,214802.8,12559.5,1048.0
2025-04-16 21:00:00,212530.0,13431.8,956.0
2025-04-16 22:00:00,213406.8,12119.5,269.0
2025-04-16 23:00:00,211374.2,11535.0,22.2
2025-04-17 00:00:00,206405.0,11242.5,10.8
2025-04-17 01:00:00,200233.2,10874.8,48.0
2025-04-17 02:00:00,193376.5,10571.5,57.5
2025-04-17 03:00:00,189315.0,10322.8,51.5
2025-04-17 04:00:00,188766.2,9276.8,55.2
2025-04-17 05:00:00,192124.0,8304.8,65.2
2025-04-17 06:00:00,196411.0,7622.2,1188.2
2025-04-17 07:00:00,196260.5,6228.2,11326.8
2025-04-17 08:00:00,197348.0,4486.5,30606.2
2025-04-17 09:00:00,207584.8,4200.8,46639.5
2025-04-17 10:00:00,212239.2,4783.5,55778.8
2025-04-17 11:00:00,212251.8,5361.8,60472.2
2025-04-17 12:00:00,211901.2,5870.8,63033.2
2025-04-17 13:00:00,209635.8,6521.5,61317.5
2025-04-17 14:00:00,214630.2,6891.2,57005.2
2025-04-17 15:00:00,220132.8,7629.2,47543.2
2025-04-17 16:00:00,219022.0,8649.2,33888.2
2025-04-17 17:00:00,212274.2,9790.0,17595.2
2025-04-17 18:00:00,208340.0,9821.8,4766.2
2025-04-17 19:00:00,216760.5,9962.0,655.5
2025-04-17 20:00:00,215283.8,10652.8,605.0
2025-04-17 21:00:00,214303.8,11435.0,512.2
2025-04-17 22:00:00,216889.0,11939.0,416.8
2025-04-17 23:00:00,216848.5,12068.2,419.8
2025-04-18 00:00:00,211630.5,12361.8,55.5
2025-04-18 01:00:00,205590.5,12352.2,56.5
2025-04-18 02:00:00,200235.5,12673.5,67.8
2025-04-18 03:00:00,196069.2,12333.0,72.5
2025-04-18 04:00:00,195131.8,12049.0,70.0
2025-04-18 05:00:00,198037.0,11647.2,59.5
2025-04-18 06:00:00,200811.8,11050.0,1121.8
2025-04-18 07:00:00,198916.5,9496.5,11387.5
2025-04-18 08:00:00,199883.5,6833.5,30320.8
2025-04-18 09:00:00,209588.2,5548.2,46453.8
2025-04-18 10:00:00,213079.2,6136.0,57137.2
2025-04-18 11:00:00,212223.8,7630.8,61766.0
2025-04-18 12:00:00,210259.0,9288.0,61753.5
2025-04-18 13:00:00,206141.0,9778.8,59380.0
2025-04-18 14:00:00,210332.0,11372.8,54390.0
2025-04-18 15:00:00,212841.5,12731.8,44823.2
2025-04-18 16:00:00,210137.0,13945.0,31560.2
2025-04-18 17:00:00,203506.2,15642.2,16820.8
2025-04-18 18:00:00,201031.8,14966.2,5384.2
2025-04-18 19:00:00,209609.0,15012.0,1321.2
2025-04-18 20:00:00,206426.8,14357.5,877.5
2025-04-18 21:00:00,203940.8,14444.0,425.2
2025-04-18 22:00:00,205147.5,15085.0,35.2
2025-04-18 23:00:00,205239.8,15998.5,62.5
2025-04-19 00:00:00,201419.0,16070.8,50.5
2025-04-19 01:00:00,195709.2,15782.2,28.5
2025-04-19 02:00:00,190565.5,14907.2,32.5
2025-04-19 03:00:00,186531.8,14918.2,23.0
2025-04-19 04:00:00,184787.5,15028.5,37.2
2025-04-19 05:00:00,187994.8,14449.8,43.8
2025-04-19 06:00:00,191935.5,13791.8,1283.5
2025-04-19 07:00:00,191665.5,12767.8,12392.0
2025-04-19 08:00:00,192710.0,10939.2,31549.5
2025-04-19 09:00:00,200154.0,11472.8,47430.5
2025-04-19 10:00:00,204700.0,11963.0,58363.8
2025-04-19 11:00:00,206192.2,11860.8,63639.2
2025-04-19 12:00:00,204853.0,11358.0,63458.2
2025-04-19 13:00:00,203707.8,11166.2,61445.0
2025-04-19 14:00:00,207528.2,11715.8,57553.8
2025-04-19 15:00:00,213176.0,12889.8,49043.8
2025-04-19 16:00:00,212900.5,14015.5,33902.8
2025-04-19 17:00:00,208276.5,13891.2,16920.0
2025-04-19 18:00:00,208402.0,13207.0,4187.8
2025-04-19 19:00:00,218934.5,12570.2,181.5
2025-04-19 20:00:00,218114.2,12392.5,65.0
2025-04-19 21:00:00,217003.8,12403.2,117.0
2025-04-19 22:00:00,218433.0,12337.2,52.8
2025-04-19 23:00:00,217614.2,12319.8,63.2
2025-04-20 00:00:00,214446.8,12567.8,53.2
2025-04-20 01:00:00,208929.2,13461.8,48.0
2025-04-20 02:00:00,204010.8,13838.8,48.2
2025-04-20 03:00:00,200523.0,12873.8,45.8
2025-04-20 04:00:00,199088.0,12056.8,49.2
2025-04-20 05:00:00,200696.2,11279.2,58.0
2025-04-20 06:00:00,200115.8,10418.8,1301.8
2025-04-20 07:00:00,196126.0,8417.0,11638.8
2025-04-20 08:00:00,194398.5,6795.5,30051.0
2025-04-20 09:00:00,197621.8,5662.0,46737.8
2025-04-20 10:00:00,199606.2,4683.8,58135.2
2025-04-20 11:00:00,200169.2,4112.2,62634.2
2025-04-20 12:00:00,198860.5,4360.5,63430.0
2025-04-20 13:00:00,197984.2,5300.5,62170.0
2025-04-20 14:00:00,201806.2,6554.2,58660.0
2025-04-20 15:00:00,204689.5,7911.0,50386.0
2025-04-20 16:00:00,202438.8,9627.0,36783.0
2025-04-20 17:00:00,196688.5,10510.8,19678.5
2025-04-20 18:00:00,195229.8,10699.0,4974.0
2025-04-20 19:00:00,207144.8,11156.8,513.2
2025-04-20 20:00:00,209271.5,11711.2,369.0
2025-04-20 21:00:00,210921.0,11606.2,389.5
2025-04-20 22:00:00,213429.5,11554.5,155.2
2025-04-20 23:00:00,212655.8,10925.0,58.2
2025-04-21 00:00:00,209256.0,10715.2,49.2
2025-04-21 01:00:00,204241.5,10248.8,29.0
2025-04-21 02:00:00,198848.8,9372.5,39.5
2025-04-21 03:00:00,195238.5,8056.8,10.0
2025-04-21 04:00:00,193627.8,7494.2,15.2
2025-04-21 05:00:00,196204.0,6508.0,12.5
2025-04-21 06:00:00,200914.2,5250.2,1435.5
2025-04-21 07:00:00,200126.8,3947.8,13350.5
2025-04-21 08:00:00,201956.5,2376.5,33637.5
2025-04-21 09:00:00,211772.8,1748.5,50031.8
2025-04-21 10:00:00,217646.0,1618.0,60457.5
2025-04-21 11:00:00,218835.2,1257.0,64380.8
2025-04-21 12:00:00,218577.8,1272.8,64954.5
2025-04-21 13:00:00,216522.2,2067.0,62588.8
2025-04-21 14:00:00,222473.2,3291.0,59123.0
2025-04-21 15:00:00,226711.2,4511.0,51311.8
2025-04-21 16:00:00,224606.0,5505.8,38276.0
2025-04-21 17:00:00,217226.5,5859.0,21154.2
2025-04-21 18:00:00,210882.2,5040.0,5258.2
2025-04-21 19:00:00,215781.0,5256.8,533.2
2025-04-21 20:00:00,215450.0,5762.0,166.0
2025-04-21 21:00:00,215584.2,6402.8,91.8
2025-04-21 22:00:00,216920.5,7050.2,70.5
2025-04-21 23:00:00,215304.2,6911.5,74.2
2025-04-22 00:00:00,212969.2,7188.0,69.2
2025-04-22 01:00:00,209570.5,6877.8,77.0
2025-04-22 02:00:00,205847.0,6715.5,71.2
2025-04-22 03:00:00,202941.5,6268.0,68.5
2025-04-22 04:00:00,201828.0,6109.8,60.5
2025-04-22 05:00:00,202911.5,6097.0,65.2
2025-04-22 06:00:00,205135.0,6116.2,1568.2
2025-04-22 07:00:00,205462.2,5595.8,14025.2
2025-04-22 08:00:00,206312.0,3211.2,33945.5
2025-04-22 09:00:00,217079.2,2117.2,49459.0
2025-04-22 10:00:00,221224.8,2246.5,59041.2
2025-04-22 11:00:00,220910.8,2171.0,62213.0
2025-04-22 12:00:00,219233.8,1928.5,63304.0
2025-04-22 13:00:00,216563.8,2071.2,62707.5
2025-04-22 14:00:00,222572.5,2664.5,59603.2
2025-04-22 15:00:00,227208.2,3644.5,51712.5
2025-04-22 16:00:00,225557.5,4515.2,38384.5
2025-04-22 17:00:00,218270.2,5172.0,21571.0
2025-04-22 18:00:00,214427.2,5382.0,5681.2
2025-04-22 19:00:00,221365.5,5944.2,496.8
2025-04-22 20:00:00,220046.2,6924.0,198.0
2025-04-22 21:00:00,220104.5,7418.2,124.2
2025-04-22 22:00:00,222375.8,8264.8,69.5
2025-04-22 23:00:00,220857.5,8453.5,43.2
2025-04-23 00:00:00,216889.8,8060.2,52.8
2025-04-23 01:00:00,211758.8,7641.8,45.2
2025-04-23 02:00:00,207374.8,7635.0,51.0
2025-04-23 03:00:00,203979.5,7591.2,42.8
2025-04-23 04:00:00,203114.0,7536.0,33.0
2025-04-23 05:00:00,205218.2,7198.5,31.5
2025-04-23 06:00:00,206419.5,6414.2,1653.8
2025-04-23 07:00:00,205327.8,5351.0,14260.2
2025-04-23 08:00:00,207161.8,3170.2,34969.8
2025-04-23 09:00:00,217769.2,2004.8,50747.0
2025-04-23 10:00:00,221754.2,1836.2,60367.0
2025-04-23 11:00:00,220171.5,1624.5,63706.8
2025-04-23 12:00:00,216561.0,1598.5,64309.5
2025-04-23 13:00:00,212409.2,1882.5,62844.8
2025-04-23 14:00:00,218210.0,2598.8,59584.5
2025-04-23 15:00:00,225518.8,3996.8,52409.5
2025-04-23 16:00:00,226098.8,5859.5,38877.5
2025-04-23 17:00:00,220222.5,6754.5,21672.8
2025-04-23 18:00:00,215375.8,7703.8,5761.2
2025-04-23 19:00:00,223396.2,8120.2,412.8
2025-04-23 20:00:00,222535.5,8528.2,185.0
2025-04-23 21:00:00,222378.0,9812.2,144.0
2025-04-23 22:00:00,225049.5,10483.5,100.5
2025-04-23 23:00:00,223444.0,10751.8,201.8
2025-04-24 00:00:00,218718.8,11281.0,222.2
2025-04-24 01:00:00,213761.2,11533.5,200.0
2025-04-24 02:00:00,208642.8,11728.0,203.5
2025-04-24 03:00:00,204073.0,11433.2,114.5
2025-04-24 04:00:00,202714.8,10466.0,113.5
2025-04-24 05:00:00,205283.5,9948.8,103.5
2025-04-24 06:00:00,208268.2,9597.5,1725.8
2025-04-24 07:00:00,206158.2,8330.0,14527.5
2025-04-24 08:00:00,206758.5,5614.0,34608.5
2025-04-24 09:00:00,217396.5,4258.5,50621.5
2025-04-24 10:00:00,222621.0,3611.0,60471.8
2025-04-24 11:00:00,221163.0,3042.0,63695.5
2025-04-24 12:00:00,216036.5,2688.8,64186.2
2025-04-24 13:00:00,215588.5,3007.5,62888.2
2025-04-24 14:00:00,224798.8,4251.2,59189.2
2025-04-24 15:00:00,232259.2,5695.0,50998.5
2025-04-24 16:00:00,230921.2,7664.0,37613.8
2025-04-24 17:00:00,222975.8,8989.2,21127.2
2025-04-24 18:00:00,217310.2,8877.8,6043.5
2025-04-24 19:00:00,225089.0,8907.0,1119.0
2025-04-24 20:00:00,224228.2,8832.8,541.0
2025-04-24 21:00:00,224811.8,8829.0,340.8
2025-04-24 22:00:00,226919.5,10005.0,319.2
2025-04-24 23:00:00,226181.2,10699.8,265.8
2025-04-25 00:00:00,222233.2,10838.5,269.5
2025-04-25 01:00:00,217134.8,10951.2,176.2
2025-04-25 02:00:00,211903.2,10112.2,165.2
2025-04-25 03:00:00,208264.5,9901.8,157.5
2025-04-25 04:00:00,206713.2,9535.0,157.5
2025-04-25 05:00:00,208573.0,9335.8,161.5
2025-04-25 06:00:00,210422.0,8933.8,2177.2
2025-04-25 07:00:00,208992.0,7634.0,13618.8
2025-04-25 08:00:00,208217.2,5672.5,31018.0
2025-04-25 09:00:00,217111.8,4962.2,44526.5
2025-04-25 10:00:00,228082.0,4177.0,57521.8
2025-04-25 11:00:00,227983.2,2839.2,62988.8
2025-04-25 12:00:00,226138.2,3261.8,63752.5
2025-04-25 13:00:00,224035.0,4433.5,62129.5
2025-04-25 14:00:00,229826.0,6272.0,56294.0
2025-04-25 15:00:00,234388.0,7595.5,47065.8
2025-04-25 16:00:00,230841.8,8750.5,34119.5
2025-04-25 17:00:00,222019.8,10567.5,18389.5
2025-04-25 18:00:00,216124.0,10532.5,5313.2
2025-04-25 19:00:00,223810.5,10552.5,729.0
2025-04-25 20:00:00,222286.8,11315.0,168.0
2025-04-25 21:00:00,223153.8,12606.2,64.2
2025-04-25 22:00:00,226371.2,12664.2,40.5
2025-04-25 23:00:00,226587.8,12560.5,43.0
2025-04-26 00:00:00,222109.8,10786.2,9018.2
2025-04-26 01:00:00,217080.8,9111.2,9015.2
2025-04-26 02:00:00,211363.0,9097.0,9019.0
2025-04-26 03:00:00,207254.5,8715.0,9020.5
2025-04-26 04:00:00,205576.0,8463.8,9015.8
2025-04-26 05:00:00,206844.2,7696.5,9018.5
2025-04-26 06:00:00,208039.0,6916.0,10165.2
2025-04-26 07:00:00,204842.2,5611.5,15979.5
2025-04-26 08:00:00,206282.8,3479.5,29964.5
2025-04-26 09:00:00,217216.2,2613.0,42637.8
2025-04-26 10:00:00,223606.0,2687.0,51378.0
2025-04-26 11:00:00,223699.5,3248.2,54338.0
2025-04-26 12:00:00,221701.2,4175.0,56063.8
2025-04-26 13:00:00,220691.5,4867.8,55198.8
2025-04-26 14:00:00,227214.0,5397.8,50113.0
2025-04-26 15:00:00,232094.2,6290.2,44711.0
2025-04-26 16:00:00,226730.0,6994.8,35557.5
2025-04-26 17:00:00,217974.7,7293.3,26181.3
2025-04-26 18:00:00,210573.2,8304.0,11277.5
2025-04-26 19:00:00,219689.5,8597.5,9251.0
2025-04-26 20:00:00,219227.2,8606.0,9049.5
2025-04-26 21:00:00,218489.5,8482.8,9040.5
2025-04-26 22:00:00,220532.8,8373.8,9016.2
2025-04-26 23:00:00,220762.2,8833.2,9013.5
2025-04-27 00:00:00,217658.0,9074.0,40.8
2025-04-27 01:00:00,211784.2,8949.2,39.0
2025-04-27 02:00:00,206546.8,8786.2,52.8
2025-04-27 03:00:00,202973.2,7960.0,47.5
2025-04-27 04:00:00,202123.0,6592.5,10.2
2025-04-27 05:00:00,203035.8,5510.5,0.0
2025-04-27 06:00:00,202759.0,4505.5,1349.5
2025-04-27 07:00:00,199320.8,3609.8,12190.5
2025-04-27 08:00:00,197255.2,2391.5,30616.2
2025-04-27 09:00:00,201208.0,2101.8,45959.5
2025-04-27 10:00:00,202730.5,2259.2,56447.8
2025-04-27 11:00:00,204628.8,2614.8,60678.5
2025-04-27 12:00:00,205103.8,2998.2,61330.8
2025-04-27 13:00:00,205224.8,3899.2,59010.5
2025-04-27 14:00:00,208567.0,4904.5,54491.5
2025-04-27 15:00:00,209401.8,6060.2,46938.0
2025-04-27 16:00:00,205168.8,7885.5,34553.8
2025-04-27 17:00:00,196753.2,9774.8,19404.0
2025-04-27 18:00:00,192478.0,10222.5,5404.2
2025-04-27 19:00:00,200489.0,10325.5,278.0
2025-04-27 20:00:00,202794.0,9122.2,87.8
2025-04-27 21:00:00,204269.5,8757.2,24.8
2025-04-27 22:00:00,209773.5,7831.2,1.2
2025-04-27 23:00:00,211150.8,8038.0,39.5
2025-04-28 00:00:00,206821.0,8592.2,86.5
2025-04-28 01:00:00,200422.0,7612.0,85.5
2025-04-28 02:00:00,195294.2,7321.2,86.8
2025-04-28 03:00:00,191107.0,6611.5,86.0
2025-04-28 04:00:00,189965.0,5978.2,84.5
2025-04-28 05:00:00,193572.2,5671.5,88.2
2025-04-28 06:00:00,196708.8,5663.5,1760.0
2025-04-28 07:00:00,196740.5,5202.5,13887.2
2025-04-28 08:00:00,198856.2,3488.0,33416.5
2025-04-28 09:00:00,210239.5,3122.2,48910.0
2025-04-28 10:00:00,215935.0,2951.8,58304.0
2025-04-28 11:00:00,216708.2,3724.8,62208.8
2025-04-28 12:00:00,216462.8,4892.0,62498.8
2025-04-28 13:00:00,215066.5,6000.8,60780.0
2025-04-28 14:00:00,221206.8,6754.5,57259.0
2025-04-28 15:00:00,223924.0,7427.2,49756.5
2025-04-28 16:00:00,220039.8,8158.0,35924.0
2025-04-28 17:00:00,214999.2,8809.5,19932.5
2025-04-28 18:00:00,210794.8,9166.8,5506.0
2025-04-28 19:00:00,218259.5,9124.8,415.5
2025-04-28 20:00:00,217412.5,9320.5,274.0
2025-04-28 21:00:00,216707.0,9250.8,252.2
2025-04-28 22:00:00,219312.0,9385.2,232.2
2025-04-28 23:00:00,217924.8,9443.0,244.2
2025-04-29 00:00:00,212287.5,9652.5,255.8
2025-04-29 01:00:00,206032.2,9991.0,247.5
2025-04-29 02:00:00,201210.8,10523.0,235.2
2025-04-29 03:00:00,196954.8,9630.2,233.0
2025-04-29 04:00:00,195666.5,9263.5,242.5
2025-04-29 05:00:00,198646.5,8679.8,243.2
2025-04-29 06:00:00,201554.8,8026.2,1721.5
2025-04-29 07:00:00,199833.8,6742.2,13762.0
2025-04-29 08:00:00,199912.8,5161.0,32290.8
2025-04-29 09:00:00,208251.2,4876.8,47589.0
2025-04-29 10:00:00,213850.0,5851.0,57025.8
2025-04-29 11:00:00,214001.8,6998.8,61737.8
2025-04-29 12:00:00,213172.2,7862.8,62087.2
2025-04-29 13:00:00,212006.2,8656.2,60278.8
2025-04-29 14:00:00,218266.5,9132.8,55900.2
2025-04-29 15:00:00,222028.0,10021.8,47591.8
2025-04-29 16:00:00,220473.0,10451.8,34090.8
2025-04-29 17:00:00,212591.0,10799.0,18784.5
2025-04-29 18:00:00,207706.8,10333.0,5137.0
2025-04-29 19:00:00,216881.0,9360.8,304.0
2025-04-29 20:00:00,214946.0,9247.0,58.2
2025-04-29 21:00:00,214023.8,8995.0,38.8
2025-04-29 22:00:00,218085.5,9648.5,47.8
2025-04-29 23:00:00,216994.2,10211.0,54.5
2025-04-30 00:00:00,211705.2,10123.8,56.2
2025-04-30 01:00:00,205652.0,10439.2,54.0
2025-04-30 02:00:00,200412.8,10356.0,42.2
2025-04-30 03:00:00,196821.0,10112.8,40.8
2025-04-30 04:00:00,196077.8,9713.0,42.0
2025-04-30 05:00:00,199044.2,9641.8,50.2
2025-04-30 06:00:00,200575.8,9381.2,1776.8
2025-04-30 07:00:00,198862.8,8053.8,13347.0
2025-04-30 08:00:00,200027.2,6369.0,31807.2
2025-04-30 09:00:00,209868.5,6160.5,48207.5
2025-04-30 10:00:00,215933.8,6437.0,58249.0
2025-04-30 11:00:00,216344.2,7787.5,62136.0
2025-04-30 12:00:00,215257.5,8567.5,62525.8
2025-04-30 13:00:00,211762.2,8715.0,58796.2
2025-04-30 14:00:00,216164.2,9331.0,52653.2
2025-04-30 15:00:00,222499.8,10390.5,45887.0
2025-04-30 16:00:00,222132.2,11887.8,33662.8
2025-04-30 17:00:00,214951.5,12537.5,18319.5
2025-04-30 18:00:00,208127.8,11850.0,5338.5
2025-04-30 19:00:00,215548.0,11814.5,465.0
2025-04-30 20:00:00,215665.2,12564.5,81.0
2025-04-30 21:00:00,213874.5,14117.2,46.8
2025-04-30 22:00:00,218929.2,15192.8,21.0
2025-04-30 23:00:00,218661.0,14656.0,17.8
2025-05-01 00:00:00,213548.8,14011.8,29.0
2025-05-01 01:00:00,207533.5,13787.2,36.2
2025-05-01 02:00:00,202059.5,14297.5,35.2
2025-05-01 03:00:00,197934.0,14039.5,34.8
2025-05-01 04:00:00,196479.0,13035.5,30.8
2025-05-01 05:00:00,198223.0,12578.8,34.8
2025-05-01 06:00:00,197713.8,11152.5,1921.8
2025-05-01 07:00:00,193122.5,9268.0,13451.8
2025-05-01 08:00:00,191270.0,7234.0,31667.5
2025-05-01 09:00:00,197690.8,7437.8,46615.8
2025-05-01 10:00:00,202304.2,7503.2,56864.5
2025-05-01 11:00:00,204939.8,7853.8,62209.2
2025-05-01 12:00:00,205180.0,8972.8,62984.5
2025-05-01 13:00:00,203805.0,9598.0,61077.2
2025-05-01 14:00:00,208132.5,10466.8,56350.8
2025-05-01 15:00:00,211340.0,10970.8,45959.0
2025-05-01 16:00:00,207702.0,12052.0,29682.5
2025-05-01 17:00:00,198186.5,13458.5,15730.8
2025-05-01 18:00:00,190859.0,13727.5,4221.5
2025-05-01 19:00:00,198602.2,12760.0,417.5
2025-05-01 20:00:00,198802.5,13480.2,121.0
2025-05-01 21:00:00,197254.0,14111.5,62.0
2025-05-01 22:00:00,200051.2,12128.5,64.5
2025-05-01 23:00:00,200189.0,11508.2,55.2
2025-05-02 00:00:00,193708.8,11408.8,40.8
2025-05-02 01:00:00,186737.0,11571.5,25.5
2025-05-02 02:00:00,180657.2,11878.0,36.8
2025-05-02 03:00:00,176508.5,10268.2,21.8
2025-05-02 04:00:00,175105.2,9129.0,27.0
2025-05-02 05:00:00,173660.5,8935.0,14.8
2025-05-02 06:00:00,172449.8,8526.0,1570.2
2025-05-02 07:00:00,173131.2,7811.2,11949.8
2025-05-02 08:00:00,176288.0,5918.8,29252.0
2025-05-02 09:00:00,187721.8,5373.2,44048.0
2025-05-02 10:00:00,195559.2,6031.8,54549.8
2025-05-02 11:00:00,199501.2,7059.5,59661.5
2025-05-02 12:00:00,200737.5,8088.8,61475.2
2025-05-02 13:00:00,201172.5,9070.2,60198.5
2025-05-02 14:00:00,206807.0,9859.0,54687.8
2025-05-02 15:00:00,212512.2,10582.0,44358.2
2025-05-02 16:00:00,211455.5,11340.5,30507.2
2025-05-02 17:00:00,207033.8,11119.2,15906.5
2025-05-02 18:00:00,203286.5,9973.5,4982.0
2025-05-02 19:00:00,210799.0,9331.5,537.2
2025-05-02 20:00:00,209628.5,10212.2,121.0
2025-05-02 21:00:00,207667.8,10981.8,36.8
2025-05-02 22:00:00,210908.2,12990.5,15.8
2025-05-02 23:00:00,209858.2,13647.2,56.5
2025-05-03 00:00:00,204180.0,14158.0,86.0
2025-05-03 01:00:00,197352.2,13158.0,71.0
2025-05-03 02:00:00,192461.8,12140.2,88.0
2025-05-03 03:00:00,188143.8,11477.2,76.8
2025-05-03 04:00:00,185923.0,12012.5,76.8
2025-05-03 05:00:00,187301.8,12473.5,105.0
2025-05-03 06:00:00,188445.0,11883.2,1948.5
2025-05-03 07:00:00,186810.8,10935.0,11238.5
2025-05-03 08:00:00,190519.0,9474.0,26153.0
2025-05-03 09:00:00,201400.2,7751.2,41383.8
2025-05-03 10:00:00,206894.2,6716.2,53071.2
2025-05-03 11:00:00,208680.5,6059.2,59676.8
2025-05-03 12:00:00,209297.8,6808.5,61615.0
2025-05-03 13:00:00,208156.5,8139.8,60871.8
2025-05-03 14:00:00,211795.0,9472.2,56301.0
2025-05-03 15:00:00,212756.5,10960.0,47065.2
2025-05-03 16:00:00,206458.2,13008.0,34927.0
2025-05-03 17:00:00,199115.5,14462.0,19407.0
2025-05-03 18:00:00,193260.8,15425.2,6096.5
2025-05-03 19:00:00,203104.8,15462.0,671.2
2025-05-03 20:00:00,204184.2,16406.5,273.0
2025-05-03 21:00:00,202553.0,16768.8,146.2
2025-05-03 22:00:00,206240.2,16135.0,96.0
2025-05-03 23:00:00,206289.0,16923.0,112.8
2025-05-04 00:00:00,200949.5,16556.2,92.5
2025-05-04 01:00:00,194559.5,16619.5,102.2
2025-05-04 02:00:00,189432.5,16487.2,118.0
2025-05-04 03:00:00,184325.2,15342.0,100.8
2025-05-04 04:00:00,181943.5,12897.2,128.0
2025-05-04 05:00:00,182122.2,11378.0,126.8
2025-05-04 06:00:00,180763.2,9360.0,1480.2
2025-05-04 07:00:00,178398.0,8474.2,9986.8
2025-05-04 08:00:00,178948.5,7239.8,25748.0
2025-05-04 09:00:00,184250.2,5880.8,41034.2
2025-05-04 10:00:00,185820.0,5887.8,51419.0
2025-05-04 11:00:00,188536.0,6025.2,58590.0
2025-05-04 12:00:00,190344.0,6816.5,60460.8
2025-05-04 13:00:00,189848.8,8476.5,59612.5
2025-05-04 14:00:00,192830.2,10089.0,55012.8
2025-05-04 15:00:00,194857.5,11784.5,44426.0
2025-05-04 16:00:00,189601.8,13614.0,34049.8
2025-05-04 17:00:00,182554.2,14499.8,18328.5
2025-05-04 18:00:00,177017.2,14521.8,5243.8
2025-05-04 19:00:00,187484.0,14385.5,569.5
2025-05-04 20:00:00,190743.5,13653.0,262.0
2025-05-04 21:00:00,191387.0,12725.5,175.5
2025-05-04 22:00:00,194532.5,11660.2,173.8
2025-05-04 23:00:00,194463.5,10675.2,197.2
2025-05-05 00:00:00,190384.5,12050.0,178.8
2025-05-05 01:00:00,184280.8,11386.2,194.5
2025-05-05 02:00:00,178583.5,10321.2,185.5
2025-05-05 03:00:00,174461.5,10330.8,137.8
2025-05-05 04:00:00,172976.5,8694.5,114.8
2025-05-05 05:00:00,174888.2,6846.0,109.0
2025-05-05 06:00:00,176827.2,5865.8,1602.2
2025-05-05 07:00:00,176922.0,4863.2,9640.8
2025-05-05 08:00:00,181395.8,4625.2,24595.5
2025-05-05 09:00:00,192833.5,4392.0,40730.2
2025-05-05 10:00:00,198743.8,4021.2,50575.0
2025-05-05 11:00:00,200773.8,3961.2,54503.5
2025-05-05 12:00:00,201029.2,4643.0,56435.2
2025-05-05 13:00:00,199390.2,5717.0,56648.8
2025-05-05 14:00:00,204074.5,7361.8,51072.5
2025-05-05 15:00:00,207475.2,9293.2,42122.8
2025-05-05 16:00:00,203054.8,10979.8,30113.8
2025-05-05 17:00:00,196777.5,11520.2,16502.0
2025-05-05 18:00:00,191060.5,12443.8,5303.8
2025-05-05 19:00:00,195565.2,13386.0,940.0
2025-05-05 20:00:00,194116.8,13684.0,671.5
2025-05-05 21:00:00,191091.0,12589.2,566.2
2025-05-05 22:00:00,190493.5,11751.5,340.0
2025-05-05 23:00:00,189460.0,10308.2,308.8
2025-05-06 00:00:00,184539.2,9673.8,307.5
2025-05-06 01:00:00,179014.5,9336.0,291.0
2025-05-06 02:00:00,172972.5,7425.0,286.8
2025-05-06 03:00:00,169358.2,6963.5,293.2
2025-05-06 04:00:00,168880.0,7559.5,284.0
2025-05-06 05:00:00,172338.5,6840.0,281.0
2025-05-06 06:00:00,175095.8,5566.8,2230.0
2025-05-06 07:00:00,176184.2,4983.8,12404.5
2025-05-06 08:00:00,178803.5,4461.2,27752.0
2025-05-06 09:00:00,189036.8,4376.2,42761.0
2025-05-06 10:00:00,194206.5,4376.2,52686.8
2025-05-06 11:00:00,195625.0,4776.0,58123.0
2025-05-06 12:00:00,195910.2,5202.0,58694.5
2025-05-06 13:00:00,194616.8,6414.2,55722.0
2025-05-06 14:00:00,198607.8,7381.5,48393.8
2025-05-06 15:00:00,200881.2,8529.0,39254.5
2025-05-06 16:00:00,197513.0,8664.5,28498.2
2025-05-06 17:00:00,192724.0,9130.8,15028.8
2025-05-06 18:00:00,190657.0,8385.5,4822.5
2025-05-06 19:00:00,200384.8,9634.8,591.2
2025-05-06 20:00:00,198767.2,10022.5,108.5
2025-05-06 21:00:00,196534.8,9540.8,57.0
2025-05-06 22:00:00,196380.8,9979.5,23.2
2025-05-06 23:00:00,194815.0,10823.2,49.2
2025-05-07 00:00:00,190444.2,11300.8,54.5
2025-05-07 01:00:00,185335.0,10565.8,57.0
2025-05-07 02:00:00,180730.5,9446.8,58.0
2025-05-07 03:00:00,177378.8,8574.8,63.2
2025-05-07 04:00:00,176458.5,7374.5,35.5
2025-05-07 05:00:00,177778.2,6162.0,22.5
2025-05-07 06:00:00,179230.2,5244.2,2058.0
2025-05-07 07:00:00,178677.0,4018.8,13330.8
2025-05-07 08:00:00,180505.8,3632.5,30921.0
2025-05-07 09:00:00,189347.5,4200.8,44711.5
2025-05-07 10:00:00,194808.5,3854.0,53479.8
2025-05-07 11:00:00,197293.0,3584.5,57562.8
2025-05-07 12:00:00,198195.5,3993.2,58587.0
2025-05-07 13:00:00,194463.0,4351.5,56642.2
2025-05-07 14:00:00,197757.5,4853.2,52181.0
2025-05-07 15:00:00,199721.0,6906.5,42406.5
2025-05-07 16:00:00,197069.8,8943.0,33319.8
2025-05-07 17:00:00,192300.2,9954.5,18584.0
2025-05-07 18:00:00,190411.0,10149.0,6049.0
2025-05-07 19:00:00,199159.5,10922.8,1137.8
2025-05-07 20:00:00,197004.0,10455.5,626.5
2025-05-07 21:00:00,198146.0,9620.2,478.5
2025-05-07 22:00:00,200960.0,9536.5,339.0
2025-05-07 23:00:00,199158.8,8832.5,332.0
2025-05-08 00:00:00,194613.5,7429.0,331.0
2025-05-08 01:00:00,188274.0,7228.5,328.5
2025-05-08 02:00:00,182574.5,7379.0,325.5
2025-05-08 03:00:00,178857.5,6086.2,295.5
2025-05-08 04:00:00,177665.8,5311.5,271.0
2025-05-08 05:00:00,179356.5,4543.5,282.2
2025-05-08 06:00:00,181588.5,4289.5,2058.5
2025-05-08 07:00:00,182557.2,3790.0,13755.8
2025-05-08 08:00:00,186084.2,4478.2,31288.5
2025-05-08 09:00:00,194722.0,5057.5,46514.2
2025-05-08 10:00:00,198972.5,5097.0,55757.5
2025-05-08 11:00:00,200406.8,4948.5,60049.0
2025-05-08 12:00:00,202039.2,5290.5,60307.2
2025-05-08 13:00:00,199230.5,5578.8,56012.2
2025-05-08 14:00:00,202776.2,6406.8,52002.0
2025-05-08 15:00:00,204301.8,8103.8,44557.8
2025-05-08 16:00:00,200405.8,9395.5,32376.5
2025-05-08 17:00:00,194657.8,9306.0,15805.2
2025-05-08 18:00:00,193751.8,8731.5,4813.5
2025-05-08 19:00:00,205590.0,9383.8,868.2
2025-05-08 20:00:00,205923.5,9643.8,469.2
2025-05-08 21:00:00,202919.8,9483.5,430.2
2025-05-08 22:00:00,201399.8,10136.5,407.2
2025-05-08 23:00:00,198783.0,9455.8,416.5
2025-05-09 00:00:00,195949.0,8798.2,414.2
2025-05-09 01:00:00,192796.2,7025.0,414.5
2025-05-09 02:00:00,187992.5,5940.8,416.0
2025-05-09 03:00:00,184445.0,6069.0,412.2
2025-05-09 04:00:00,183220.5,6077.8,399.8
2025-05-09 05:00:00,184905.0,4757.2,393.2
2025-05-09 06:00:00,187852.8,4321.8,2211.0
2025-05-09 07:00:00,186823.8,4505.5,12127.2
2025-05-09 08:00:00,187799.2,3027.8,28229.8
2025-05-09 09:00:00,196258.2,2146.8,43741.5
2025-05-09 10:00:00,202369.5,2044.0,54195.0
2025-05-09 11:00:00,205911.8,1996.8,59661.5
2025-05-09 12:00:00,206584.0,1734.5,61198.8
2025-05-09 13:00:00,203617.0,1955.2,59215.5
2025-05-09 14:00:00,208762.2,2704.0,54535.5
2025-05-09 15:00:00,211667.2,3680.5,46688.8
2025-05-09 16:00:00,209077.8,5268.2,35134.0
2025-05-09 17:00:00,203744.2,5614.2,19200.0
2025-05-09 18:00:00,200221.2,6681.5,5774.5
2025-05-09 19:00:00,210196.8,7284.5,843.8
2025-05-09 20:00:00,209187.8,7431.2,371.5
2025-05-09 21:00:00,206307.0,7265.0,335.2
2025-05-09 22:00:00,208917.8,7221.5,286.8
2025-05-09 23:00:00,209878.5,7639.8,296.0
2025-05-10 00:00:00,206509.5,7522.0,288.2
2025-05-10 01:00:00,199874.0,7326.0,277.5
2025-05-10 02:00:00,192713.8,6301.8,268.8
2025-05-10 03:00:00,190201.8,5575.5,275.5
2025-05-10 04:00:00,189268.8,5177.2,277.5
2025-05-10 05:00:00,190005.5,4919.5,275.5
2025-05-10 06:00:00,189807.0,4818.5,2505.5
2025-05-10 07:00:00,189691.8,3630.2,13869.8
2025-05-10 08:00:00,192691.5,2971.0,32328.0
2025-05-10 09:00:00,200248.2,2642.5,46888.5
2025-05-10 10:00:00,206588.0,2316.0,57295.5
2025-05-10 11:00:00,209940.8,2184.5,60376.2
2025-05-10 12:00:00,209975.0,2690.2,58798.8
2025-05-10 13:00:00,207866.8,3727.8,55602.8
2025-05-10 14:00:00,214240.5,4675.5,51755.0
2025-05-10 15:00:00,215008.0,5123.0,44157.0
2025-05-10 16:00:00,210894.8,5834.2,32299.8
2025-05-10 17:00:00,203766.8,6279.0,18791.8
2025-05-10 18:00:00,201052.0,7828.2,5730.8
2025-05-10 19:00:00,210463.2,8622.0,853.5
2025-05-10 20:00:00,211614.5,8702.0,441.0
2025-05-10 21:00:00,208936.2,8683.2,372.0
2025-05-10 22:00:00,211434.5,8676.2,375.8
2025-05-10 23:00:00,214640.2,8134.5,362.2
2025-05-11 00:00:00,211236.5,8756.8,339.0
2025-05-11 01:00:00,205455.8,8555.5,332.5
2025-05-11 02:00:00,199927.0,8328.8,324.2
2025-05-11 03:00:00,196421.0,8081.5,327.5
2025-05-11 04:00:00,194260.8,7090.2,323.0
2025-05-11 05:00:00,193671.8,6386.2,330.5
2025-05-11 06:00:00,191689.5,5768.2,2380.8
2025-05-11 07:00:00,188918.5,4827.8,13488.8
2025-05-11 08:00:00,188224.8,4117.5,31419.8
2025-05-11 09:00:00,194386.0,3627.0,47100.5
2025-05-11 10:00:00,197207.2,3079.0,56893.0
2025-05-11 11:00:00,199473.5,2753.0,60997.2
2025-05-11 12:00:00,200585.0,2856.0,59688.8
2025-05-11 13:00:00,200249.8,3814.5,56243.0
2025-05-11 14:00:00,202237.7,5263.7,52235.7
2025-05-11 15:00:00,204019.8,6998.2,43674.2
2025-05-11 16:00:00,199184.8,8423.8,32025.8
2025-05-11 17:00:00,190986.5,9454.2,18282.0
2025-05-11 18:00:00,185850.8,10095.0,5346.0
2025-05-11 19:00:00,192851.0,9788.0,846.8
2025-05-11 20:00:00,194406.2,12083.0,429.0
2025-05-11 21:00:00,196946.0,13628.2,390.0
2025-05-11 22:00:00,202617.5,14079.5,352.2
2025-05-11 23:00:00,204405.2,13369.0,270.5
2025-05-12 00:00:00,202171.8,13517.0,269.8
2025-05-12 01:00:00,196659.0,13174.0,269.5
2025-05-12 02:00:00,191451.5,12702.8,264.5
2025-05-12 03:00:00,187695.5,12196.5,253.8
2025-05-12 04:00:00,186512.5,11765.5,254.0
2025-05-12 05:00:00,186350.2,10896.5,264.0
2025-05-12 06:00:00,187116.8,9705.2,2545.5
2025-05-12 07:00:00,187552.0,8080.5,14622.5
2025-05-12 08:00:00,191127.2,8074.5,32329.8
2025-05-12 09:00:00,202894.2,7656.2,46957.2
2025-05-12 10:00:00,209527.8,7041.0,56320.5
2025-05-12 11:00:00,212676.0,6594.0,60145.5
2025-05-12 12:00:00,214528.5,6849.2,59837.5
2025-05-12 13:00:00,214092.5,6928.5,57693.2
2025-05-12 14:00:00,220143.2,7773.0,53904.2
2025-05-12 15:00:00,222807.0,8889.8,45289.5
2025-05-12 16:00:00,219244.2,9762.8,32908.8
2025-05-12 17:00:00,211412.5,10641.5,18577.0
2025-05-12 18:00:00,204094.8,11358.8,6000.5
2025-05-12 19:00:00,211165.2,11477.5,858.2
2025-05-12 20:00:00,212152.8,11768.0,447.8
2025-05-12 21:00:00,212285.8,12192.2,390.0
2025-05-12 22:00:00,215411.5,12010.2,362.0
2025-05-12 23:00:00,215604.2,11342.8,342.8
2025-05-13 00:00:00,211283.2,10178.8,326.2
2025-05-13 01:00:00,205173.0,9049.0,319.8
2025-05-13 02:00:00,200118.5,8618.5,319.0
2025-05-13 03:00:00,196055.0,8336.5,321.8
2025-05-13 04:00:00,193816.5,8762.8,315.8
2025-05-13 05:00:00,194101.5,8828.5,331.0
2025-05-13 06:00:00,193482.5,8972.5,2682.5
2025-05-13 07:00:00,192429.5,7908.2,14389.2
2025-05-13 08:00:00,194997.0,7729.8,31381.0
2025-05-13 09:00:00,206726.0,7411.5,46027.2
2025-05-13 10:00:00,213058.2,7205.0,54996.5
2025-05-13 11:00:00,215775.5,7064.8,59606.5
2025-05-13 12:00:00,217680.8,7022.8,60017.2
2025-05-13 13:00:00,217670.5,7221.8,58229.0
2025-05-13 14:00:00,222956.5,8564.0,54262.2
2025-05-13 15:00:00,223945.8,10680.5,46081.0
2025-05-13 16:00:00,216556.2,12618.2,34463.8
2025-05-13 17:00:00,206109.8,13494.2,19666.5
2025-05-13 18:00:00,200088.5,14446.2,6348.2
2025-05-13 19:00:00,207179.8,14738.2,799.0
2025-05-13 20:00:00,209575.5,15104.2,279.8
2025-05-13 21:00:00,213006.0,14908.5,186.8
2025-05-13 22:00:00,218198.8,13772.5,1.0
2025-05-13 23:00:00,217556.2,12443.0,0.0
2025-05-14 00:00:00,212626.8,11071.5,0.0
2025-05-14 01:00:00,206392.0,9930.5,0.0
2025-05-14 02:00:00,201275.0,9342.2,0.0
2025-05-14 03:00:00,196958.2,8736.2,0.0
2025-05-14 04:00:00,194222.8,7550.2,0.0
2025-05-14 05:00:00,193796.8,6749.0,7.0
2025-05-14 06:00:00,191989.0,6578.5,2511.2
2025-05-14 07:00:00,190629.5,5023.2,15327.5
2025-05-14 08:00:00,193880.0,3740.8,34088.8
2025-05-14 09:00:00,205119.2,2969.8,48682.2
2025-05-14 10:00:00,211444.8,2878.5,57855.5
2025-05-14 11:00:00,215518.8,3520.2,61858.8
2025-05-14 12:00:00,218450.0,3956.8,62191.0
2025-05-14 13:00:00,219854.2,5128.2,60266.8
2025-05-14 14:00:00,226665.5,6427.8,55551.8
2025-05-14 15:00:00,229310.2,7931.8,47036.2
2025-05-14 16:00:00,224660.8,8423.0,35266.2
2025-05-14 17:00:00,215466.5,9386.2,20171.2
2025-05-14 18:00:00,210159.2,10898.8,6309.2
2025-05-14 19:00:00,217671.0,11469.0,1045.2
2025-05-14 20:00:00,220086.2,10548.8,548.8
2025-05-14 21:00:00,221664.2,9137.0,415.5
2025-05-14 22:00:00,223900.0,7651.0,370.2
2025-05-14 23:00:00,221563.0,7138.2,172.8
2025-05-15 00:00:00,216997.0,7383.0,170.5
2025-05-15 01:00:00,212448.8,6984.8,168.0
2025-05-15 02:00:00,207047.5,6631.2,166.8
2025-05-15 03:00:00,202880.2,6754.0,166.5
2025-05-15 04:00:00,200266.2,7116.5,166.2
2025-05-15 05:00:00,199542.0,6403.8,171.8
2025-05-15 06:00:00,198654.8,5720.0,2418.5
2025-05-15 07:00:00,196470.5,5581.8,13678.8
2025-05-15 08:00:00,199279.0,5761.2,31071.2
2025-05-15 09:00:00,210407.0,5432.8,45244.2
2025-05-15 10:00:00,216770.8,4945.5,54839.8
2025-05-15 11:00:00,220300.8,5060.5,58731.8
2025-05-15 12:00:00,222721.8,4935.0,59957.0
2025-05-15 13:00:00,222706.8,4962.5,59540.5
2025-05-15 14:00:00,228007.0,5918.8,55605.5
2025-05-15 15:00:00,229469.8,7096.5,46728.8
2025-05-15 16:00:00,223375.0,7508.5,34743.0
2025-05-15 17:00:00,214797.2,8151.5,20483.0
2025-05-15 18:00:00,209233.8,7895.5,6682.0
2025-05-15 19:00:00,218383.2,7530.5,751.2
2025-05-15 20:00:00,220353.0,7157.8,220.0
2025-05-15 21:00:00,220634.0,7013.8,171.2
2025-05-15 22:00:00,222973.5,7560.2,98.8
2025-05-15 23:00:00,221353.8,8259.0,71.0
2025-05-16 00:00:00,217228.0,8650.2,60.8
2025-05-16 01:00:00,212316.0,8824.5,52.8
2025-05-16 02:00:00,207481.2,8454.0,52.0
2025-05-16 03:00:00,202509.5,8441.0,52.0
2025-05-16 04:00:00,199654.0,8049.0,68.5
2025-05-16 05:00:00,199544.8,8237.5,60.0
2025-05-16 06:00:00,197946.5,8448.2,2383.8
2025-05-16 07:00:00,195949.2,8043.0,15259.5
2025-05-16 08:00:00,197977.2,7850.2,32656.2
2025-05-16 09:00:00,209260.8,7285.2,46060.2
2025-05-16 10:00:00,216504.5,7332.0,55011.0
2025-05-16 11:00:00,219462.2,7588.2,58312.0
2025-05-16 12:00:00,221363.0,7945.2,59737.8
2025-05-16 13:00:00,220005.2,8716.8,58513.5
2025-05-16 14:00:00,224895.0,9457.2,54611.0
2025-05-16 15:00:00,227796.0,9548.5,46900.2
2025-05-16 16:00:00,222550.8,10908.8,34878.8
2025-05-16 17:00:00,212111.5,12298.8,20669.2
2025-05-16 18:00:00,205871.8,12778.2,7315.5
2025-05-16 19:00:00,213544.5,12311.5,1029.5
2025-05-16 20:00:00,216316.8,12338.5,531.8
2025-05-16 21:00:00,218063.5,14013.8,479.5
2025-05-16 22:00:00,222476.2,12947.0,443.2
2025-05-16 23:00:00,222530.2,13480.2,445.8
2025-05-17 00:00:00,216830.0,13447.5,443.8
2025-05-17 01:00:00,210249.8,12417.2,444.5
2025-05-17 02:00:00,203964.8,11777.5,442.0
2025-05-17 03:00:00,199533.5,10967.2,439.2
2025-05-17 04:00:00,197022.2,9598.5,443.8
2025-05-17 05:00:00,196266.8,8558.0,483.2
2025-05-17 06:00:00,194361.2,8035.8,2799.8
2025-05-17 07:00:00,190833.2,7181.0,14269.0
2025-05-17 08:00:00,194501.2,8252.0,30414.5
2025-05-17 09:00:00,204819.0,7673.0,43861.8
2025-05-17 10:00:00,209222.2,7608.2,53108.0
2025-05-17 11:00:00,211196.5,8204.0,57148.0
2025-05-17 12:00:00,214094.2,8337.2,58688.0
2025-05-17 13:00:00,214544.2,7982.5,57136.0
2025-05-17 14:00:00,220729.8,7879.5,53520.0
2025-05-17 15:00:00,220329.0,8434.2,46774.5
2025-05-17 16:00:00,213686.8,9778.0,34525.2
2025-05-17 17:00:00,204091.0,10945.2,19894.0
2025-05-17 18:00:00,198551.2,12479.0,6920.8
2025-05-17 19:00:00,208388.5,13986.5,938.0
2025-05-17 20:00:00,211507.5,14263.0,373.8
2025-05-17 21:00:00,212062.0,13651.5,318.5
2025-05-17 22:00:00,215415.0,11942.0,280.5
2025-05-17 23:00:00,216220.0,10571.0,280.5
2025-05-18 00:00:00,211718.5,9285.8,279.5
2025-05-18 01:00:00,205688.8,8485.2,276.5
2025-05-18 02:00:00,200487.8,8400.0,279.0
2025-05-18 03:00:00,196317.5,7625.8,278.8
2025-05-18 04:00:00,192933.2,6356.8,277.0
2025-05-18 05:00:00,191312.0,5598.8,282.8
2025-05-18 06:00:00,188178.2,5067.0,2581.8
2025-05-18 07:00:00,184823.2,5150.0,14842.2
2025-05-18 08:00:00,185555.2,6037.8,31851.0
2025-05-18 09:00:00,192362.5,6501.0,46090.2
2025-05-18 10:00:00,195250.0,7244.0,54750.2
2025-05-18 11:00:00,196962.0,7522.2,58313.8
2025-05-18 12:00:00,198181.8,7065.2,59618.5
2025-05-18 13:00:00,199408.2,6804.2,57711.0
2025-05-18 14:00:00,204371.8,7208.8,54027.0
2025-05-18 15:00:00,206162.5,8012.5,45732.0
2025-05-18 16:00:00,200991.0,8691.2,33840.5
2025-05-18 17:00:00,191966.8,10080.5,19867.8
2025-05-18 18:00:00,189073.5,11110.2,6595.5
2025-05-18 19:00:00,200292.0,11287.5,903.8
2025-05-18 20:00:00,206843.2,11230.2,403.5
2025-05-18 21:00:00,209940.2,10849.5,321.0
2025-05-18 22:00:00,213717.2,10954.2,291.2
2025-05-18 23:00:00,213962.8,10345.2,290.5
2025-05-19 00:00:00,208449.0,10159.0,289.0
2025-05-19 01:00:00,201952.8,9419.8,288.0
2025-05-19 02:00:00,195968.2,9100.0,287.5
2025-05-19 03:00:00,191161.8,8221.2,283.8
2025-05-19 04:00:00,188017.8,7719.8,284.5
2025-05-19 05:00:00,187103.5,7210.8,297.8
2025-05-19 06:00:00,186843.5,6500.8,2668.2
2025-05-19 07:00:00,186831.8,5332.8,14787.2
2025-05-19 08:00:00,190304.5,5042.5,31044.0
2025-05-19 09:00:00,200137.8,5766.8,43702.2
2025-05-19 10:00:00,206497.8,5648.5,51924.5
2025-05-19 11:00:00,209729.2,5508.2,55675.0
2025-05-19 12:00:00,214296.5,5706.0,56338.5
2025-05-19 13:00:00,215221.0,6073.0,54060.2
2025-05-19 14:00:00,220304.8,6552.2,49445.5
2025-05-19 15:00:00,222327.0,7550.7,42403.3
2025-05-19 16:00:00,217410.5,8972.2,31190.2
2025-05-19 17:00:00,211203.8,9424.0,18087.2
2025-05-19 18:00:00,207609.8,9982.2,6665.5
2025-05-19 19:00:00,216739.2,9716.2,806.8
2025-05-19 20:00:00,219525.2,8698.0,315.5
2025-05-19 21:00:00,221553.8,7826.5,266.2
2025-05-19 22:00:00,222958.2,7811.5,225.0
2025-05-19 23:00:00,220584.0,8394.5,223.8
2025-05-20 00:00:00,216729.0,8584.8,224.0
2025-05-20 01:00:00,211025.5,8780.8,223.0
2025-05-20 02:00:00,204939.0,9498.2,222.8
2025-05-20 03:00:00,199991.0,9437.2,219.5
2025-05-20 04:00:00,196914.8,9420.5,219.0
2025-05-20 05:00:00,195625.5,10257.5,234.8
2025-05-20 06:00:00,194716.5,10116.0,2838.0
2025-05-20 07:00:00,191814.5,9077.2,14222.8
2025-05-20 08:00:00,194711.2,9175.2,29608.2
2025-05-20 09:00:00,204304.0,9247.5,42802.5
2025-05-20 10:00:00,210079.5,9818.8,52016.0
2025-05-20 11:00:00,213895.8,9812.0,56330.8
2025-05-20 12:00:00,217025.8,9900.0,57110.8
2025-05-20 13:00:00,217503.2,10443.2,56301.2
2025-05-20 14:00:00,223527.8,10708.8,51652.8
2025-05-20 15:00:00,225557.0,10726.0,44309.8
2025-05-20 16:00:00,218414.5,11430.5,32569.0
2025-05-20 17:00:00,209046.5,12519.2,19514.8
2025-05-20 18:00:00,204961.8,12092.8,7010.5
2025-05-20 19:00:00,214745.8,10680.5,1116.2
2025-05-20 20:00:00,217699.5,9358.5,536.0
2025-05-20 21:00:00,218337.2,9543.8,467.8
2025-05-20 22:00:00,220718.0,9712.5,420.5
2025-05-20 23:00:00,219146.0,9442.2,420.0
2025-05-21 00:00:00,214860.5,9741.5,415.5
2025-05-21 01:00:00,209143.5,10718.5,411.0
2025-05-21 02:00:00,203634.8,11124.0,408.8
2025-05-21 03:00:00,198799.2,10418.5,408.5
2025-05-21 04:00:00,195671.5,10737.8,407.0
2025-05-21 05:00:00,194047.8,9927.5,420.8
2025-05-21 06:00:00,191688.2,8840.8,2890.5
2025-05-21 07:00:00,190771.8,8107.5,13814.0
2025-05-21 08:00:00,191431.5,9418.8,28640.5
2025-05-21 09:00:00,198744.8,9955.5,39569.5
2025-05-21 10:00:00,205115.5,10343.2,49596.2
2025-05-21 11:00:00,210055.8,9938.2,55252.0
2025-05-21 12:00:00,213572.5,10774.2,55613.0
2025-05-21 13:00:00,212586.2,12009.5,54599.8
2025-05-21 14:00:00,217439.5,13696.0,50800.8
2025-05-21 15:00:00,220085.8,13998.5,43800.2
2025-05-21 16:00:00,214954.2,15291.2,32781.8
2025-05-21 17:00:00,203965.2,16803.8,20082.0
2025-05-21 18:00:00,195619.5,16380.0,7229.5
2025-05-21 19:00:00,199692.2,15198.5,1378.0
2025-05-21 20:00:00,192803.5,14109.2,705.2
2025-05-21 21:00:00,189429.8,13422.8,467.0
2025-05-21 22:00:00,190973.0,12708.8,426.0
2025-05-21 23:00:00,189911.2,11685.0,208.5
2025-05-22 00:00:00,,,
2025-05-22 01:00:00,,,
2025-05-22 02:00:00,,,
2025-05-22 03:00:00,,,
2025-05-22 04:00:00,,,
2025-05-22 05:00:00,,,
2025-05-22 06:00:00,,,
2025-05-22 07:00:00,,,
2025-05-22 08:00:00,,,
2025-05-22 09:00:00,,,
2025-05-22 10:00:00,,,
2025-05-22 11:00:00,,,
2025-05-22 12:00:00,,,
2025-05-22 13:00:00,,,
2025-05-22 14:00:00,,,
2025-05-22 15:00:00,,,
2025-05-22 16:00:00,,,
2025-05-22 17:00:00,,,
2025-05-22 18:00:00,,,
2025-05-22 19:00:00,,,
2025-05-22 20:00:00,,,
2025-05-22 21:00:00,,,
2025-05-22 22:00:00,,,
2025-05-22 23:00:00,,,
2025-05-23 00:00:00,,,
2025-05-23 01:00:00,,,
2025-05-23 02:00:00,,,
2025-05-23 03:00:00,,,
2025-05-23 04:00:00,,,
2025-05-23 05:00:00,,,
2025-05-23 06:00:00,,,
2025-05-23 07:00:00,,,
2025-05-23 08:00:00,,,
2025-05-23 09:00:00,,,
2025-05-23 10:00:00,,,
2025-05-23 11:00:00,,,
2025-05-23 12:00:00,,,
2025-05-23 13:00:00,,,
2025-05-23 14:00:00,,,
2025-05-23 15:00:00,,,
2025-05-23 16:00:00,,,
2025-05-23 17:00:00,,,
2025-05-23 18:00:00,,,
2025-05-23 19:00:00,,,
2025-05-23 20:00:00,,,
2025-05-23 21:00:00,,,
2025-05-23 22:00:00,,,
2025-05-23 23:00:00,,,
2025-05-24 00:00:00,213080.8,14474.5,380.0
2025-05-24 01:00:00,205635.5,14176.5,379.2
2025-05-24 02:00:00,199917.8,15668.8,377.8
2025-05-24 03:00:00,195200.8,16154.8,382.5
2025-05-24 04:00:00,191942.0,16301.0,373.8
2025-05-24 05:00:00,190591.0,16279.5,373.0
2025-05-24 06:00:00,188134.8,16627.5,3306.2
2025-05-24 07:00:00,185273.5,16304.5,14866.5
2025-05-24 08:00:00,187872.0,16595.2,29487.0
2025-05-24 09:00:00,195081.2,15909.8,42151.8
2025-05-24 10:00:00,199631.5,16245.0,50030.8
2025-05-24 11:00:00,201245.5,16724.2,54284.5
2025-05-24 12:00:00,201192.0,16527.8,54371.0
2025-05-24 13:00:00,199374.2,16854.5,52402.0
2025-05-24 14:00:00,205915.5,17188.8,48685.0
2025-05-24 15:00:00,209752.5,17541.8,42046.5
2025-05-24 16:00:00,205465.5,18121.0,31387.8
2025-05-24 17:00:00,199195.5,19053.8,19082.2
2025-05-24 18:00:00,194044.0,20252.5,6772.2
2025-05-24 19:00:00,201204.5,20837.8,1136.2
2025-05-24 20:00:00,203095.0,20786.8,333.5
2025-05-24 21:00:00,202442.0,19966.5,238.0
2025-05-24 22:00:00,203095.2,18615.5,206.8
2025-05-24 23:00:00,200620.5,17035.2,207.2
2025-05-25 00:00:00,192820.2,17230.5,204.0
2025-05-25 01:00:00,183529.0,17114.0,204.0
2025-05-25 02:00:00,172465.8,16305.0,203.0
2025-05-25 03:00:00,166338.2,16105.5,202.2
2025-05-25 04:00:00,163653.5,15709.0,202.0
2025-05-25 05:00:00,164110.5,14076.2,207.5
2025-05-25 06:00:00,164010.8,13713.8,1962.2
2025-05-25 07:00:00,160860.2,13336.2,10688.5
2025-05-25 08:00:00,162621.8,14757.0,22680.0
2025-05-25 09:00:00,167190.2,15170.2,30422.8
2025-05-25 10:00:00,172862.2,14836.2,36062.5
2025-05-25 11:00:00,173796.2,14066.0,38713.2
2025-05-25 12:00:00,175024.0,14032.2,40050.8
2025-05-25 13:00:00,175031.0,14052.8,38411.2
2025-05-25 14:00:00,177552.0,15478.2,39153.2
2025-05-25 15:00:00,178916.5,16550.8,35534.2
2025-05-25 16:00:00,177619.5,17985.0,26609.5
2025-05-25 17:00:00,175773.5,18904.0,16281.5
2025-05-25 18:00:00,177307.2,19890.5,6976.8
2025-05-25 19:00:00,190692.2,20016.0,2727.2
2025-05-25 20:00:00,197121.5,20507.8,792.0
2025-05-25 21:00:00,198788.2,20980.2,247.5
2025-05-25 22:00:00,199860.0,20067.5,714.2
2025-05-25 23:00:00,198182.5,20324.8,218.2
2025-05-26 00:00:00,192221.0,19856.5,217.8
2025-05-26 01:00:00,185732.8,19443.5,216.2
2025-05-26 02:00:00,180575.2,18294.2,213.2
2025-05-26 03:00:00,175903.8,17565.5,214.5
2025-05-26 04:00:00,172897.0,17582.2,213.5
2025-05-26 05:00:00,172861.8,18472.2,225.5
2025-05-26 06:00:00,173880.5,19057.8,2562.0
2025-05-26 07:00:00,173580.5,19369.0,11391.2
2025-05-26 08:00:00,177744.0,20001.0,23110.8
2025-05-26 09:00:00,185699.2,19405.0,33893.0
2025-05-26 10:00:00,190146.0,18182.8,41282.0
2025-05-26 11:00:00,192455.8,17571.0,46099.0
2025-05-26 12:00:00,192070.8,17145.2,47863.0
2025-05-26 13:00:00,192735.8,17179.5,47414.8
2025-05-26 14:00:00,196743.0,17562.5,44346.0
2025-05-26 15:00:00,199743.5,18775.8,39512.8
2025-05-26 16:00:00,198170.8,19053.5,27568.0
2025-05-26 17:00:00,194432.5,19718.0,15965.2
2025-05-26 18:00:00,194397.0,19535.2,5650.0
2025-05-26 19:00:00,204646.0,19251.5,913.0
2025-05-26 20:00:00,210414.2,19785.8,386.5
2025-05-26 21:00:00,211904.5,20414.0,334.2
2025-05-26 22:00:00,212269.2,20686.2,300.8
2025-05-26 23:00:00,209009.2,21042.2,297.5
2025-05-27 00:00:00,202033.8,21643.0,297.5
2025-05-27 01:00:00,195069.5,21278.5,297.0
2025-05-27 02:00:00,189355.5,20954.8,293.0
2025-05-27 03:00:00,184819.8,20722.0,291.0
2025-05-27 04:00:00,181852.5,20543.2,290.8
2025-05-27 05:00:00,180759.5,20144.2,300.5
2025-05-27 06:00:00,180841.0,20316.2,2512.8
2025-05-27 07:00:00,180130.2,19654.0,10877.5
2025-05-27 08:00:00,184493.5,19720.0,22923.2
2025-05-27 09:00:00,193467.0,18414.2,33985.0
2025-05-27 10:00:00,199121.8,17702.2,41753.0
2025-05-27 11:00:00,200409.8,17484.5,46657.8
2025-05-27 12:00:00,201914.0,18505.8,48418.5
2025-05-27 13:00:00,200008.5,19750.8,48814.2
2025-05-27 14:00:00,202699.0,21953.0,45314.2
2025-05-27 15:00:00,204625.5,22932.0,38523.8
2025-05-27 16:00:00,201315.2,23617.2,28483.2
2025-05-27 17:00:00,197476.2,24038.5,16766.5
2025-05-27 18:00:00,198122.2,23731.0,6171.0
2025-05-27 19:00:00,208457.5,23304.2,1251.8
2025-05-27 20:00:00,211909.2,23125.2,206.8
2025-05-27 21:00:00,212421.2,22738.5,0.0
2025-05-27 22:00:00,213047.0,22274.2,0.0
2025-05-27 23:00:00,210469.2,22223.5,0.0
2025-05-28 00:00:00,204834.8,22346.8,0.0
2025-05-28 01:00:00,198234.2,21375.2,0.0
2025-05-28 02:00:00,192634.5,20523.5,0.0
2025-05-28 03:00:00,187552.8,20339.2,0.0
2025-05-28 04:00:00,184688.8,19880.2,0.0
2025-05-28 05:00:00,183305.0,18960.2,282.2
2025-05-28 06:00:00,182470.5,18363.5,2395.2
2025-05-28 07:00:00,182902.5,17556.8,11861.2
2025-05-28 08:00:00,186937.0,19084.2,25641.8
2025-05-28 09:00:00,196230.8,19576.2,37815.8
2025-05-28 10:00:00,201251.8,19842.2,46105.8
2025-05-28 11:00:00,202619.5,19612.2,50591.0
2025-05-28 12:00:00,204351.8,19547.0,51098.2
2025-05-28 13:00:00,203446.0,19335.8,48185.0
2025-05-28 14:00:00,207970.5,18796.2,43740.5
2025-05-28 15:00:00,209743.2,18800.2,35030.5
2025-05-28 16:00:00,204182.2,19425.0,24588.5
2025-05-28 17:00:00,197817.2,20534.5,13851.0
2025-05-28 18:00:00,197148.8,21725.5,4935.0
2025-05-28 19:00:00,207534.0,21759.0,1249.5
2025-05-28 20:00:00,211498.5,20724.2,208.8
2025-05-28 21:00:00,212235.5,21238.5,0.0
2025-05-28 22:00:00,212773.5,20578.5,0.0
2025-05-28 23:00:00,209979.8,21254.8,0.0
2025-05-29 00:00:00,204873.5,21562.8,0.0
2025-05-29 01:00:00,198785.5,22854.8,0.0
2025-05-29 02:00:00,193189.2,22093.0,0.0
2025-05-29 03:00:00,189347.0,19570.8,0.0
2025-05-29 04:00:00,187354.0,18297.5,0.0
2025-05-29 05:00:00,186570.5,17556.8,225.8
2025-05-29 06:00:00,186823.2,16515.0,2294.8
2025-05-29 07:00:00,186190.8,15592.8,10019.8
2025-05-29 08:00:00,187649.8,15973.5,22317.8
2025-05-29 09:00:00,196063.2,17589.5,34117.0
2025-05-29 10:00:00,200890.8,16780.8,48472.5
2025-05-29 11:00:00,201938.5,17547.5,52932.0
2025-05-29 12:00:00,201942.2,17549.2,53977.0
2025-05-29 13:00:00,200395.8,18114.0,51318.8
2025-05-29 14:00:00,206370.2,19167.0,47341.8
2025-05-29 15:00:00,208220.2,19948.5,38703.5
2025-05-29 16:00:00,205196.8,19980.8,26501.0
2025-05-29 17:00:00,197030.0,20652.2,14572.2
2025-05-29 18:00:00,194937.5,22844.2,5588.0
2025-05-29 19:00:00,204161.5,23280.0,1043.0
2025-05-29 20:00:00,209360.8,22899.5,156.2
2025-05-29 21:00:00,210138.8,21636.8,0.0
2025-05-29 22:00:00,211309.5,21259.0,0.0
2025-05-29 23:00:00,208658.0,21638.5,0.0
2025-05-30 00:00:00,202257.2,22278.8,0.0
2025-05-30 01:00:00,195418.8,22228.5,0.0
2025-05-30 02:00:00,189204.0,21812.8,0.0
2025-05-30 03:00:00,183239.2,21763.5,0.0
2025-05-30 04:00:00,180470.8,21850.0,0.0
2025-05-30 05:00:00,179693.5,22171.5,224.2
2025-05-30 06:00:00,179644.5,22071.5,2361.5
2025-05-30 07:00:00,180190.0,21230.8,11059.5
2025-05-30 08:00:00,182922.0,22383.2,22325.0
2025-05-30 09:00:00,190409.0,23415.2,33194.5
2025-05-30 10:00:00,197119.0,24365.2,43502.0
2025-05-30 11:00:00,197375.2,22803.0,46068.0
2025-05-30 12:00:00,197277.0,22774.0,46189.0
2025-05-30 13:00:00,195177.5,22750.2,45521.0
2025-05-30 14:00:00,199914.5,22408.5,47634.5
2025-05-30 15:00:00,202303.5,23707.0,41907.2
2025-05-30 16:00:00,199112.5,24755.8,31456.8
2025-05-30 17:00:00,194679.0,24963.5,18032.0
2025-05-30 18:00:00,194337.0,26403.2,5994.0
2025-05-30 19:00:00,204542.0,27279.0,704.8
2025-05-30 20:00:00,208530.5,26822.0,53.5
2025-05-30 21:00:00,209218.5,26806.5,0.0
2025-05-30 22:00:00,211085.5,27020.2,0.0
2025-05-30 23:00:00,209141.8,26839.0,0.0
2025-05-31 00:00:00,203104.2,27571.5,0.0
2025-05-31 01:00:00,196504.8,27576.0,0.0
2025-05-31 02:00:00,190465.5,27746.5,0.0
2025-05-31 03:00:00,186128.0,27904.8,0.0
2025-05-31 04:00:00,183108.0,27900.5,0.0
2025-05-31 05:00:00,181768.2,26901.2,37.8
2025-05-31 06:00:00,181410.5,26043.8,2864.5
2025-05-31 07:00:00,180426.2,25749.5,13885.0
2025-05-31 08:00:00,183033.2,27226.5,28302.2
2025-05-31 09:00:00,190605.2,27350.2,39103.2
2025-05-31 10:00:00,195082.2,26988.2,44179.5
2025-05-31 11:00:00,197397.5,26966.5,45896.5
2025-05-31 12:00:00,199491.8,26246.5,45951.2
2025-05-31 13:00:00,199182.8,24959.5,46951.8
2025-05-31 14:00:00,203540.2,24633.2,50330.5
2025-05-31 15:00:00,206567.2,25464.2,44684.5
2025-05-31 16:00:00,201652.8,25854.5,33401.2
2025-05-31 17:00:00,193886.5,25850.5,19678.0
2025-05-31 18:00:00,188179.2,25197.5,6715.5
2025-05-31 19:00:00,202276.8,24671.0,995.8
2025-05-31 20:00:00,204708.2,24447.5,128.5
2025-05-31 21:00:00,208732.0,24800.8,0.0
2025-05-31 22:00:00,212619.0,25352.2,0.0
2025-05-31 23:00:00,211923.5,25280.2,0.0
2025-06-01 00:00:00,205648.8,25102.0,0.0
2025-06-01 01:00:00,198747.8,25039.0,0.0
2025-06-01 02:00:00,193915.5,24589.5,0.0
2025-06-01 03:00:00,189199.0,22595.5,0.0
2025-06-01 04:00:00,186026.5,22259.2,0.0
2025-06-01 05:00:00,184001.8,21331.8,57.0
2025-06-01 06:00:00,181923.2,19892.0,2948.2
2025-06-01 07:00:00,178323.2,19142.8,14106.0
2025-06-01 08:00:00,177874.2,21349.0,28172.0
2025-06-01 09:00:00,179369.2,22294.2,35377.5
2025-06-01 10:00:00,182132.2,22111.2,39938.2
2025-06-01 11:00:00,183933.0,21596.5,41789.0
2025-06-01 12:00:00,186143.2,21395.0,42578.0
2025-06-01 13:00:00,187034.0,21566.8,43210.0
2025-06-01 14:00:00,191423.5,23014.0,47158.5
2025-06-01 15:00:00,194414.2,23884.5,45277.8
2025-06-01 16:00:00,188799.8,24412.8,33598.8
2025-06-01 17:00:00,179574.5,24701.0,19603.5
2025-06-01 18:00:00,177057.5,23967.2,6575.2
2025-06-01 19:00:00,189943.0,23183.2,789.0
2025-06-01 20:00:00,196993.2,22741.0,87.5
2025-06-01 21:00:00,200822.0,21934.0,0.0
2025-06-01 22:00:00,205565.0,20827.2,0.0
2025-06-01 23:00:00,206140.5,19619.0,0.0
2025-06-02 00:00:00,201995.5,18404.2,0.0
2025-06-02 01:00:00,195468.2,17760.5,0.0
2025-06-02 02:00:00,189368.8,17233.0,0.0
2025-06-02 03:00:00,184610.2,16534.8,0.0
2025-06-02 04:00:00,182234.5,15865.5,0.0
2025-06-02 05:00:00,182042.0,15443.0,20.5
2025-06-02 06:00:00,183443.0,14732.8,3067.2
2025-06-02 07:00:00,185127.2,14173.8,15023.0
2025-06-02 08:00:00,186719.2,17081.5,31667.5
2025-06-02 09:00:00,195153.2,19934.0,44747.0
2025-06-02 10:00:00,202719.2,21342.8,53848.8
2025-06-02 11:00:00,205418.2,22483.5,58773.8
2025-06-02 12:00:00,205115.8,23802.5,57300.8
2025-06-02 13:00:00,204854.2,24038.5,56624.2
2025-06-02 14:00:00,209727.2,24637.8,53906.8
2025-06-02 15:00:00,212434.2,24366.0,45879.0
2025-06-02 16:00:00,207393.0,24504.2,31412.5
2025-06-02 17:00:00,200686.8,25065.2,16965.5
2025-06-02 18:00:00,196820.0,24399.0,5639.0
2025-06-02 19:00:00,206002.2,23591.8,860.8
2025-06-02 20:00:00,210117.2,22869.2,102.0
2025-06-02 21:00:00,211451.5,22170.5,0.0
2025-06-02 22:00:00,215069.8,21843.2,0.0
2025-06-02 23:00:00,212861.5,21644.2,0.0
2025-06-03 00:00:00,206051.5,22208.5,0.0
2025-06-03 01:00:00,198513.5,23209.5,0.0
2025-06-03 02:00:00,191486.5,22592.0,0.0
2025-06-03 03:00:00,187192.5,21312.2,0.0
2025-06-03 04:00:00,185041.5,20391.5,0.0
2025-06-03 05:00:00,184064.5,19649.8,8.5
2025-06-03 06:00:00,185541.5,18148.0,2470.0
2025-06-03 07:00:00,186618.8,17503.2,12782.8
2025-06-03 08:00:00,187302.8,21000.2,27245.5
2025-06-03 09:00:00,195714.5,22715.0,42161.0
2025-06-03 10:00:00,200281.8,22570.2,51327.0
2025-06-03 11:00:00,202015.5,22620.8,54328.5
2025-06-03 12:00:00,202564.5,22375.2,55831.2
2025-06-03 13:00:00,202005.8,21611.5,55128.8
2025-06-03 14:00:00,205710.8,21598.0,49110.5
2025-06-03 15:00:00,207570.2,21859.8,41405.5
2025-06-03 16:00:00,204945.5,21520.5,30618.8
2025-06-03 17:00:00,200326.8,21151.8,17840.2
2025-06-03 18:00:00,197100.8,21482.5,6273.8
2025-06-03 19:00:00,203984.0,20614.8,977.0
2025-06-03 20:00:00,205483.2,19577.5,100.8
2025-06-03 21:00:00,206658.8,18396.0,0.0
2025-06-03 22:00:00,209856.2,17172.0,0.0
2025-06-03 23:00:00,207408.8,15966.8,0.0
2025-06-04 00:00:00,,,
2025-06-04 01:00:00,,,
2025-06-04 02:00:00,,,
2025-06-04 03:00:00,,,
2025-06-04 04:00:00,,,
2025-06-04 05:00:00,,,
2025-06-04 06:00:00,,,
2025-06-04 07:00:00,,,
2025-06-04 08:00:00,,,
2025-06-04 09:00:00,,,
2025-06-04 10:00:00,,,
2025-06-04 11:00:00,,,
2025-06-04 12:00:00,,,
2025-06-04 13:00:00,,,
2025-06-04 14:00:00,,,
2025-06-04 15:00:00,,,
2025-06-04 16:00:00,,,
2025-06-04 17:00:00,,,
2025-06-04 18:00:00,,,
2025-06-04 19:00:00,,,
2025-06-04 20:00:00,,,
2025-06-04 21:00:00,,,
2025-06-04 22:00:00,,,
2025-06-04 23:00:00,,,
2025-06-05 00:00:00,202716.5,14746.5,0.0
2025-06-05 01:00:00,195620.5,13349.2,0.0
2025-06-05 02:00:00,189764.8,12173.8,0.0
2025-06-05 03:00:00,186319.5,11607.2,0.0
2025-06-05 04:00:00,184279.0,10423.8,0.0
2025-06-05 05:00:00,183928.5,8615.0,68.5
2025-06-05 06:00:00,186015.5,6751.8,2878.0
2025-06-05 07:00:00,187904.2,5245.5,14644.0
2025-06-05 08:00:00,190269.0,6206.0,31459.2
2025-06-05 09:00:00,199934.2,7552.0,46737.0
2025-06-05 10:00:00,206226.2,8102.0,56134.0
2025-06-05 11:00:00,208368.8,7809.8,60108.0
2025-06-05 12:00:00,208468.5,7117.0,61075.2
2025-06-05 13:00:00,205370.8,6967.2,59228.5
2025-06-05 14:00:00,210579.0,7427.8,55227.8
2025-06-05 15:00:00,214200.5,8747.8,46625.8
2025-06-05 16:00:00,211959.8,9862.8,36001.2
2025-06-05 17:00:00,206648.8,10732.2,21518.8
2025-06-05 18:00:00,202578.2,10462.5,7750.2
2025-06-05 19:00:00,210424.2,10185.2,1112.2
2025-06-05 20:00:00,215123.0,10790.0,94.5
2025-06-05 21:00:00,215491.5,10527.0,0.0
2025-06-05 22:00:00,216746.5,10168.8,0.0
2025-06-05 23:00:00,213469.0,10233.8,0.0
2025-06-06 00:00:00,209977.0,10720.0,0.0
2025-06-06 01:00:00,205526.0,10780.5,0.0
2025-06-06 02:00:00,200257.2,10526.8,0.0
2025-06-06 03:00:00,196190.8,9720.8,0.0
2025-06-06 04:00:00,194458.0,9248.8,0.0
2025-06-06 05:00:00,193628.2,8769.2,0.0
2025-06-06 06:00:00,194024.8,7475.5,2995.8
2025-06-06 07:00:00,194609.8,6601.0,15201.2
2025-06-06 08:00:00,196639.0,7631.2,32340.0
2025-06-06 09:00:00,207455.8,7495.2,47928.8
2025-06-06 10:00:00,213233.5,6543.2,58139.8
2025-06-06 11:00:00,216685.2,5691.2,61733.8
2025-06-06 12:00:00,218127.8,5730.8,61655.8
2025-06-06 13:00:00,216778.5,6162.8,59315.2
2025-06-06 14:00:00,221421.0,7730.2,56028.2
2025-06-06 15:00:00,224010.2,10070.5,48605.8
2025-06-06 16:00:00,220853.0,12611.8,37329.5
2025-06-06 17:00:00,214150.5,13813.5,22413.2
2025-06-06 18:00:00,207866.8,14680.8,8263.5
2025-06-06 19:00:00,215038.5,13951.2,1080.8
2025-06-06 20:00:00,219922.2,14703.5,80.5
2025-06-06 21:00:00,221851.2,14704.2,0.0
2025-06-06 22:00:00,224513.5,15792.2,0.0
2025-06-06 23:00:00,222902.5,17332.5,0.0
2025-06-07 00:00:00,218652.2,17432.5,0.0
2025-06-07 01:00:00,212817.2,16624.8,0.0
2025-06-07 02:00:00,207067.0,16148.2,0.0
2025-06-07 03:00:00,203086.5,15250.8,0.0
2025-06-07 04:00:00,201376.8,14873.2,0.0
2025-06-07 05:00:00,201882.2,14137.5,3.2
2025-06-07 06:00:00,201723.5,13020.8,3100.5
2025-06-07 07:00:00,200656.5,11505.0,15680.0
2025-06-07 08:00:00,201520.8,12429.0,33113.0
2025-06-07 09:00:00,211725.2,11762.2,47333.2
2025-06-07 10:00:00,218055.8,11184.2,56970.5
2025-06-07 11:00:00,220976.0,11379.2,61004.0
2025-06-07 12:00:00,222564.0,12143.5,61465.5
2025-06-07 13:00:00,222489.5,13133.0,58884.8
2025-06-07 14:00:00,228677.0,14427.0,54836.8
2025-06-07 15:00:00,231130.0,15904.0,47489.2
2025-06-07 16:00:00,225782.0,17236.2,35773.5
2025-06-07 17:00:00,216090.0,18200.5,21096.2
2025-06-07 18:00:00,207123.5,19187.8,7515.0
2025-06-07 19:00:00,214519.2,19026.2,1039.0
2025-06-07 20:00:00,219320.8,18898.5,85.5
2025-06-07 21:00:00,222193.0,19747.0,0.0
2025-06-07 22:00:00,226603.5,19007.5,0.0
2025-06-07 23:00:00,226923.8,18188.8,0.0
2025-06-08 00:00:00,222641.0,18088.5,0.0
2025-06-08 01:00:00,216281.0,18171.0,0.0
2025-06-08 02:00:00,211095.5,17840.8,0.0
2025-06-08 03:00:00,206786.0,17788.8,0.0
2025-06-08 04:00:00,204152.0,17073.8,0.0
2025-06-08 05:00:00,202479.8,16051.8,24.8
2025-06-08 06:00:00,199067.5,14956.8,2781.2
2025-06-08 07:00:00,193758.5,13603.5,14418.0
2025-06-08 08:00:00,195227.8,14498.8,33258.8
2025-06-08 09:00:00,202986.5,13864.2,48244.0
2025-06-08 10:00:00,207456.2,12559.5,57742.0
2025-06-08 11:00:00,209552.0,12254.5,61443.2
2025-06-08 12:00:00,211441.0,12364.8,61873.2
2025-06-08 13:00:00,213550.8,12796.8,59649.0
2025-06-08 14:00:00,219109.5,14024.0,54852.8
2025-06-08 15:00:00,221482.2,15486.0,47400.2
2025-06-08 16:00:00,216042.5,16995.8,36074.5
2025-06-08 17:00:00,205754.5,18272.5,21474.5
2025-06-08 18:00:00,197107.0,18890.5,7781.0
2025-06-08 19:00:00,208192.8,20406.5,1174.2
2025-06-08 20:00:00,215735.5,21322.5,121.8
2025-06-08 21:00:00,221143.5,21593.2,0.0
2025-06-08 22:00:00,225466.8,21494.0,0.0
2025-06-08 23:00:00,225581.8,20522.8,0.0
2025-06-09 00:00:00,221810.5,20805.5,0.0
2025-06-09 01:00:00,216346.5,20797.2,0.0
2025-06-09 02:00:00,210587.5,20066.8,0.0
2025-06-09 03:00:00,206460.5,19644.2,0.0
2025-06-09 04:00:00,204476.0,19185.0,0.0
2025-06-09 05:00:00,203179.5,17992.8,0.0
2025-06-09 06:00:00,202868.8,15884.2,2663.0
2025-06-09 07:00:00,202879.0,13990.5,14772.5
2025-06-09 08:00:00,205719.5,14500.0,31405.8
2025-06-09 09:00:00,217512.8,13778.0,44746.0
2025-06-09 10:00:00,224343.2,13146.5,53643.2
2025-06-09 11:00:00,228740.2,12753.0,57275.5
2025-06-09 12:00:00,231027.5,13048.8,57498.5
2025-06-09 13:00:00,232576.0,14397.5,57074.0
2025-06-09 14:00:00,237618.2,16381.8,54026.0
2025-06-09 15:00:00,240054.8,18453.0,47702.0
2025-06-09 16:00:00,234484.5,19642.2,37592.5
2025-06-09 17:00:00,226802.8,20880.2,22656.8
2025-06-09 18:00:00,220805.8,22435.0,8372.8
2025-06-09 19:00:00,227384.5,22742.5,984.5
2025-06-09 20:00:00,230378.2,22359.8,25.2
2025-06-09 21:00:00,232469.5,21878.2,0.0
2025-06-09 22:00:00,236084.0,20237.8,0.0
2025-06-09 23:00:00,234743.2,19375.5,0.0
2025-06-10 00:00:00,229411.2,19460.0,0.0
2025-06-10 01:00:00,223350.0,18691.2,0.0
2025-06-10 02:00:00,218921.5,18405.8,0.0
2025-06-10 03:00:00,215047.8,18252.5,0.0
2025-06-10 04:00:00,212249.5,26079.8,0.0
2025-06-10 05:00:00,210518.0,18132.5,24.5
2025-06-10 06:00:00,210138.2,17130.5,2842.8
2025-06-10 07:00:00,209183.2,15561.2,14872.5
2025-06-10 08:00:00,211363.0,17319.2,31648.8
2025-06-10 09:00:00,221576.5,17150.2,46008.8
2025-06-10 10:00:00,227089.2,16188.5,55483.8
2025-06-10 11:00:00,229514.2,16542.8,59321.2
2025-06-10 12:00:00,231464.2,16868.0,59385.0
2025-06-10 13:00:00,231851.5,17251.2,57988.5
2025-06-10 14:00:00,238535.0,17601.2,55977.0
2025-06-10 15:00:00,241314.2,17996.8,51712.0
2025-06-10 16:00:00,236253.0,18630.8,42795.0
2025-06-10 17:00:00,228084.8,20011.5,21541.0
2025-06-10 18:00:00,220634.5,19894.8,8067.2
2025-06-10 19:00:00,224908.2,20803.5,896.0
2025-06-10 20:00:00,228333.8,21189.8,36.2
2025-06-10 21:00:00,231017.2,21335.0,0.0
2025-06-10 22:00:00,234247.8,21236.5,0.0
2025-06-10 23:00:00,233463.2,20307.2,0.0
2025-06-11 00:00:00,,,
2025-06-11 01:00:00,,,
2025-06-11 02:00:00,,,
2025-06-11 03:00:00,,,
2025-06-11 04:00:00,,,
2025-06-11 05:00:00,,,
2025-06-11 06:00:00,,,
2025-06-11 07:00:00,,,
2025-06-11 08:00:00,,,
2025-06-11 09:00:00,,,
2025-06-11 10:00:00,,,
2025-06-11 11:00:00,,,
2025-06-11 12:00:00,,,
2025-06-11 13:00:00,,,
2025-06-11 14:00:00,,,
2025-06-11 15:00:00,,,
2025-06-11 16:00:00,,,
2025-06-11 17:00:00,,,
2025-06-11 18:00:00,,,
2025-06-11 19:00:00,,,
2025-06-11 20:00:00,,,
2025-06-11 21:00:00,,,
2025-06-11 22:00:00,,,
2025-06-11 23:00:00,,,
2025-06-12 00:00:00,,,
2025-06-12 01:00:00,,,
2025-06-12 02:00:00,,,
2025-06-12 03:00:00,,,
2025-06-12 04:00:00,,,
2025-06-12 05:00:00,,,
2025-06-12 06:00:00,,,
2025-06-12 07:00:00,,,
2025-06-12 08:00:00,,,
2025-06-12 09:00:00,,,
2025-06-12 10:00:00,,,
2025-06-12 11:00:00,,,
2025-06-12 12:00:00,,,
2025-06-12 13:00:00,,,
2025-06-12 14:00:00,,,
2025-06-12 15:00:00,,,
2025-06-12 16:00:00,,,
2025-06-12 17:00:00,,,
2025-06-12 18:00:00,,,
2025-06-12 19:00:00,,,
2025-06-12 20:00:00,,,
2025-06-12 21:00:00,,,
2025-06-12 22:00:00,,,
2025-06-12 23:00:00,,,
2025-06-13 00:00:00,225524.2,14410.0,0.0
2025-06-13 01:00:00,221851.8,14174.8,0.0
2025-06-13 02:00:00,219243.5,13343.8,0.0
2025-06-13 03:00:00,216341.8,12666.5,0.0
2025-06-13 04:00:00,214287.2,11918.5,0.0
2025-06-13 05:00:00,212171.8,10645.5,0.0
2025-06-13 06:00:00,215160.8,9808.8,2595.8
2025-06-13 07:00:00,216556.5,9273.8,13553.8
2025-06-13 08:00:00,219385.8,9969.0,29692.8
2025-06-13 09:00:00,227519.2,10771.8,42491.0
2025-06-13 10:00:00,233082.2,11476.5,50859.2
2025-06-13 11:00:00,235806.2,12950.8,54241.0
2025-06-13 12:00:00,235992.8,14047.2,54748.5
2025-06-13 13:00:00,233467.5,14479.8,52182.8
2025-06-13 14:00:00,238734.8,15495.5,49027.0
2025-06-13 15:00:00,239145.2,16296.0,41778.0
2025-06-13 16:00:00,234877.2,16792.5,30619.8
2025-06-13 17:00:00,226524.8,16926.8,18397.0
2025-06-13 18:00:00,218712.5,17582.0,7035.5
2025-06-13 19:00:00,223867.5,17288.0,678.0
2025-06-13 20:00:00,227851.5,15900.2,6.2
2025-06-13 21:00:00,230784.0,14298.0,0.0
2025-06-13 22:00:00,232438.8,13809.8,0.0
2025-06-13 23:00:00,231141.8,13907.8,0.0
2025-06-14 00:00:00,227740.5,14255.8,0.0
2025-06-14 01:00:00,222979.2,13646.5,0.0
2025-06-14 02:00:00,219002.0,12306.8,0.0
2025-06-14 03:00:00,215315.0,12110.2,0.0
2025-06-14 04:00:00,213454.5,11630.8,0.0
2025-06-14 05:00:00,211057.0,11273.8,0.0
2025-06-14 06:00:00,210965.5,11295.2,2530.0
2025-06-14 07:00:00,209271.0,10569.5,12241.8
2025-06-14 08:00:00,210368.2,11915.5,23916.8
2025-06-14 09:00:00,219523.0,12685.5,34282.0
2025-06-14 10:00:00,225223.8,13670.2,40922.0
2025-06-14 11:00:00,232036.5,14160.2,44202.0
2025-06-14 12:00:00,233822.5,14257.2,43669.2
2025-06-14 13:00:00,231997.5,14077.2,42548.0
2025-06-14 14:00:00,237393.2,14317.2,39387.5
2025-06-14 15:00:00,239115.8,15167.8,34861.0
2025-06-14 16:00:00,234442.0,16628.8,23031.2
2025-06-14 17:00:00,226085.0,19018.2,13763.0
2025-06-14 18:00:00,217369.8,19809.5,5860.8
2025-06-14 19:00:00,222446.8,19294.0,1841.8
2025-06-14 20:00:00,225653.2,18307.5,325.0
2025-06-14 21:00:00,226350.2,16680.8,0.0
2025-06-14 22:00:00,229220.5,15429.2,0.0
2025-06-14 23:00:00,228620.8,15796.8,0.0
2025-06-15 00:00:00,223875.2,16022.2,0.0
2025-06-15 01:00:00,219090.8,15335.0,0.0
2025-06-15 02:00:00,214406.2,14566.5,0.0
2025-06-15 03:00:00,209958.8,15614.5,0.0
2025-06-15 04:00:00,205679.2,17002.2,0.0
2025-06-15 05:00:00,201199.5,16548.8,0.0
2025-06-15 06:00:00,197309.8,14178.2,1437.8
2025-06-15 07:00:00,192602.0,11909.5,7787.8
2025-06-15 08:00:00,191565.5,12430.8,18923.8
2025-06-15 09:00:00,196228.0,14533.8,29332.0
2025-06-15 10:00:00,198773.2,13402.5,37527.8
2025-06-15 11:00:00,200951.0,13542.5,37382.8
2025-06-15 12:00:00,201784.0,13722.2,37304.0
2025-06-15 13:00:00,199455.5,14432.5,34240.8
2025-06-15 14:00:00,201802.0,14854.2,31757.2
2025-06-15 15:00:00,203265.0,15850.8,27502.2
2025-06-15 16:00:00,198876.5,17218.8,21722.8
2025-06-15 17:00:00,193286.8,16938.5,12493.8
2025-06-15 18:00:00,189788.8,15693.8,4470.2
2025-06-15 19:00:00,199731.2,15931.5,419.0
2025-06-15 20:00:00,208114.2,15954.5,10.0
2025-06-15 21:00:00,212396.8,17005.5,0.0
2025-06-15 22:00:00,216097.0,17082.0,0.0
2025-06-15 23:00:00,215119.8,17551.5,0.0
2025-06-16 00:00:00,210439.5,16742.5,0.0
2025-06-16 01:00:00,204835.0,16309.0,0.0
2025-06-16 02:00:00,199741.0,16848.5,0.0
2025-06-16 03:00:00,195177.0,16511.0,0.0
2025-06-16 04:00:00,192653.8,16837.8,0.0
2025-06-16 05:00:00,191787.8,16386.0,0.0
2025-06-16 06:00:00,193823.2,16111.8,1955.2
2025-06-16 07:00:00,195099.2,16495.8,10821.8
2025-06-16 08:00:00,195423.0,17149.0,22410.5
2025-06-16 09:00:00,203846.8,17531.8,32778.2
2025-06-16 10:00:00,208944.8,18328.0,37967.8
2025-06-16 11:00:00,211873.5,18631.5,39683.5
2025-06-16 12:00:00,212066.8,18834.2,38790.2
2025-06-16 13:00:00,209323.0,19617.2,36584.5
2025-06-16 14:00:00,212005.8,20799.8,33260.5
2025-06-16 15:00:00,214340.0,22031.0,31586.2
2025-06-16 16:00:00,209660.8,22812.0,22924.8
2025-06-16 17:00:00,204320.2,23646.2,13547.2
2025-06-16 18:00:00,200090.8,23121.5,4215.2
2025-06-16 19:00:00,210876.0,21884.8,437.0
2025-06-16 20:00:00,215621.8,20455.5,1.8
2025-06-16 21:00:00,218163.2,19638.2,0.0
2025-06-16 22:00:00,220896.5,18882.2,0.0
2025-06-16 23:00:00,218174.2,17195.2,0.0
2025-06-17 00:00:00,210987.8,15246.5,0.0
2025-06-17 01:00:00,205261.8,15782.0,0.0
2025-06-17 02:00:00,200569.5,15607.8,0.0
2025-06-17 03:00:00,195444.2,14890.2,0.0
2025-06-17 04:00:00,192112.5,14969.8,0.0
2025-06-17 05:00:00,191328.2,14126.5,0.0
2025-06-17 06:00:00,192752.5,13459.5,1702.2
2025-06-17 07:00:00,192550.0,14217.8,9365.0
2025-06-17 08:00:00,191902.5,16041.8,22652.5
2025-06-17 09:00:00,197212.2,17468.8,34893.5
2025-06-17 10:00:00,202701.8,18612.5,43193.0
2025-06-17 11:00:00,205326.5,19253.8,46227.5
2025-06-17 12:00:00,205355.2,19613.0,46951.8
2025-06-17 13:00:00,203602.8,21044.0,45575.0
2025-06-17 14:00:00,205511.2,22069.5,40946.8
2025-06-17 15:00:00,203672.0,22436.2,32970.0
2025-06-17 16:00:00,200452.2,23312.0,22727.0
2025-06-17 17:00:00,196932.0,21975.5,13710.8
2025-06-17 18:00:00,196651.2,21192.0,5634.0
2025-06-17 19:00:00,205734.5,19829.5,994.5
2025-06-17 20:00:00,209366.8,18273.5,5.0
2025-06-17 21:00:00,211048.2,17003.2,0.0
2025-06-17 22:00:00,212427.8,16246.8,0.0
2025-06-17 23:00:00,208926.5,14659.0,0.0
2025-06-18 00:00:00,202945.2,15156.8,0.0
2025-06-18 01:00:00,196196.5,17336.8,0.0
2025-06-18 02:00:00,190960.0,17271.0,0.0
2025-06-18 03:00:00,187305.8,17539.8,0.0
2025-06-18 04:00:00,184842.2,17630.2,0.0
2025-06-18 05:00:00,185387.2,18052.8,20.5
2025-06-18 06:00:00,188567.2,17685.2,2434.0
2025-06-18 07:00:00,191034.8,17807.0,12792.5
2025-06-18 08:00:00,192732.0,20122.8,26898.0
2025-06-18 09:00:00,199318.0,22454.5,40119.8
2025-06-18 10:00:00,202608.0,23387.8,45334.5
2025-06-18 11:00:00,203916.0,24683.8,45841.0
2025-06-18 12:00:00,204379.5,24111.5,46252.0
2025-06-18 13:00:00,201400.8,23956.5,44339.2
2025-06-18 14:00:00,206651.2,24868.8,45019.0
2025-06-18 15:00:00,209007.2,24931.8,41859.8
2025-06-18 16:00:00,208387.5,24559.0,32717.8
2025-06-18 17:00:00,204106.5,24103.5,19754.2
2025-06-18 18:00:00,201159.5,24259.2,7316.5
2025-06-18 19:00:00,212652.5,24090.8,871.8
2025-06-18 20:00:00,216572.5,23578.0,27.0
2025-06-18 21:00:00,218495.5,23170.2,0.0
2025-06-18 22:00:00,219623.2,22798.8,0.0
2025-06-18 23:00:00,215097.0,22689.8,0.0
2025-06-19 00:00:00,,,
2025-06-19 01:00:00,,,
2025-06-19 02:00:00,,,
2025-06-19 03:00:00,,,
2025-06-19 04:00:00,,,
2025-06-19 05:00:00,,,
2025-06-19 06:00:00,,,
2025-06-19 07:00:00,,,
2025-06-19 08:00:00,,,
2025-06-19 09:00:00,,,
2025-06-19 10:00:00,,,
2025-06-19 11:00:00,,,
2025-06-19 12:00:00,,,
2025-06-19 13:00:00,,,
2025-06-19 14:00:00,,,
2025-06-19 15:00:00,,,
2025-06-19 16:00:00,,,
2025-06-19 17:00:00,,,
2025-06-19 18:00:00,,,
2025-06-19 19:00:00,,,
2025-06-19 20:00:00,,,
2025-06-19 21:00:00,,,
2025-06-19 22:00:00,,,
2025-06-19 23:00:00,,,
2025-06-20 00:00:00,204292.5,23667.0,0.0
2025-06-20 01:00:00,197229.0,24285.0,0.0
2025-06-20 02:00:00,191683.0,24081.0,0.0
2025-06-20 03:00:00,188626.0,23367.5,0.0
2025-06-20 04:00:00,187671.2,22973.5,0.0
2025-06-20 05:00:00,188787.5,22609.8,69.8
2025-06-20 06:00:00,192925.8,22123.0,2266.5
2025-06-20 07:00:00,194898.5,21345.5,11477.8
2025-06-20 08:00:00,196603.0,23126.8,25024.5
2025-06-20 09:00:00,202691.0,25646.8,36681.8
2025-06-20 10:00:00,205590.5,26210.2,42413.8
2025-06-20 11:00:00,207251.2,26652.0,45084.8
2025-06-20 12:00:00,207524.5,26538.5,45538.2
2025-06-20 13:00:00,204706.0,27152.2,43694.8
2025-06-20 14:00:00,208114.5,28021.2,43365.5
2025-06-20 15:00:00,210852.8,28113.8,40548.0
2025-06-20 16:00:00,209214.8,27998.8,30870.5
2025-06-20 17:00:00,206277.5,27418.8,18576.5
2025-06-20 18:00:00,204188.8,26680.8,7294.2
2025-06-20 19:00:00,213063.0,26372.0,1207.8
2025-06-20 20:00:00,216376.5,24695.0,16.0
2025-06-20 21:00:00,217643.0,23287.2,0.0
2025-06-20 22:00:00,218502.5,22313.2,0.0
2025-06-20 23:00:00,214057.5,21358.2,0.0
2025-06-21 00:00:00,206868.2,21353.0,0.0
2025-06-21 01:00:00,200093.8,21607.5,0.0
2025-06-21 02:00:00,196129.2,21770.0,0.0
2025-06-21 03:00:00,192693.0,21341.0,0.0
2025-06-21 04:00:00,192205.8,20699.8,0.0
2025-06-21 05:00:00,192465.8,19192.2,48.0
2025-06-21 06:00:00,195322.5,17212.2,2062.0
2025-06-21 07:00:00,195453.8,16936.8,10627.2
2025-06-21 08:00:00,196765.2,19767.5,22967.2
2025-06-21 09:00:00,203127.0,23692.2,32387.2
2025-06-21 10:00:00,208135.8,26140.8,39862.0
2025-06-21 11:00:00,209360.8,26547.2,41482.5
2025-06-21 12:00:00,210806.2,27051.8,41564.2
2025-06-21 13:00:00,209399.0,28031.5,40514.8
2025-06-21 14:00:00,213187.0,28320.5,38652.2
2025-06-21 15:00:00,215467.2,29307.2,33354.8
2025-06-21 16:00:00,212202.0,29152.8,23154.5
2025-06-21 17:00:00,208047.8,28651.2,12688.8
2025-06-21 18:00:00,206695.0,27749.5,4494.5
2025-06-21 19:00:00,216348.0,25634.8,624.8
2025-06-21 20:00:00,219679.2,23342.8,21.8
2025-06-21 21:00:00,220665.2,21545.8,0.0
2025-06-21 22:00:00,223410.8,21655.8,0.0
2025-06-21 23:00:00,221370.0,21268.5,0.0
2025-06-22 00:00:00,215776.8,20366.5,0.0
2025-06-22 01:00:00,210182.8,19760.5,0.0
2025-06-22 02:00:00,205951.8,19883.8,0.0
2025-06-22 03:00:00,202485.8,20474.0,0.0
2025-06-22 04:00:00,200780.0,20744.5,0.0
2025-06-22 05:00:00,198898.5,18508.0,114.5
2025-06-22 06:00:00,197041.2,16680.2,2272.5
2025-06-22 07:00:00,194504.8,15380.8,10874.0
2025-06-22 08:00:00,194196.2,17056.2,23820.8
2025-06-22 09:00:00,198830.2,19142.8,36398.2
2025-06-22 10:00:00,198430.5,20480.2,42710.2
2025-06-22 11:00:00,198449.0,21829.8,41268.2
2025-06-22 12:00:00,198592.0,22637.8,41889.8
2025-06-22 13:00:00,197739.5,23492.5,39810.5
2025-06-22 14:00:00,199067.2,23397.8,41400.0
2025-06-22 15:00:00,197412.2,23248.0,36255.0
2025-06-22 16:00:00,193309.0,23239.8,27091.2
2025-06-22 17:00:00,188374.8,23440.8,15577.8
2025-06-22 18:00:00,186752.5,23308.2,5418.2
2025-06-22 19:00:00,199389.8,22478.0,667.5
2025-06-22 20:00:00,206049.2,21314.5,22.0
2025-06-22 21:00:00,209311.8,20847.8,0.0
2025-06-22 22:00:00,210386.2,20099.2,0.0
2025-06-22 23:00:00,207936.2,20202.8,0.0
2025-06-23 00:00:00,202449.8,20891.0,0.0
2025-06-23 01:00:00,196410.8,20541.5,0.0
2025-06-23 02:00:00,192138.2,20926.8,0.0
2025-06-23 03:00:00,188882.2,21148.0,0.0
2025-06-23 04:00:00,187948.0,20523.0,0.0
2025-06-23 05:00:00,188043.0,19652.5,103.8
2025-06-23 06:00:00,191875.5,17704.2,1932.0
2025-06-23 07:00:00,194465.2,16323.5,9767.0
2025-06-23 08:00:00,197215.0,17257.8,20060.0
2025-06-23 09:00:00,205267.0,18401.8,31186.0
2025-06-23 10:00:00,211276.2,20471.2,40755.8
2025-06-23 11:00:00,211940.5,22002.8,45078.0
2025-06-23 12:00:00,211534.5,22612.0,44305.0
2025-06-23 13:00:00,208856.8,23461.5,39014.8
2025-06-23 14:00:00,211728.0,23678.2,34207.2
2025-06-23 15:00:00,211938.8,23882.0,27241.2
2025-06-23 16:00:00,208740.8,23861.8,17509.2
2025-06-23 17:00:00,206576.5,23366.5,11439.0
2025-06-23 18:00:00,205339.5,24833.8,3566.2
2025-06-23 19:00:00,214038.0,23846.5,404.0
2025-06-23 20:00:00,216196.2,23705.8,6.0
2025-06-23 21:00:00,216322.8,22304.0,0.0
2025-06-23 22:00:00,217022.5,21764.0,0.0
2025-06-23 23:00:00,214160.8,24311.2,0.0
2025-06-24 00:00:00,207816.2,25752.0,0.0
2025-06-24 01:00:00,200512.5,24045.8,0.0
2025-06-24 02:00:00,195805.0,22407.2,0.0
2025-06-24 03:00:00,192282.0,21620.8,0.0
2025-06-24 04:00:00,191038.5,21314.8,0.0
2025-06-24 05:00:00,191451.8,20600.0,52.5
2025-06-24 06:00:00,195450.0,20724.5,1966.5
2025-06-24 07:00:00,196707.5,20598.5,10037.2
2025-06-24 08:00:00,198137.8,22032.8,21993.2
2025-06-24 09:00:00,205825.0,24004.8,34556.2
2025-06-24 10:00:00,210627.5,25226.8,43213.2
2025-06-24 11:00:00,210975.2,24408.0,46874.5
2025-06-24 12:00:00,209682.2,24474.2,48171.5
2025-06-24 13:00:00,206674.8,24395.0,48111.8
2025-06-24 14:00:00,210102.8,25042.8,45232.0
2025-06-24 15:00:00,210966.2,25902.2,38399.5
2025-06-24 16:00:00,208661.2,25889.2,27461.2
2025-06-24 17:00:00,207150.2,25666.8,16250.2
2025-06-24 18:00:00,208441.0,24561.8,5962.5
2025-06-24 19:00:00,216732.0,24210.8,808.5
2025-06-24 20:00:00,218570.0,22218.2,0.0
2025-06-24 21:00:00,219598.5,21831.0,0.0
2025-06-24 22:00:00,219639.2,21401.5,0.0
2025-06-24 23:00:00,215997.8,20355.8,0.0
2025-06-25 00:00:00,209287.5,20076.8,0.0
2025-06-25 01:00:00,203357.2,20230.5,0.0
2025-06-25 02:00:00,198496.0,19660.2,0.0
2025-06-25 03:00:00,195522.2,18132.8,0.0
2025-06-25 04:00:00,194955.0,17289.5,0.0
2025-06-25 05:00:00,195226.0,16677.5,0.0
2025-06-25 06:00:00,198855.0,15204.8,1514.2
2025-06-25 07:00:00,201142.5,14053.2,8627.8
2025-06-25 08:00:00,202483.8,14718.2,18842.8
2025-06-25 09:00:00,209495.5,17273.5,30455.2
2025-06-25 10:00:00,211763.5,18667.2,38117.2
2025-06-25 11:00:00,212109.2,19397.0,42059.5
2025-06-25 12:00:00,211287.0,19106.2,44966.8
2025-06-25 13:00:00,207352.2,18565.0,44155.2
2025-06-25 14:00:00,208965.5,18772.0,41075.2
2025-06-25 15:00:00,209604.2,18118.0,32994.8
2025-06-25 16:00:00,205967.2,18300.0,20556.0
2025-06-25 17:00:00,203253.8,18232.0,10308.5
2025-06-25 18:00:00,203446.0,19111.8,3242.8
2025-06-25 19:00:00,212301.5,18306.5,188.2
2025-06-25 20:00:00,214959.0,16937.0,0.0
2025-06-25 21:00:00,215065.2,15950.2,0.0
2025-06-25 22:00:00,214397.8,15584.5,0.0
2025-06-25 23:00:00,211966.2,16575.8,0.0
2025-06-26 00:00:00,205696.8,16010.8,0.0
2025-06-26 01:00:00,199599.8,14224.0,0.0
2025-06-26 02:00:00,195276.0,13403.0,0.0
2025-06-26 03:00:00,191907.2,13017.2,0.0
2025-06-26 04:00:00,191960.2,12276.5,0.0
2025-06-26 05:00:00,192604.8,11805.2,0.0
2025-06-26 06:00:00,196687.0,10748.0,1622.0
2025-06-26 07:00:00,198932.0,10012.8,9306.2
2025-06-26 08:00:00,201181.5,10416.0,20526.5
2025-06-26 09:00:00,207588.0,12321.8,31540.2
2025-06-26 10:00:00,209137.2,14631.8,37110.0
2025-06-26 11:00:00,209399.5,15688.0,41682.5
2025-06-26 12:00:00,207914.0,16267.0,45524.5
2025-06-26 13:00:00,205380.2,16326.5,44889.5
2025-06-26 14:00:00,207102.8,17030.0,37792.5
2025-06-26 15:00:00,208201.0,18417.5,31225.2
2025-06-26 16:00:00,206730.5,18914.2,21081.0
2025-06-26 17:00:00,205811.8,20021.0,11604.2
2025-06-26 18:00:00,205997.8,20402.5,3858.0
2025-06-26 19:00:00,214510.5,18481.0,348.0
2025-06-26 20:00:00,217496.8,17012.8,0.0
2025-06-26 21:00:00,217087.0,16613.8,0.0
2025-06-26 22:00:00,216386.2,16880.8,0.0
2025-06-26 23:00:00,213596.5,15096.0,0.0
2025-06-27 00:00:00,208431.2,14484.2,0.0
2025-06-27 01:00:00,202985.0,14336.2,0.0
2025-06-27 02:00:00,198204.8,13617.8,0.0
2025-06-27 03:00:00,195138.0,14204.0,0.0
2025-06-27 04:00:00,195097.5,14921.5,0.0
2025-06-27 05:00:00,195062.0,14426.2,0.0
2025-06-27 06:00:00,199223.0,13544.2,2095.0
2025-06-27 07:00:00,201067.0,12293.5,11125.2
2025-06-27 08:00:00,203129.8,12614.8,24192.0
2025-06-27 09:00:00,210705.5,14232.5,37484.2
2025-06-27 10:00:00,213782.5,14626.0,45723.5
2025-06-27 11:00:00,214202.8,15866.5,48041.0
2025-06-27 12:00:00,212230.2,16795.8,47899.8
2025-06-27 13:00:00,209426.8,17965.5,47029.5
2025-06-27 14:00:00,211843.2,19190.5,44254.8
2025-06-27 15:00:00,212428.0,20330.8,33608.5
2025-06-27 16:00:00,211911.8,21386.0,26751.5
2025-06-27 17:00:00,207801.2,20724.8,15454.0
2025-06-27 18:00:00,205604.2,20323.8,5321.0
2025-06-27 19:00:00,214124.5,19436.2,645.2
2025-06-27 20:00:00,218366.8,18784.8,47.8
2025-06-27 21:00:00,218604.8,17324.5,0.0
2025-06-27 22:00:00,217990.2,15305.8,0.0
2025-06-27 23:00:00,216244.8,14789.5,0.0
2025-06-28 00:00:00,,,
2025-06-28 01:00:00,,,
2025-06-28 02:00:00,,,
2025-06-28 03:00:00,,,
2025-06-28 04:00:00,,,
2025-06-28 05:00:00,,,
2025-06-28 06:00:00,,,
2025-06-28 07:00:00,,,
2025-06-28 08:00:00,,,
2025-06-28 09:00:00,,,
2025-06-28 10:00:00,,,
2025-06-28 11:00:00,,,
2025-06-28 12:00:00,,,
2025-06-28 13:00:00,,,
2025-06-28 14:00:00,,,
2025-06-28 15:00:00,,,
2025-06-28 16:00:00,,,
2025-06-28 17:00:00,,,
2025-06-28 18:00:00,,,
2025-06-28 19:00:00,,,
2025-06-28 20:00:00,,,
2025-06-28 21:00:00,,,
2025-06-28 22:00:00,,,
2025-06-28 23:00:00,,,
2025-06-29 00:00:00,207443.0,21576.2,0.0
2025-06-29 01:00:00,200984.0,21931.2,0.0
2025-06-29 02:00:00,196981.0,21045.2,0.0
2025-06-29 03:00:00,193984.5,20732.0,0.0
2025-06-29 04:00:00,193744.2,20084.0,0.0
2025-06-29 05:00:00,193283.0,20512.8,16.5
2025-06-29 06:00:00,193236.8,20013.0,2111.5
2025-06-29 07:00:00,192540.5,19534.2,10835.0
2025-06-29 08:00:00,193527.0,21218.8,23319.5
2025-06-29 09:00:00,197342.8,22596.8,34178.8
2025-06-29 10:00:00,197588.8,23720.8,41144.5
2025-06-29 11:00:00,196215.5,24902.2,40863.5
2025-06-29 12:00:00,195118.2,25111.2,40213.0
2025-06-29 13:00:00,192992.5,24948.0,40123.8
2025-06-29 14:00:00,193248.0,25377.2,38872.0
2025-06-29 15:00:00,192425.8,26935.8,35139.5
2025-06-29 16:00:00,188560.2,28045.2,27159.0
2025-06-29 17:00:00,182030.2,27788.8,16690.5
2025-06-29 18:00:00,181332.8,27477.8,6804.0
2025-06-29 19:00:00,192008.0,25440.2,976.8
2025-06-29 20:00:00,197768.0,23014.0,36.8
2025-06-29 21:00:00,200141.0,21872.8,0.0
2025-06-29 22:00:00,202082.2,21635.0,0.0
2025-06-29 23:00:00,198962.2,21966.2,0.0
2025-06-30 00:00:00,193666.5,22619.8,0.0
2025-06-30 01:00:00,187897.2,23203.2,0.0
2025-06-30 02:00:00,183408.2,22972.8,0.0
2025-06-30 03:00:00,180536.2,23034.2,0.0
2025-06-30 04:00:00,179487.0,22349.2,0.0
2025-06-30 05:00:00,181082.8,21882.8,0.0
2025-06-30 06:00:00,187372.2,21294.0,2158.8
2025-06-30 07:00:00,191366.8,20162.8,10338.8
2025-06-30 08:00:00,194065.8,20756.0,22248.2
2025-06-30 09:00:00,201064.8,22157.5,33022.8
2025-06-30 10:00:00,204919.8,22778.5,42765.8
2025-06-30 11:00:00,204972.8,23785.0,47107.2
2025-06-30 12:00:00,203540.8,24286.2,46783.2
2025-06-30 13:00:00,201046.2,24869.0,44731.2
2025-06-30 14:00:00,202840.8,25192.2,44568.5
2025-06-30 15:00:00,206136.0,26156.0,40898.0
2025-06-30 16:00:00,203888.5,27050.5,30403.8
2025-06-30 17:00:00,200298.0,26786.5,19016.2
2025-06-30 18:00:00,197463.5,26087.2,7656.8
2025-06-30 19:00:00,205469.5,24970.2,918.2
2025-06-30 20:00:00,207731.5,23637.5,5.0
2025-06-30 21:00:00,207875.8,23389.5,0.0
2025-06-30 22:00:00,207123.5,22750.2,0.0
2025-06-30 23:00:00,202804.2,22521.0,0.0
2025-07-01 00:00:00,196016.5,22029.2,0.0
2025-07-01 01:00:00,189437.8,21405.8,0.0
2025-07-01 02:00:00,184732.8,21423.5,0.0
2025-07-01 03:00:00,182348.5,20787.8,0.0
2025-07-01 04:00:00,181759.5,19657.8,0.0
2025-07-01 05:00:00,183463.2,19157.5,0.0
2025-07-01 06:00:00,190027.2,18223.5,1686.5
2025-07-01 07:00:00,191905.8,17107.5,9369.8
2025-07-01 08:00:00,193488.2,17665.2,21807.5
2025-07-01 09:00:00,200437.8,20312.2,33839.2
2025-07-01 10:00:00,203815.8,22629.8,41823.2
2025-07-01 11:00:00,203707.8,23059.0,44327.0
2025-07-01 12:00:00,201989.2,23203.8,45604.0
2025-07-01 13:00:00,197297.8,23286.5,44082.0
2025-07-01 14:00:00,198584.5,23992.2,40612.5
2025-07-01 15:00:00,202259.2,24596.0,36387.8
2025-07-01 16:00:00,200492.2,25945.2,27502.5
2025-07-01 17:00:00,198052.2,26135.0,14250.8
2025-07-01 18:00:00,196965.0,25440.0,5200.5
2025-07-01 19:00:00,205008.5,24797.5,554.2
2025-07-01 20:00:00,208274.0,23237.0,2.8
2025-07-01 21:00:00,208237.0,21238.0,0.0
2025-07-01 22:00:00,208060.5,20130.2,0.0
2025-07-01 23:00:00,204642.5,20223.5,0.0
2025-07-02 00:00:00,197901.5,20300.8,0.0
2025-07-02 01:00:00,191533.0,20524.2,0.0
2025-07-02 02:00:00,186520.2,20117.0,0.0
2025-07-02 03:00:00,183371.5,20537.5,0.0
2025-07-02 04:00:00,183131.8,18895.2,0.0
2025-07-02 05:00:00,184866.0,17281.8,0.0
2025-07-02 06:00:00,190766.0,16314.5,1691.2
2025-07-02 07:00:00,194408.5,15817.2,9417.2
2025-07-02 08:00:00,196961.8,16527.2,20455.0
2025-07-02 09:00:00,206023.0,18810.0,32213.8
2025-07-02 10:00:00,209635.0,20780.5,37386.8
2025-07-02 11:00:00,210849.2,21942.5,39170.2
2025-07-02 12:00:00,208964.5,21963.2,40792.5
2025-07-02 13:00:00,205142.2,20961.8,39424.5
2025-07-02 14:00:00,207342.8,21745.0,37725.2
2025-07-02 15:00:00,209113.8,21839.8,33130.0
2025-07-02 16:00:00,205489.5,21986.5,25200.8
2025-07-02 17:00:00,201972.0,21157.5,13454.5
2025-07-02 18:00:00,201713.2,21307.5,4311.2
2025-07-02 19:00:00,210075.8,20600.5,293.2
2025-07-02 20:00:00,211238.8,18551.5,0.0
2025-07-02 21:00:00,211667.8,16736.8,0.0
2025-07-02 22:00:00,211490.8,17095.0,0.0
2025-07-02 23:00:00,208284.8,17398.8,0.0
2025-07-03 00:00:00,202502.2,18183.2,0.0
2025-07-03 01:00:00,196768.5,18677.2,0.0
2025-07-03 02:00:00,192492.2,17847.8,0.0
2025-07-03 03:00:00,190170.5,16657.0,0.0
2025-07-03 04:00:00,190320.0,14381.8,0.0
2025-07-03 05:00:00,191657.0,14008.0,0.0
2025-07-03 06:00:00,195688.5,14408.5,1498.5
2025-07-03 07:00:00,198658.8,13924.5,8632.2
2025-07-03 08:00:00,200511.2,14171.2,20165.0
2025-07-03 09:00:00,206736.8,14890.8,32878.0
2025-07-03 10:00:00,209382.0,16767.5,42551.8
2025-07-03 11:00:00,208740.2,18317.0,46107.5
2025-07-03 12:00:00,207493.0,19283.5,45954.0
2025-07-03 13:00:00,205313.0,20370.5,40451.5
2025-07-03 14:00:00,209128.0,20803.8,34372.8
2025-07-03 15:00:00,212312.5,20256.5,28201.2
2025-07-03 16:00:00,209659.2,19921.2,20072.2
2025-07-03 17:00:00,206325.2,19305.0,10777.5
2025-07-03 18:00:00,205389.0,18277.0,4365.8
2025-07-03 19:00:00,213240.5,17699.8,624.2
2025-07-03 20:00:00,215009.5,16651.2,23.5
2025-07-03 21:00:00,214913.8,16279.5,0.0
2025-07-03 22:00:00,214614.0,16425.0,0.0
2025-07-03 23:00:00,211794.5,17006.2,0.0
2025-07-04 00:00:00,206254.2,16380.5,0.0
2025-07-04 01:00:00,200821.8,15297.2,0.0
2025-07-04 02:00:00,196345.2,15292.8,0.0
2025-07-04 03:00:00,194591.2,14947.5,0.0
2025-07-04 04:00:00,194707.8,14526.0,0.0
2025-07-04 05:00:00,196214.5,13956.5,47.2
2025-07-04 06:00:00,202490.5,13402.0,2032.2
2025-07-04 07:00:00,204458.5,13151.5,11302.8
2025-07-04 08:00:00,205213.5,13380.8,24115.0
2025-07-04 09:00:00,212697.2,14485.5,33210.0
2025-07-04 10:00:00,216472.0,16105.8,41755.0
2025-07-04 11:00:00,217440.2,17680.2,45982.8
2025-07-04 12:00:00,216119.5,18469.0,47340.5
2025-07-04 13:00:00,212717.2,19292.0,46933.5
2025-07-04 14:00:00,214811.8,20204.2,42772.0
2025-07-04 15:00:00,215153.5,20772.8,38504.0
2025-07-04 16:00:00,211978.0,20787.2,29176.0
2025-07-04 17:00:00,208062.0,20854.0,15935.5
2025-07-04 18:00:00,206248.8,20082.0,6180.0
2025-07-04 19:00:00,213320.0,20142.0,1129.2
2025-07-04 20:00:00,215030.2,19162.5,0.0
2025-07-04 21:00:00,215155.0,18206.2,0.0
2025-07-04 22:00:00,214876.5,16837.0,0.0
2025-07-04 23:00:00,211232.5,17574.5,0.0
2025-07-05 00:00:00,206196.0,18225.0,0.0
2025-07-05 01:00:00,200785.0,18780.5,0.0
2025-07-05 02:00:00,196725.8,18695.2,0.0
2025-07-05 03:00:00,194548.0,18163.2,0.0
2025-07-05 04:00:00,194897.5,16931.8,0.0
2025-07-05 05:00:00,195626.5,15854.5,23.5
2025-07-05 06:00:00,198685.5,13760.5,1686.8
2025-07-05 07:00:00,201058.0,13578.0,10741.2
2025-07-05 08:00:00,204166.5,15257.8,25894.5
2025-07-05 09:00:00,212813.5,18957.2,39322.8
2025-07-05 10:00:00,217086.5,20333.0,48322.0
2025-07-05 11:00:00,218411.5,20900.0,51049.2
2025-07-05 12:00:00,217013.8,21987.8,50679.8
2025-07-05 13:00:00,213521.8,22355.2,51111.8
2025-07-05 14:00:00,214470.0,23025.0,46652.5
2025-07-05 15:00:00,215573.5,24099.5,41028.2
2025-07-05 16:00:00,211422.2,23671.0,30343.8
2025-07-05 17:00:00,207155.0,22719.8,16784.8
2025-07-05 18:00:00,205033.2,22245.8,6050.2
2025-07-05 19:00:00,211369.2,22365.2,997.0
2025-07-05 20:00:00,213921.5,22845.0,16.5
2025-07-05 21:00:00,215395.2,21556.0,0.0
2025-07-05 22:00:00,215694.0,20050.8,0.0
2025-07-05 23:00:00,211925.0,20246.5,0.0
2025-07-06 00:00:00,206802.2,20986.0,0.0
2025-07-06 01:00:00,201689.2,20550.2,0.0
2025-07-06 02:00:00,197628.5,20202.8,0.0
2025-07-06 03:00:00,195289.8,21460.5,0.0
2025-07-06 04:00:00,195695.2,20683.0,0.0
2025-07-06 05:00:00,194434.0,19636.2,109.8
2025-07-06 06:00:00,195506.2,18935.2,1933.8
2025-07-06 07:00:00,194501.2,19826.0,10782.2
2025-07-06 08:00:00,194936.5,21591.0,23323.0
2025-07-06 09:00:00,200002.2,23334.0,35357.8
2025-07-06 10:00:00,201215.2,24628.5,44160.5
2025-07-06 11:00:00,200798.8,25003.2,45519.5
2025-07-06 12:00:00,199628.2,25105.8,45406.2
2025-07-06 13:00:00,197460.8,25798.8,43795.2
2025-07-06 14:00:00,196360.8,25546.0,40647.8
2025-07-06 15:00:00,193996.5,25134.5,36429.5
2025-07-06 16:00:00,189583.5,24935.2,27292.2
2025-07-06 17:00:00,185013.2,24543.5,14948.0
2025-07-06 18:00:00,182351.5,24428.8,5936.2
2025-07-06 19:00:00,194714.5,23880.0,606.5
2025-07-06 20:00:00,202826.0,23383.0,59.0
2025-07-06 21:00:00,206944.5,23031.5,0.0
2025-07-06 22:00:00,208225.2,22863.8,0.0
2025-07-06 23:00:00,204483.2,22638.2,0.0
2025-07-07 00:00:00,199142.2,22773.5,0.0
2025-07-07 01:00:00,193205.0,22880.0,0.0
2025-07-07 02:00:00,189019.2,23260.0,0.0
2025-07-07 03:00:00,186116.0,22666.0,0.0
2025-07-07 04:00:00,185720.2,21162.0,0.0
2025-07-07 05:00:00,186055.0,20854.8,67.5
2025-07-07 06:00:00,192393.5,20217.2,1655.8
2025-07-07 07:00:00,196549.2,20260.8,8855.0
2025-07-07 08:00:00,198739.0,21704.5,20409.8
2025-07-07 09:00:00,207104.8,23223.0,32005.2
2025-07-07 10:00:00,210405.5,24255.8,42716.0
2025-07-07 11:00:00,210886.0,25491.2,46956.0
2025-07-07 12:00:00,209806.2,25784.8,47932.5
2025-07-07 13:00:00,206054.8,25118.0,45299.8
2025-07-07 14:00:00,208932.0,25305.0,41223.0
2025-07-07 15:00:00,209778.2,25759.8,34021.2
2025-07-07 16:00:00,207960.8,25764.8,24007.2
2025-07-07 17:00:00,207420.0,24582.2,15534.2
2025-07-07 18:00:00,205129.0,23627.5,6021.8
2025-07-07 19:00:00,210745.8,21436.5,381.8
2025-07-07 20:00:00,214180.8,20426.2,0.0
2025-07-07 21:00:00,215497.2,20271.2,0.0
2025-07-07 22:00:00,215627.8,21067.5,0.0
2025-07-07 23:00:00,211539.5,20819.2,0.0
2025-07-08 00:00:00,206592.2,20501.2,0.0
2025-07-08 01:00:00,201964.0,20013.0,0.0
2025-07-08 02:00:00,198288.0,18959.2,0.0
2025-07-08 03:00:00,196588.5,18254.2,0.0
2025-07-08 04:00:00,196001.5,17872.2,0.0
2025-07-08 05:00:00,196502.8,17406.2,3.8
2025-07-08 06:00:00,201777.2,16728.0,1914.2
2025-07-08 07:00:00,205039.2,15953.2,11329.5
2025-07-08 08:00:00,206536.5,17044.5,24754.8
2025-07-08 09:00:00,215023.0,18700.5,36938.2
2025-07-08 10:00:00,218862.8,20064.5,46086.5
2025-07-08 11:00:00,218874.8,21057.0,48886.2
2025-07-08 12:00:00,217343.5,21642.2,50514.5
2025-07-08 13:00:00,215304.5,22130.0,50230.5
2025-07-08 14:00:00,218203.8,22316.2,46485.5
2025-07-08 15:00:00,215941.0,21104.8,39657.8
2025-07-08 16:00:00,215995.8,23213.5,29597.5
2025-07-08 17:00:00,212616.2,23350.0,18880.2
2025-07-08 18:00:00,208582.0,22588.5,7428.8
2025-07-08 19:00:00,214070.0,21701.2,613.8
2025-07-08 20:00:00,214415.5,21054.8,0.0
2025-07-08 21:00:00,213249.5,20234.2,0.0
2025-07-08 22:00:00,212843.8,20161.0,0.0
2025-07-08 23:00:00,210651.0,19975.0,0.0
2025-07-09 00:00:00,207283.8,19397.5,0.0
2025-07-09 01:00:00,203362.2,18859.5,0.0
2025-07-09 02:00:00,199065.5,18045.5,0.0
2025-07-09 03:00:00,196417.8,17486.8,0.0
2025-07-09 04:00:00,195283.2,16735.8,11823.5
2025-07-09 05:00:00,195895.2,16362.5,0.0
2025-07-09 06:00:00,200196.0,16215.5,1541.5
2025-07-09 07:00:00,202551.2,15701.8,11164.0
2025-07-09 08:00:00,202515.8,17211.2,25739.5
2025-07-09 09:00:00,209196.8,18796.0,36202.2
2025-07-09 10:00:00,213362.5,20086.2,44407.8
2025-07-09 11:00:00,213035.0,20553.5,48689.2
2025-07-09 12:00:00,212245.8,20743.0,50068.5
2025-07-09 13:00:00,209445.0,21127.8,48609.0
2025-07-09 14:00:00,213150.5,21603.5,45651.2
2025-07-09 15:00:00,214427.0,23428.2,38427.8
2025-07-09 16:00:00,211206.5,23935.5,29006.0
2025-07-09 17:00:00,206465.8,24320.2,17770.0
2025-07-09 18:00:00,203045.2,24519.5,7423.2
2025-07-09 19:00:00,208634.5,23955.2,819.2
2025-07-09 20:00:00,209438.5,22842.0,0.0
2025-07-09 21:00:00,209253.2,22053.2,0.0
2025-07-09 22:00:00,209466.0,20922.2,0.0
2025-07-09 23:00:00,205613.0,19609.5,0.0
2025-07-10 00:00:00,200320.8,18907.2,0.0
2025-07-10 01:00:00,195272.8,18248.5,0.0
2025-07-10 02:00:00,191110.8,16759.2,0.0
2025-07-10 03:00:00,188860.0,15431.0,0.0
2025-07-10 04:00:00,188258.8,14670.2,0.0
2025-07-10 05:00:00,189956.8,14256.2,10.5
2025-07-10 06:00:00,196811.8,13794.8,1744.5
2025-07-10 07:00:00,200084.5,12782.0,11095.2
2025-07-10 08:00:00,200797.0,14059.0,25521.8
2025-07-10 09:00:00,207421.2,15964.5,38860.5
2025-07-10 10:00:00,209418.5,16016.5,46379.0
2025-07-10 11:00:00,208294.0,15457.5,50322.2
2025-07-10 12:00:00,206257.5,15226.5,52117.0
2025-07-10 13:00:00,201494.5,15193.2,50866.5
2025-07-10 14:00:00,204532.8,15883.0,47885.8
2025-07-10 15:00:00,205815.8,17508.0,39421.2
2025-07-10 16:00:00,205594.2,17411.5,30201.5
2025-07-10 17:00:00,202388.0,16652.0,19863.5
2025-07-10 18:00:00,201485.2,15604.8,7145.0
2025-07-10 19:00:00,210577.8,14973.0,821.5
2025-07-10 20:00:00,212939.0,14245.5,0.0
2025-07-10 21:00:00,213289.8,13727.5,0.0
2025-07-10 22:00:00,213672.5,13388.5,0.0
2025-07-10 23:00:00,209034.2,13228.2,0.0
2025-07-11 00:00:00,204272.8,12252.0,0.0
2025-07-11 01:00:00,199192.0,11708.0,0.0
2025-07-11 02:00:00,195400.5,11655.8,0.0
2025-07-11 03:00:00,193566.2,11447.8,0.0
2025-07-11 04:00:00,193395.8,11080.0,0.0
2025-07-11 05:00:00,195199.8,10797.8,1.2
2025-07-11 06:00:00,202082.5,10540.0,1719.8
2025-07-11 07:00:00,205237.0,10402.8,11738.5
2025-07-11 08:00:00,206010.5,10889.2,27611.5
2025-07-11 09:00:00,213872.0,12105.8,42718.5
2025-07-11 10:00:00,217991.2,12378.0,51580.8
2025-07-11 11:00:00,218554.2,12152.5,53411.0
2025-07-11 12:00:00,216539.2,12176.5,53624.2
2025-07-11 13:00:00,212555.8,13074.8,50205.2
2025-07-11 14:00:00,214056.0,15194.5,43701.2
2025-07-11 15:00:00,215990.5,17011.2,35668.5
2025-07-11 16:00:00,213236.8,19678.5,24996.8
2025-07-11 17:00:00,208862.0,21100.0,13605.2
2025-07-11 18:00:00,205878.2,21203.2,3804.2
2025-07-11 19:00:00,214062.8,20302.2,254.2
2025-07-11 20:00:00,215752.8,20154.5,3.2
2025-07-11 21:00:00,216057.5,19356.5,0.0
2025-07-11 22:00:00,217051.8,17670.0,0.0
2025-07-11 23:00:00,212527.0,16148.5,0.0
2025-07-12 00:00:00,208159.2,15856.0,0.0
2025-07-12 01:00:00,202496.5,16019.8,0.0
2025-07-12 02:00:00,198470.5,15340.5,0.0
2025-07-12 03:00:00,196687.2,14336.8,0.0
2025-07-12 04:00:00,196352.8,14271.8,0.0
2025-07-12 05:00:00,197663.0,14988.0,0.0
2025-07-12 06:00:00,202027.0,14639.5,1573.2
2025-07-12 07:00:00,202422.5,14096.0,11662.2
2025-07-12 08:00:00,203446.5,14162.5,24076.5
2025-07-12 09:00:00,210721.5,15248.5,35816.5
2025-07-12 10:00:00,213055.0,15427.8,43958.5
2025-07-12 11:00:00,213078.2,15212.2,45762.2
2025-07-12 12:00:00,215209.8,15289.0,48829.2
2025-07-12 13:00:00,212879.5,15725.8,48934.8
2025-07-12 14:00:00,216031.5,16353.0,45637.2
2025-07-12 15:00:00,217805.0,17560.0,43936.5
2025-07-12 16:00:00,213966.8,18537.8,34434.0
2025-07-12 17:00:00,208530.5,19007.2,21783.5
2025-07-12 18:00:00,204849.5,17909.8,8746.0
2025-07-12 19:00:00,213385.5,16509.0,927.5
2025-07-12 20:00:00,216381.0,15928.5,37.5
2025-07-12 21:00:00,216894.5,16384.8,0.0
2025-07-12 22:00:00,217679.0,17708.8,0.0
2025-07-12 23:00:00,214770.8,18795.5,0.0
2025-07-13 00:00:00,,,
2025-07-13 01:00:00,,,
2025-07-13 02:00:00,,,
2025-07-13 03:00:00,,,
2025-07-13 04:00:00,,,
2025-07-13 05:00:00,,,
2025-07-13 06:00:00,,,
2025-07-13 07:00:00,,,
2025-07-13 08:00:00,,,
2025-07-13 09:00:00,,,
2025-07-13 10:00:00,,,
2025-07-13 11:00:00,,,
2025-07-13 12:00:00,,,
2025-07-13 13:00:00,,,
2025-07-13 14:00:00,,,
2025-07-13 15:00:00,,,
2025-07-13 16:00:00,,,
2025-07-13 17:00:00,,,
2025-07-13 18:00:00,,,
2025-07-13 19:00:00,,,
2025-07-13 20:00:00,,,
2025-07-13 21:00:00,,,
2025-07-13 22:00:00,,,
2025-07-13 23:00:00,,,
2025-07-14 00:00:00,196549.8,19152.5,0.0
2025-07-14 01:00:00,191269.8,19692.2,0.0
2025-07-14 02:00:00,186919.2,19696.0,0.0
2025-07-14 03:00:00,185613.5,18474.0,0.0
2025-07-14 04:00:00,185548.0,17381.5,0.0
2025-07-14 05:00:00,187835.2,17081.2,39.0
2025-07-14 06:00:00,195400.2,17699.5,1918.5
2025-07-14 07:00:00,199724.8,17222.0,12310.5
2025-07-14 08:00:00,202963.0,18867.5,25864.0
2025-07-14 09:00:00,209663.2,20498.5,39692.2
2025-07-14 10:00:00,212644.8,20927.5,47672.5
2025-07-14 11:00:00,211479.5,20702.8,50456.8
2025-07-14 12:00:00,210270.2,20811.0,51031.0
2025-07-14 13:00:00,206111.0,22032.2,49706.2
2025-07-14 14:00:00,208494.0,24237.8,46607.2
2025-07-14 15:00:00,210431.5,24841.5,40495.5
2025-07-14 16:00:00,208093.2,25929.0,32292.5
2025-07-14 17:00:00,203217.0,26168.2,21298.8
2025-07-14 18:00:00,199507.5,25731.2,10053.2
2025-07-14 19:00:00,205947.0,24588.8,5094.8
2025-07-14 20:00:00,207072.5,23614.8,1129.2
2025-07-14 21:00:00,208390.2,23469.0,0.0
2025-07-14 22:00:00,208624.2,22200.0,0.0
2025-07-14 23:00:00,203531.8,21410.5,0.0
2025-07-15 00:00:00,,,
2025-07-15 01:00:00,,,
2025-07-15 02:00:00,,,
2025-07-15 03:00:00,,,
2025-07-15 04:00:00,,,
2025-07-15 05:00:00,,,
2025-07-15 06:00:00,,,
2025-07-15 07:00:00,,,
2025-07-15 08:00:00,,,
2025-07-15 09:00:00,,,
2025-07-15 10:00:00,,,
2025-07-15 11:00:00,,,
2025-07-15 12:00:00,,,
2025-07-15 13:00:00,,,
2025-07-15 14:00:00,,,
2025-07-15 15:00:00,,,
2025-07-15 16:00:00,,,
2025-07-15 17:00:00,,,
2025-07-15 18:00:00,,,
2025-07-15 19:00:00,,,
2025-07-15 20:00:00,,,
2025-07-15 21:00:00,,,
2025-07-15 22:00:00,,,
2025-07-15 23:00:00,,,
2025-07-16 00:00:00,205292.0,13049.2,0.0
2025-07-16 01:00:00,199699.2,13035.8,0.0
2025-07-16 02:00:00,194908.0,12737.0,0.0
2025-07-16 03:00:00,192209.8,12431.2,0.0
2025-07-16 04:00:00,191025.8,12588.5,0.0
2025-07-16 05:00:00,192659.0,12192.2,2.2
2025-07-16 06:00:00,198694.2,11324.5,1351.5
2025-07-16 07:00:00,201705.5,10581.0,10638.0
2025-07-16 08:00:00,203171.5,10555.2,24958.5
2025-07-16 09:00:00,211370.0,12329.8,37845.0
2025-07-16 10:00:00,214301.8,13306.0,47005.8
2025-07-16 11:00:00,214720.8,13887.5,51541.2
2025-07-16 12:00:00,212845.5,14575.5,52746.2
2025-07-16 13:00:00,207023.5,15624.0,51395.8
2025-07-16 14:00:00,209610.5,16391.5,48101.8
2025-07-16 15:00:00,211886.5,18144.5,42015.2
2025-07-16 16:00:00,209812.5,19443.8,31059.2
2025-07-16 17:00:00,204918.0,18777.5,17521.5
2025-07-16 18:00:00,201844.8,18749.2,6232.0
2025-07-16 19:00:00,210561.0,17966.8,794.8
2025-07-16 20:00:00,212852.5,17543.5,3.5
2025-07-16 21:00:00,211922.5,16904.0,0.0
2025-07-16 22:00:00,212055.2,16646.8,0.0
2025-07-16 23:00:00,207952.5,16698.2,0.0
2025-07-17 00:00:00,201421.5,16419.2,0.0
2025-07-17 01:00:00,195630.5,15693.2,0.0
2025-07-17 02:00:00,191493.2,13964.8,0.0
2025-07-17 03:00:00,188366.0,13582.2,0.0
2025-07-17 04:00:00,187469.8,12729.8,0.0
2025-07-17 05:00:00,189549.5,11802.2,16.0
2025-07-17 06:00:00,196139.8,10196.0,1188.0
2025-07-17 07:00:00,200700.8,8542.5,9795.5
2025-07-17 08:00:00,203608.5,9259.8,24866.5
2025-07-17 09:00:00,211849.5,9850.2,37438.5
2025-07-17 10:00:00,216168.8,10187.8,47697.0
2025-07-17 11:00:00,217027.8,10063.2,52199.0
2025-07-17 12:00:00,215898.0,10495.5,54198.5
2025-07-17 13:00:00,211002.8,11613.0,50024.8
2025-07-17 14:00:00,214293.5,12026.8,40780.8
2025-07-17 15:00:00,216112.5,12023.8,33395.0
2025-07-17 16:00:00,214152.8,13865.0,24902.8
2025-07-17 17:00:00,207827.0,14320.5,14063.0
2025-07-17 18:00:00,203695.5,14506.5,5297.0
2025-07-17 19:00:00,209974.8,15511.0,508.5
2025-07-17 20:00:00,212432.5,15113.8,0.5
2025-07-17 21:00:00,211474.5,13835.2,0.0
2025-07-17 22:00:00,210816.2,13035.2,0.0
2025-07-17 23:00:00,207306.8,13484.2,0.0
2025-07-18 00:00:00,201542.8,13478.5,0.0
2025-07-18 01:00:00,196315.5,13605.5,0.0
2025-07-18 02:00:00,191896.5,12140.8,0.0
2025-07-18 03:00:00,189706.5,11526.5,0.0
2025-07-18 04:00:00,189537.0,12143.8,0.0
2025-07-18 05:00:00,191596.5,11763.5,44.0
2025-07-18 06:00:00,198150.0,11171.0,1223.0
2025-07-18 07:00:00,201336.0,9781.2,7201.2
2025-07-18 08:00:00,204696.0,9255.8,16073.2
2025-07-18 09:00:00,212802.0,10297.2,25685.2
2025-07-18 10:00:00,216882.8,10860.8,33615.8
2025-07-18 11:00:00,216970.2,11631.5,40407.2
2025-07-18 12:00:00,214579.2,12262.5,43142.5
2025-07-18 13:00:00,210208.2,13132.5,40510.8
2025-07-18 14:00:00,213859.2,13928.5,34161.8
2025-07-18 15:00:00,216748.8,14175.2,26882.5
2025-07-18 16:00:00,214789.8,14263.0,19558.0
2025-07-18 17:00:00,209059.5,14586.0,11273.0
2025-07-18 18:00:00,205732.2,14409.8,3880.5
2025-07-18 19:00:00,211769.5,15308.5,278.8
2025-07-18 20:00:00,214092.2,16434.2,14.5
2025-07-18 21:00:00,213908.5,16519.5,0.0
2025-07-18 22:00:00,214384.2,16165.0,0.0
2025-07-18 23:00:00,210808.0,16711.5,0.0
2025-07-19 00:00:00,205608.5,16519.5,0.0
2025-07-19 01:00:00,201374.0,15659.5,0.0
2025-07-19 02:00:00,197718.2,14933.5,0.0
2025-07-19 03:00:00,195672.0,15013.8,0.0
2025-07-19 04:00:00,195160.8,14145.8,0.0
2025-07-19 05:00:00,195671.0,14700.0,98.0
2025-07-19 06:00:00,200009.5,14724.8,1607.5
2025-07-19 07:00:00,201172.5,13546.0,8439.8
2025-07-19 08:00:00,204417.5,12481.8,18374.8
2025-07-19 09:00:00,212650.0,12611.5,27306.8
2025-07-19 10:00:00,215442.5,11380.5,33021.5
2025-07-19 11:00:00,216349.5,13176.2,37501.8
2025-07-19 12:00:00,216149.0,14780.8,39438.8
2025-07-19 13:00:00,212959.5,15770.0,36426.2
2025-07-19 14:00:00,216862.5,15780.5,31947.0
2025-07-19 15:00:00,217305.0,15907.8,26462.2
2025-07-19 16:00:00,213726.0,16134.8,17225.2
2025-07-19 17:00:00,210360.2,17900.0,9875.0
2025-07-19 18:00:00,205887.0,18204.0,3649.0
2025-07-19 19:00:00,214222.8,19059.2,792.0
2025-07-19 20:00:00,217502.8,19979.0,127.8
2025-07-19 21:00:00,217076.0,20490.2,0.0
2025-07-19 22:00:00,217161.5,20060.8,0.0
2025-07-19 23:00:00,213871.0,19304.8,0.0
2025-07-20 00:00:00,209146.2,18034.0,0.0
2025-07-20 01:00:00,204921.2,17707.8,0.0
2025-07-20 02:00:00,201957.0,17036.2,0.0
2025-07-20 03:00:00,199928.2,16586.5,0.0
2025-07-20 04:00:00,199187.0,16079.2,0.0
2025-07-20 05:00:00,198269.2,15638.2,535.5
2025-07-20 06:00:00,198514.8,15230.5,1550.8
2025-07-20 07:00:00,198842.2,14115.0,8287.2
2025-07-20 08:00:00,199223.2,13347.2,17192.5
2025-07-20 09:00:00,203296.2,13102.0,27699.8
2025-07-20 10:00:00,204948.5,12743.0,35489.2
2025-07-20 11:00:00,205398.2,13371.0,38702.8
2025-07-20 12:00:00,205912.0,13375.0,40822.8
2025-07-20 13:00:00,204283.8,13943.0,41094.2
2025-07-20 14:00:00,204292.0,14174.0,38402.8
2025-07-20 15:00:00,203749.2,15142.2,33838.8
2025-07-20 16:00:00,199843.2,15824.2,23962.8
2025-07-20 17:00:00,194562.8,15118.5,14297.8
2025-07-20 18:00:00,193379.5,15612.0,6194.8
2025-07-20 19:00:00,204104.8,15930.5,1270.0
2025-07-20 20:00:00,209570.2,16553.0,185.2
2025-07-20 21:00:00,210597.0,16478.5,0.0
2025-07-20 22:00:00,211661.5,16341.5,0.0
2025-07-20 23:00:00,208659.5,17152.0,0.0
2025-07-21 00:00:00,204880.5,17557.5,0.0
2025-07-21 01:00:00,200814.8,17458.0,0.0
2025-07-21 02:00:00,197725.5,17106.5,0.0
2025-07-21 03:00:00,195877.8,16111.0,0.0
2025-07-21 04:00:00,195966.0,15361.2,0.0
2025-07-21 05:00:00,196959.0,14284.5,567.2
2025-07-21 06:00:00,201366.5,12920.5,1692.5
2025-07-21 07:00:00,205527.5,11614.2,8314.0
2025-07-21 08:00:00,207831.5,11668.0,18211.0
2025-07-21 09:00:00,215952.5,12828.5,29938.5
2025-07-21 10:00:00,219726.0,14425.0,38799.2
2025-07-21 11:00:00,219364.2,14957.2,43765.8
2025-07-21 12:00:00,218357.2,14874.2,44621.5
2025-07-21 13:00:00,214579.8,14760.5,45766.2
2025-07-21 14:00:00,216005.0,14714.0,43545.8
2025-07-21 15:00:00,216903.2,15115.8,36772.2
2025-07-21 16:00:00,213867.8,15261.0,26572.8
2025-07-21 17:00:00,208754.8,15450.5,17407.8
2025-07-21 18:00:00,206750.2,15814.2,6970.5
2025-07-21 19:00:00,212956.8,15569.2,1144.5
2025-07-21 20:00:00,214166.2,14803.0,90.0
2025-07-21 21:00:00,214443.8,15363.5,0.0
2025-07-21 22:00:00,212879.8,15544.5,0.0
2025-07-21 23:00:00,209112.5,15406.8,0.0
2025-07-22 00:00:00,204409.0,15295.2,0.0
2025-07-22 01:00:00,200302.2,14796.0,0.0
2025-07-22 02:00:00,197102.8,13796.8,0.0
2025-07-22 03:00:00,195239.0,13243.2,0.0
2025-07-22 04:00:00,195142.5,13169.2,0.0
2025-07-22 05:00:00,196118.8,12857.2,54.5
2025-07-22 06:00:00,200572.5,12410.2,1383.5
2025-07-22 07:00:00,203851.2,11470.8,8773.2
2025-07-22 08:00:00,205631.2,11870.8,23103.0
2025-07-22 09:00:00,212221.5,13534.5,36553.2
2025-07-22 10:00:00,215478.0,14876.2,45241.5
2025-07-22 11:00:00,216227.8,15644.2,50225.5
2025-07-22 12:00:00,215468.0,16299.5,51442.5
2025-07-22 13:00:00,211403.8,16646.8,49700.8
2025-07-22 14:00:00,213623.2,17272.2,47398.5
2025-07-22 15:00:00,214858.0,18770.2,42118.8
2025-07-22 16:00:00,212039.2,20796.2,31914.5
2025-07-22 17:00:00,208087.8,21611.2,19530.2
2025-07-22 18:00:00,207329.5,22545.5,8130.5
2025-07-22 19:00:00,216125.2,22094.2,1004.8
2025-07-22 20:00:00,217387.8,20802.8,40.5
2025-07-22 21:00:00,216790.8,20512.5,0.0
2025-07-22 22:00:00,215713.2,20706.0,0.0
2025-07-22 23:00:00,212190.0,21477.0,0.0
2025-07-23 00:00:00,206808.5,21951.2,0.0
2025-07-23 01:00:00,202300.5,21574.8,0.0
2025-07-23 02:00:00,199022.8,21120.8,0.0
2025-07-23 03:00:00,196572.8,21055.0,0.0
2025-07-23 04:00:00,195797.5,20573.0,0.0
2025-07-23 05:00:00,196091.2,20446.5,43.2
2025-07-23 06:00:00,201332.2,20092.8,1329.0
2025-07-23 07:00:00,203616.8,20419.5,9838.2
2025-07-23 08:00:00,205085.8,21797.0,24045.2
2025-07-23 09:00:00,211531.0,24032.0,35988.0
2025-07-23 10:00:00,215055.2,25111.5,43534.8
2025-07-23 11:00:00,214193.0,25736.5,45452.2
2025-07-23 12:00:00,213062.2,25849.5,46741.8
2025-07-23 13:00:00,208652.2,25851.0,45198.0
2025-07-23 14:00:00,210180.0,26064.0,42173.2
2025-07-23 15:00:00,212945.8,26587.8,36370.2
2025-07-23 16:00:00,211442.2,26576.0,28401.8
2025-07-23 17:00:00,208151.8,26716.2,16738.5
2025-07-23 18:00:00,208263.5,25622.2,6882.5
2025-07-23 19:00:00,215607.2,24010.5,735.0
2025-07-23 20:00:00,216348.8,22746.0,43.2
2025-07-23 21:00:00,215454.2,21615.0,0.0
2025-07-23 22:00:00,214395.8,20812.2,0.0
2025-07-23 23:00:00,210565.0,20234.8,0.0
2025-07-24 00:00:00,204223.8,20589.0,0.0
2025-07-24 01:00:00,199588.0,20083.0,0.0
2025-07-24 02:00:00,195607.8,19179.0,0.0
2025-07-24 03:00:00,193475.2,18599.2,0.0
2025-07-24 04:00:00,193131.5,17847.5,0.0
2025-07-24 05:00:00,194143.8,17137.2,112.0
2025-07-24 06:00:00,199812.2,17032.0,1435.0
2025-07-24 07:00:00,203007.5,17713.8,9602.5
2025-07-24 08:00:00,205011.8,18315.5,23935.2
2025-07-24 09:00:00,211188.5,19705.2,36322.8
2025-07-24 10:00:00,215145.2,20432.2,44229.0
2025-07-24 11:00:00,215766.8,21404.5,47642.5
2025-07-24 12:00:00,213967.2,21674.0,46188.0
2025-07-24 13:00:00,211875.5,21966.2,44459.0
2025-07-24 14:00:00,214376.8,21225.5,41573.2
2025-07-24 15:00:00,215789.2,20486.8,37242.2
2025-07-24 16:00:00,213362.8,20299.2,27654.5
2025-07-24 17:00:00,210976.5,19857.0,16800.2
2025-07-24 18:00:00,209355.2,18581.2,6680.0
2025-07-24 19:00:00,215735.0,18129.5,841.8
2025-07-24 20:00:00,218497.5,18102.0,73.2
2025-07-24 21:00:00,218596.2,17030.2,0.0
2025-07-24 22:00:00,216038.8,16378.5,0.0
2025-07-24 23:00:00,212070.2,16848.8,0.0
2025-07-25 00:00:00,205946.8,17243.2,0.0
2025-07-25 01:00:00,200887.2,18482.5,0.0
2025-07-25 02:00:00,196317.5,18937.5,0.0
2025-07-25 03:00:00,193542.2,18472.8,0.0
2025-07-25 04:00:00,192744.0,17407.8,0.0
2025-07-25 05:00:00,194368.8,16930.8,114.2
2025-07-25 06:00:00,200322.8,16514.5,1374.5
2025-07-25 07:00:00,205331.5,16640.2,9548.8
2025-07-25 08:00:00,207767.8,17258.8,23097.8
2025-07-25 09:00:00,214743.0,18344.2,37274.2
2025-07-25 10:00:00,215638.2,19052.0,44847.0
2025-07-25 11:00:00,216746.0,19613.5,47880.8
2025-07-25 12:00:00,216137.0,19681.5,47409.2
2025-07-25 13:00:00,211964.8,20065.0,44720.0
2025-07-25 14:00:00,213081.5,20392.8,43511.5
2025-07-25 15:00:00,212595.0,20245.8,37695.2
2025-07-25 16:00:00,210406.0,21371.2,29001.8
2025-07-25 17:00:00,207388.5,20907.2,18231.0
2025-07-25 18:00:00,205015.0,21232.2,7292.0
2025-07-25 19:00:00,210716.0,21484.8,772.8
2025-07-25 20:00:00,212351.0,21348.2,20.5
2025-07-25 21:00:00,210776.2,20895.2,0.0
2025-07-25 22:00:00,208280.0,20962.8,0.0
2025-07-25 23:00:00,204682.0,21202.5,0.0
2025-07-26 00:00:00,198173.8,21397.0,0.0
2025-07-26 01:00:00,193441.8,22023.2,0.0
2025-07-26 02:00:00,188749.8,22540.5,0.0
2025-07-26 03:00:00,185473.8,23035.0,0.0
2025-07-26 04:00:00,184322.0,23488.2,0.0
2025-07-26 05:00:00,185514.0,22742.8,71.8
2025-07-26 06:00:00,191399.5,22183.8,1282.2
2025-07-26 07:00:00,194423.8,21530.0,8102.8
2025-07-26 08:00:00,195890.8,22288.5,19686.5
2025-07-26 09:00:00,204085.5,23025.5,33155.0
2025-07-26 10:00:00,207828.2,24571.8,41457.8
2025-07-26 11:00:00,207546.2,25359.8,43985.8
2025-07-26 12:00:00,206319.0,25524.0,43613.8
2025-07-26 13:00:00,202712.2,25967.2,39589.0
2025-07-26 14:00:00,204357.5,26646.2,33569.0
2025-07-26 15:00:00,207823.0,26992.0,25019.2
2025-07-26 16:00:00,206581.0,27029.5,19094.0
2025-07-26 17:00:00,203904.2,26914.5,10424.5
2025-07-26 18:00:00,200963.0,26215.8,3720.8
2025-07-26 19:00:00,209242.5,25757.8,421.8
2025-07-26 20:00:00,211876.0,24283.8,25.5
2025-07-26 21:00:00,210285.8,22967.0,0.0
2025-07-26 22:00:00,209176.0,22495.0,0.0
2025-07-26 23:00:00,205796.0,22589.0,0.0
2025-07-27 00:00:00,201339.8,22443.2,0.0
2025-07-27 01:00:00,195755.0,23401.5,0.0
2025-07-27 02:00:00,191745.8,24643.5,0.0
2025-07-27 03:00:00,189693.2,25028.0,0.0
2025-07-27 04:00:00,188724.2,24729.5,0.0
2025-07-27 05:00:00,189285.2,23927.8,104.2
2025-07-27 06:00:00,190913.0,23926.8,1185.2
2025-07-27 07:00:00,191251.2,24202.2,8002.2
2025-07-27 08:00:00,192923.0,24719.2,19048.5
2025-07-27 09:00:00,199865.8,24592.2,29191.2
2025-07-27 10:00:00,202551.8,23904.5,37357.5
2025-07-27 11:00:00,201010.2,24811.0,39479.5
2025-07-27 12:00:00,199742.8,25237.2,38672.2
2025-07-27 13:00:00,195917.8,25249.5,38176.8
2025-07-27 14:00:00,194258.0,24957.2,37188.8
2025-07-27 15:00:00,193844.2,26273.8,32181.0
2025-07-27 16:00:00,191896.8,26602.2,26690.5
2025-07-27 17:00:00,190018.2,27134.8,15285.8
2025-07-27 18:00:00,191698.5,26880.5,5125.5
2025-07-27 19:00:00,202486.2,26623.0,346.2
2025-07-27 20:00:00,207476.0,24621.0,3.2
2025-07-27 21:00:00,209068.5,23085.8,0.0
2025-07-27 22:00:00,208700.2,22033.0,0.0
2025-07-27 23:00:00,204491.8,21520.2,0.0
2025-07-28 00:00:00,198779.2,21102.2,0.0
2025-07-28 01:00:00,194931.2,21725.0,0.0
2025-07-28 02:00:00,190862.0,23873.2,0.0
2025-07-28 03:00:00,188513.0,24366.5,0.0
2025-07-28 04:00:00,188822.0,24898.2,0.0
2025-07-28 05:00:00,190400.0,25224.8,83.2
2025-07-28 06:00:00,198200.5,24371.5,1097.0
2025-07-28 07:00:00,203144.5,23954.8,7328.0
2025-07-28 08:00:00,203735.5,24541.8,17387.5
2025-07-28 09:00:00,211304.5,25724.2,28290.8
2025-07-28 10:00:00,215396.2,27236.0,33744.0
2025-07-28 11:00:00,215482.5,27479.5,40037.2
2025-07-28 12:00:00,214867.5,28008.8,42295.2
2025-07-28 13:00:00,211562.5,28280.5,41118.5
2025-07-28 14:00:00,213574.2,28385.8,39642.0
2025-07-28 15:00:00,215162.5,28482.8,35807.5
2025-07-28 16:00:00,212600.5,27900.5,27647.5
2025-07-28 17:00:00,208582.8,27466.0,17379.2
2025-07-28 18:00:00,207918.5,26484.5,6518.8
2025-07-28 19:00:00,215995.8,24641.2,819.0
2025-07-28 20:00:00,219029.5,24015.5,61.8
2025-07-28 21:00:00,217809.8,23873.0,0.0
2025-07-28 22:00:00,216479.2,23411.0,0.0
2025-07-28 23:00:00,211806.5,23255.5,0.0
2025-07-29 00:00:00,,,
2025-07-29 01:00:00,,,
2025-07-29 02:00:00,,,
2025-07-29 03:00:00,,,
2025-07-29 04:00:00,,,
2025-07-29 05:00:00,,,
2025-07-29 06:00:00,,,
2025-07-29 07:00:00,,,
2025-07-29 08:00:00,,,
2025-07-29 09:00:00,,,
2025-07-29 10:00:00,,,
2025-07-29 11:00:00,,,
2025-07-29 12:00:00,,,
2025-07-29 13:00:00,,,
2025-07-29 14:00:00,,,
2025-07-29 15:00:00,,,
2025-07-29 16:00:00,,,
2025-07-29 17:00:00,,,
2025-07-29 18:00:00,,,
2025-07-29 19:00:00,,,
2025-07-29 20:00:00,,,
2025-07-29 21:00:00,,,
2025-07-29 22:00:00,,,
2025-07-29 23:00:00,,,
2025-07-30 00:00:00,201015.2,22798.8,0.0
2025-07-30 01:00:00,195523.8,22401.0,0.0
2025-07-30 02:00:00,191976.5,22774.8,0.0
2025-07-30 03:00:00,189884.8,22304.5,0.0
2025-07-30 04:00:00,189580.8,22373.2,0.0
2025-07-30 05:00:00,191423.2,21954.5,103.5
2025-07-30 06:00:00,198409.8,20788.8,1314.8
2025-07-30 07:00:00,203671.5,20456.8,9247.0
2025-07-30 08:00:00,206329.5,23145.0,21153.5
2025-07-30 09:00:00,214380.2,25516.8,33703.5
2025-07-30 10:00:00,217094.0,26320.2,42913.0
2025-07-30 11:00:00,216871.8,26635.0,46938.5
2025-07-30 12:00:00,214482.0,26960.5,46341.0
2025-07-30 13:00:00,209164.8,26303.8,43631.0
2025-07-30 14:00:00,211470.8,26624.8,39951.8
2025-07-30 15:00:00,213821.2,27186.5,33388.2
2025-07-30 16:00:00,211634.2,26806.5,24362.2
2025-07-30 17:00:00,206507.8,25025.8,15041.8
2025-07-30 18:00:00,206415.2,24249.2,5038.2
2025-07-30 19:00:00,216355.0,22430.0,555.2
2025-07-30 20:00:00,216465.8,21368.0,38.2
2025-07-30 21:00:00,214374.2,20554.2,0.0
2025-07-30 22:00:00,211258.2,20011.8,0.0
2025-07-30 23:00:00,206677.2,19755.8,0.0
2025-07-31 00:00:00,199747.5,19678.5,0.0
2025-07-31 01:00:00,194556.0,19721.2,0.0
2025-07-31 02:00:00,189717.2,19301.2,0.0
2025-07-31 03:00:00,187278.5,18657.2,0.0
2025-07-31 04:00:00,186885.2,18314.8,0.0
2025-07-31 05:00:00,188797.8,18244.0,119.0
2025-07-31 06:00:00,196145.8,17941.0,953.0
2025-07-31 07:00:00,201648.2,17888.5,7032.2
2025-07-31 08:00:00,204103.2,19214.8,17332.0
2025-07-31 09:00:00,211305.2,21821.2,27814.0
2025-07-31 10:00:00,214575.5,23576.2,36549.2
2025-07-31 11:00:00,214351.8,24327.2,42185.2
2025-07-31 12:00:00,212602.5,24594.5,45038.0
2025-07-31 13:00:00,206783.0,25040.2,42393.0
2025-07-31 14:00:00,207030.8,25564.0,38198.8
2025-07-31 15:00:00,208497.5,25509.2,33177.2
2025-07-31 16:00:00,205859.5,24057.5,22201.0
2025-07-31 17:00:00,202531.2,22288.0,12391.8
2025-07-31 18:00:00,202550.5,19994.2,4213.8
2025-07-31 19:00:00,214033.0,18177.8,476.5
2025-07-31 20:00:00,213735.0,17002.8,46.2
2025-07-31 21:00:00,212321.0,16818.8,0.0
2025-07-31 22:00:00,210888.8,16236.5,0.0
2025-07-31 23:00:00,205794.2,15742.0,0.0
2025-08-01 00:00:00,199339.8,15926.0,0.0
2025-08-01 01:00:00,193991.8,16515.0,0.0
2025-08-01 02:00:00,190133.5,16868.8,0.0
2025-08-01 03:00:00,188072.5,16402.5,0.0
2025-08-01 04:00:00,187855.0,15613.0,0.0
2025-08-01 05:00:00,191046.8,15655.0,174.2
2025-08-01 06:00:00,199474.5,15240.8,996.8
2025-08-01 07:00:00,204258.0,13949.5,7648.5
2025-08-01 08:00:00,205794.2,14227.5,18138.0
2025-08-01 09:00:00,212727.0,16657.0,28480.2
2025-08-01 10:00:00,215943.5,17623.5,36613.5
2025-08-01 11:00:00,214751.8,17659.2,40220.2
2025-08-01 12:00:00,213125.2,18100.8,43133.8
2025-08-01 13:00:00,208373.8,18611.0,42607.5
2025-08-01 14:00:00,211371.8,19935.5,41858.2
2025-08-01 15:00:00,214277.5,19900.8,36929.0
2025-08-01 16:00:00,212773.2,19384.0,28103.2
2025-08-01 17:00:00,205776.8,18914.8,16415.0
2025-08-01 18:00:00,204958.8,18571.0,5570.2
2025-08-01 19:00:00,215630.2,17344.5,392.5
2025-08-01 20:00:00,216018.8,16586.8,20.8
2025-08-01 21:00:00,214955.0,15622.8,0.0
2025-08-01 22:00:00,213973.5,15363.0,0.0
2025-08-01 23:00:00,209333.8,14701.5,0.0
2025-08-02 00:00:00,203448.2,15237.2,0.0
2025-08-02 01:00:00,196931.0,14796.8,0.0
2025-08-02 02:00:00,192986.0,13894.0,0.0
2025-08-02 03:00:00,191531.5,13231.2,0.0
2025-08-02 04:00:00,191075.5,12410.8,0.0
2025-08-02 05:00:00,192631.5,12925.8,54.2
2025-08-02 06:00:00,198852.0,12611.2,1329.0
2025-08-02 07:00:00,202465.8,11498.0,10970.0
2025-08-02 08:00:00,205096.8,11859.2,27625.2
2025-08-02 09:00:00,213845.2,13296.8,41686.0
2025-08-02 10:00:00,217003.8,13506.0,50839.0
2025-08-02 11:00:00,218638.5,13543.8,54395.0
2025-08-02 12:00:00,217350.8,14900.5,55374.5
2025-08-02 13:00:00,212681.0,15374.2,53143.0
2025-08-02 14:00:00,217123.8,16667.8,50414.8
2025-08-02 15:00:00,219697.8,16800.8,45230.0
2025-08-02 16:00:00,217418.5,17013.0,35012.5
2025-08-02 17:00:00,210830.0,17292.5,21479.8
2025-08-02 18:00:00,209163.8,16166.0,7575.0
2025-08-02 19:00:00,217766.8,15882.8,642.5
2025-08-02 20:00:00,218575.5,15250.2,28.8
2025-08-02 21:00:00,217324.8,14748.5,0.0
2025-08-02 22:00:00,216601.5,13763.2,0.0
2025-08-02 23:00:00,212132.2,12568.5,0.0
2025-08-03 00:00:00,206951.2,11697.8,0.0
2025-08-03 01:00:00,202025.2,10824.2,0.0
2025-08-03 02:00:00,198025.8,10921.2,0.0
2025-08-03 03:00:00,195198.8,10883.8,0.0
2025-08-03 04:00:00,193727.5,10207.0,0.0
2025-08-03 05:00:00,193143.2,9027.2,1.0
2025-08-03 06:00:00,195052.0,7985.0,1207.8
2025-08-03 07:00:00,195983.8,6733.8,10740.5
2025-08-03 08:00:00,198327.8,7125.2,27026.0
2025-08-03 09:00:00,203727.5,8816.0,42227.8
2025-08-03 10:00:00,205623.2,9250.5,50641.2
2025-08-03 11:00:00,206930.2,9644.8,54220.2
2025-08-03 12:00:00,206231.0,10185.0,55239.2
2025-08-03 13:00:00,203146.5,10852.5,53914.5
2025-08-03 14:00:00,204205.5,11584.2,50839.0
2025-08-03 15:00:00,204426.0,12132.8,47073.0
2025-08-03 16:00:00,201958.2,12647.8,36002.8
2025-08-03 17:00:00,195650.8,13347.2,22129.5
2025-08-03 18:00:00,191911.0,13479.0,7863.8
2025-08-03 19:00:00,203538.2,13504.0,769.8
2025-08-03 20:00:00,207568.2,13490.0,17.8
2025-08-03 21:00:00,208700.8,14100.2,0.0
2025-08-03 22:00:00,208515.0,14848.2,0.0
2025-08-03 23:00:00,204110.8,14961.2,0.0
2025-08-04 00:00:00,197404.8,14284.2,0.0
2025-08-04 01:00:00,191885.0,13888.2,0.0
2025-08-04 02:00:00,187629.0,13363.2,0.0
2025-08-04 03:00:00,185935.2,12367.0,0.0
2025-08-04 04:00:00,184758.5,10930.8,0.0
2025-08-04 05:00:00,186893.2,9353.2,0.0
2025-08-04 06:00:00,194979.8,8340.5,1072.2
2025-08-04 07:00:00,201489.2,7130.8,10555.5
2025-08-04 08:00:00,203590.0,7014.2,26248.2
2025-08-04 09:00:00,211890.8,7380.2,42713.5
2025-08-04 10:00:00,216526.0,8019.5,53563.0
2025-08-04 11:00:00,217407.5,8494.5,56750.2
2025-08-04 12:00:00,216347.2,8586.5,55064.5
2025-08-04 13:00:00,214551.5,9764.2,53067.0
2025-08-04 14:00:00,217526.2,11422.0,50077.8
2025-08-04 15:00:00,219951.2,12949.5,43752.8
2025-08-04 16:00:00,217843.2,13203.2,32180.2
2025-08-04 17:00:00,211795.2,12381.2,18899.2
2025-08-04 18:00:00,209886.2,11536.2,7160.8
2025-08-04 19:00:00,216752.2,11346.5,1115.8
2025-08-04 20:00:00,216915.8,11221.5,136.5
2025-08-04 21:00:00,215404.0,11462.2,0.0
2025-08-04 22:00:00,214432.5,11927.5,0.0
2025-08-04 23:00:00,209846.2,12136.0,0.0
2025-08-05 00:00:00,203062.2,12198.0,0.0
2025-08-05 01:00:00,196974.0,12169.5,0.0
2025-08-05 02:00:00,192885.2,11264.0,0.0
2025-08-05 03:00:00,190663.5,10120.2,0.0
2025-08-05 04:00:00,189896.8,10186.2,0.0
2025-08-05 05:00:00,192751.5,10397.5,77.2
2025-08-05 06:00:00,200614.0,10002.5,1494.0
2025-08-05 07:00:00,205400.0,9629.8,11058.8
2025-08-05 08:00:00,206629.8,10199.5,27080.5
2025-08-05 09:00:00,213650.8,10856.5,42708.0
2025-08-05 10:00:00,216798.8,11184.5,51529.0
2025-08-05 11:00:00,219007.2,11716.2,55382.5
2025-08-05 12:00:00,220073.0,12734.2,56399.2
2025-08-05 13:00:00,216245.0,13886.5,56336.5
2025-08-05 14:00:00,220017.0,15862.0,52870.0
2025-08-05 15:00:00,221890.0,16255.0,44881.5
2025-08-05 16:00:00,219757.8,16501.2,32095.0
2025-08-05 17:00:00,213780.0,15877.2,18448.8
2025-08-05 18:00:00,210939.0,15775.8,6855.0
2025-08-05 19:00:00,217252.8,15089.5,1344.0
2025-08-05 20:00:00,217219.5,14451.2,208.8
2025-08-05 21:00:00,216019.5,13738.0,0.0
2025-08-05 22:00:00,214623.5,13353.8,0.0
2025-08-05 23:00:00,210340.0,12963.5,0.0
2025-08-06 00:00:00,204236.8,12877.0,0.0
2025-08-06 01:00:00,199002.5,13157.5,0.0
2025-08-06 02:00:00,195336.0,13392.0,0.0
2025-08-06 03:00:00,193102.0,12410.5,0.0
2025-08-06 04:00:00,192196.5,11236.2,0.0
2025-08-06 05:00:00,194537.8,9646.8,57.5
2025-08-06 06:00:00,201536.2,8006.5,1920.5
2025-08-06 07:00:00,205794.5,7602.8,12783.8
2025-08-06 08:00:00,207409.5,8279.5,30440.5
2025-08-06 09:00:00,215119.0,9446.2,44548.8
2025-08-06 10:00:00,219357.5,10393.2,53344.0
2025-08-06 11:00:00,221035.0,10685.2,54739.5
2025-08-06 12:00:00,220619.2,11073.5,55124.5
2025-08-06 13:00:00,216708.0,11841.8,55720.2
2025-08-06 14:00:00,220719.8,12724.8,52202.8
2025-08-06 15:00:00,223934.0,13417.8,47125.8
2025-08-06 16:00:00,221899.2,14691.2,36339.2
2025-08-06 17:00:00,214592.5,15110.8,21635.2
2025-08-06 18:00:00,213098.8,14461.2,7926.2
2025-08-06 19:00:00,221962.2,13838.0,1313.8
2025-08-06 20:00:00,223295.5,13205.5,191.0
2025-08-06 21:00:00,222141.8,12631.8,0.0
2025-08-06 22:00:00,220629.2,12001.8,0.0
2025-08-06 23:00:00,216474.2,11681.8,0.0
2025-08-07 00:00:00,,,
2025-08-07 01:00:00,,,
2025-08-07 02:00:00,,,
2025-08-07 03:00:00,,,
2025-08-07 04:00:00,,,
2025-08-07 05:00:00,,,
2025-08-07 06:00:00,,,
2025-08-07 07:00:00,,,
2025-08-07 08:00:00,,,
2025-08-07 09:00:00,,,
2025-08-07 10:00:00,,,
2025-08-07 11:00:00,,,
2025-08-07 12:00:00,,,
2025-08-07 13:00:00,,,
2025-08-07 14:00:00,,,
2025-08-07 15:00:00,,,
2025-08-07 16:00:00,,,
2025-08-07 17:00:00,,,
2025-08-07 18:00:00,,,
2025-08-07 19:00:00,,,
2025-08-07 20:00:00,,,
2025-08-07 21:00:00,,,
2025-08-07 22:00:00,,,
2025-08-07 23:00:00,,,
2025-08-08 00:00:00,212786.2,12063.5,0.0
2025-08-08 01:00:00,206817.0,11367.8,0.0
2025-08-08 02:00:00,201642.5,10593.0,0.0
2025-08-08 03:00:00,199067.5,9328.2,0.0
2025-08-08 04:00:00,198318.8,8565.5,0.0
2025-08-08 05:00:00,201064.5,8660.5,0.0
2025-08-08 06:00:00,206020.0,8168.2,1246.8
2025-08-08 07:00:00,209743.8,7111.2,10415.5
2025-08-08 08:00:00,211650.8,6866.5,25652.5
2025-08-08 09:00:00,220612.2,7288.5,40432.5
2025-08-08 10:00:00,225817.8,7721.5,49378.2
2025-08-08 11:00:00,226797.8,8701.5,54284.5
2025-08-08 12:00:00,226336.5,9589.5,54783.8
2025-08-08 13:00:00,222009.5,11312.8,52673.8
2025-08-08 14:00:00,223221.2,12340.0,50636.8
2025-08-08 15:00:00,224638.8,13401.2,46274.2
2025-08-08 16:00:00,221007.8,13561.8,36785.8
2025-08-08 17:00:00,214883.2,13359.0,20843.2
2025-08-08 18:00:00,213373.8,13762.5,7238.0
2025-08-08 19:00:00,219904.0,12606.5,761.8
2025-08-08 20:00:00,219086.5,11818.5,38.0
2025-08-08 21:00:00,217557.5,11574.8,0.0
2025-08-08 22:00:00,216136.0,10394.2,0.0
2025-08-08 23:00:00,213046.5,10389.8,0.0
2025-08-09 00:00:00,208963.2,9718.8,0.0
2025-08-09 01:00:00,203326.5,9476.2,0.0
2025-08-09 02:00:00,199048.0,8625.5,0.0
2025-08-09 03:00:00,197321.2,7782.8,0.0
2025-08-09 04:00:00,195536.5,6897.5,0.0
2025-08-09 05:00:00,197667.8,6531.0,0.0
2025-08-09 06:00:00,198727.2,6420.8,1076.0
2025-08-09 07:00:00,200043.0,5964.5,9877.0
2025-08-09 08:00:00,201391.8,5387.8,25998.0
2025-08-09 09:00:00,206611.8,6267.2,42644.5
2025-08-09 10:00:00,206871.5,7209.2,51299.2
2025-08-09 11:00:00,206179.0,7911.2,52582.5
2025-08-09 12:00:00,205152.5,8316.0,53091.2
2025-08-09 13:00:00,201486.5,9174.5,50208.5
2025-08-09 14:00:00,201827.0,10390.2,47067.2
2025-08-09 15:00:00,202931.2,11743.8,41412.5
2025-08-09 16:00:00,199892.8,12754.8,30455.5
2025-08-09 17:00:00,193902.0,12455.0,17315.8
2025-08-09 18:00:00,192456.2,12409.0,5545.2
2025-08-09 19:00:00,201046.5,11264.0,471.2
2025-08-09 20:00:00,202621.0,9794.5,46.2
2025-08-09 21:00:00,202140.0,9707.5,0.0
2025-08-09 22:00:00,202020.8,9190.0,0.0
2025-08-09 23:00:00,199893.8,9026.0,0.0
2025-08-10 00:00:00,195471.0,9364.8,0.0
2025-08-10 01:00:00,190840.2,8987.5,0.0
2025-08-10 02:00:00,187509.0,8721.8,0.0
2025-08-10 03:00:00,185126.5,8335.8,0.0
2025-08-10 04:00:00,184154.5,7806.0,0.0
2025-08-10 05:00:00,184181.8,6942.5,0.0
2025-08-10 06:00:00,185586.5,6480.5,1086.8
2025-08-10 07:00:00,187922.2,5706.2,10401.0
2025-08-10 08:00:00,191734.8,5772.0,27122.5
2025-08-10 09:00:00,198348.2,7086.5,43445.0
2025-08-10 10:00:00,201478.0,8182.2,48554.5
2025-08-10 11:00:00,203299.8,8832.5,52971.2
2025-08-10 12:00:00,203161.2,10071.2,50895.2
2025-08-10 13:00:00,201203.8,11241.0,47184.0
2025-08-10 14:00:00,202003.5,12409.0,45692.8
2025-08-10 15:00:00,201648.5,14397.8,42494.0
2025-08-10 16:00:00,198678.2,15146.2,32674.8
2025-08-10 17:00:00,194192.5,15649.0,18638.5
2025-08-10 18:00:00,192605.5,15206.0,6182.5
2025-08-10 19:00:00,204593.2,14749.8,514.0
2025-08-10 20:00:00,208100.0,14393.5,45.2
2025-08-10 21:00:00,208280.8,13978.5,0.0
2025-08-10 22:00:00,208175.2,13271.5,0.0
2025-08-10 23:00:00,205226.8,13669.5,0.0
2025-08-11 00:00:00,199528.2,13925.0,0.0
2025-08-11 01:00:00,193973.0,13475.0,0.0
2025-08-11 02:00:00,189882.8,13225.5,0.0
2025-08-11 03:00:00,187343.5,12683.0,0.0
2025-08-11 04:00:00,186809.0,11765.8,0.0
2025-08-11 05:00:00,188803.8,10916.5,0.0
2025-08-11 06:00:00,195096.2,9999.0,965.2
2025-08-11 07:00:00,200544.5,9401.2,10209.2
2025-08-11 08:00:00,202313.2,9318.0,25898.8
2025-08-11 09:00:00,210055.5,10855.5,40704.2
2025-08-11 10:00:00,214964.0,12731.2,49645.0
2025-08-11 11:00:00,215929.8,13662.0,54349.5
2025-08-11 12:00:00,215222.5,14127.8,54616.8
2025-08-11 13:00:00,212618.8,14845.5,54926.8
2025-08-11 14:00:00,216695.5,15216.0,52264.0
2025-08-11 15:00:00,219035.8,16616.5,45711.2
2025-08-11 16:00:00,216530.8,17715.2,35808.5
2025-08-11 17:00:00,212843.0,18636.0,20921.8
2025-08-11 18:00:00,213840.8,19048.5,6825.2
2025-08-11 19:00:00,223019.5,18326.0,711.2
2025-08-11 20:00:00,222064.0,17792.2,79.8
2025-08-11 21:00:00,219798.8,17479.2,0.0
2025-08-11 22:00:00,218171.2,17829.5,0.0
2025-08-11 23:00:00,213995.5,18753.2,0.0
2025-08-12 00:00:00,207406.5,18216.8,0.0
2025-08-12 01:00:00,201693.2,18284.2,0.0
2025-08-12 02:00:00,196705.8,17923.0,0.0
2025-08-12 03:00:00,193696.5,16817.8,0.0
2025-08-12 04:00:00,192409.0,16735.0,0.0
2025-08-12 05:00:00,193717.0,16105.5,53.2
2025-08-12 06:00:00,199207.5,14696.5,1090.8
2025-08-12 07:00:00,202809.2,13732.5,8664.2
2025-08-12 08:00:00,204632.0,15067.8,21620.5
2025-08-12 09:00:00,211074.0,17790.8,35155.0
2025-08-12 10:00:00,214494.8,19001.2,45196.8
2025-08-12 11:00:00,215477.2,19149.5,50101.2
2025-08-12 12:00:00,214926.8,19448.2,52439.5
2025-08-12 13:00:00,212443.8,19787.5,50779.5
2025-08-12 14:00:00,215707.2,20310.0,48212.2
2025-08-12 15:00:00,218856.2,20267.0,41277.8
2025-08-12 16:00:00,216766.8,19881.8,30178.2
2025-08-12 17:00:00,213575.2,19206.0,17673.5
2025-08-12 18:00:00,215930.5,18752.8,6103.5
2025-08-12 19:00:00,223553.0,19365.2,636.2
2025-08-12 20:00:00,222869.0,18797.0,41.0
2025-08-12 21:00:00,220543.5,19007.2,0.0
2025-08-12 22:00:00,218801.0,19052.5,0.0
2025-08-12 23:00:00,215018.8,18830.8,0.0
2025-08-13 00:00:00,208494.0,18413.8,0.0
2025-08-13 01:00:00,201976.0,18321.2,0.0
2025-08-13 02:00:00,197046.5,17310.2,0.0
2025-08-13 03:00:00,193841.2,16902.0,0.0
2025-08-13 04:00:00,192958.5,16623.0,0.0
2025-08-13 05:00:00,194135.0,16570.8,57.2
2025-08-13 06:00:00,199256.2,15955.0,893.0
2025-08-13 07:00:00,203456.8,14762.8,7421.0
2025-08-13 08:00:00,206402.8,14654.5,18978.2
2025-08-13 09:00:00,214674.8,14848.2,33254.2
2025-08-13 10:00:00,218993.5,15678.0,40152.0
2025-08-13 11:00:00,218573.8,15754.5,44190.0
2025-08-13 12:00:00,217205.5,16035.2,45278.5
2025-08-13 13:00:00,213765.0,16041.0,43908.2
2025-08-13 14:00:00,216706.2,16075.8,39138.0
2025-08-13 15:00:00,219785.0,16071.2,33382.2
2025-08-13 16:00:00,216677.2,16337.8,24943.8
2025-08-13 17:00:00,213588.0,15937.5,13768.5
2025-08-13 18:00:00,213565.0,15587.2,4511.5
2025-08-13 19:00:00,220428.8,15099.8,457.8
2025-08-13 20:00:00,219038.5,15880.8,41.5
2025-08-13 21:00:00,216456.5,14401.2,0.0
2025-08-13 22:00:00,213363.5,13287.0,0.0
2025-08-13 23:00:00,208532.5,12991.8,0.0
2025-08-14 00:00:00,202625.0,12700.5,0.0
2025-08-14 01:00:00,196024.2,12389.0,0.0
2025-08-14 02:00:00,191572.2,11489.2,0.0
2025-08-14 03:00:00,189359.2,10586.8,0.0
2025-08-14 04:00:00,187379.2,9713.0,0.0
2025-08-14 05:00:00,187962.0,9349.0,43.5
2025-08-14 06:00:00,192797.2,9126.2,699.5
2025-08-14 07:00:00,197636.5,8918.5,6698.5
2025-08-14 08:00:00,199727.5,9220.2,17946.8
2025-08-14 09:00:00,206604.8,10536.0,31303.0
2025-08-14 10:00:00,207550.8,11217.0,40840.8
2025-08-14 11:00:00,206392.0,11770.2,45707.8
2025-08-14 12:00:00,205690.8,12103.0,47676.2
2025-08-14 13:00:00,201076.2,12991.8,45796.5
2025-08-14 14:00:00,203058.0,13255.8,45101.0
2025-08-14 15:00:00,204768.0,13590.8,38454.2
2025-08-14 16:00:00,204012.2,14017.0,28981.8
2025-08-14 17:00:00,202202.8,14575.8,16365.0
2025-08-14 18:00:00,204161.2,14942.2,5197.2
2025-08-14 19:00:00,215296.0,14176.5,480.5
2025-08-14 20:00:00,215398.2,13378.8,60.0
2025-08-14 21:00:00,213389.2,12840.0,0.0
2025-08-14 22:00:00,210756.8,13197.5,0.0
2025-08-14 23:00:00,205778.8,13258.0,0.0
2025-08-15 00:00:00,198995.5,12607.5,0.0
2025-08-15 01:00:00,193697.0,12237.0,0.0
2025-08-15 02:00:00,189362.8,11951.2,0.0
2025-08-15 03:00:00,186213.5,11806.8,0.0
2025-08-15 04:00:00,185104.2,10983.2,0.0
2025-08-15 05:00:00,188198.8,10011.0,9.2
2025-08-15 06:00:00,193029.2,9319.2,1282.0
2025-08-15 07:00:00,192718.5,9088.5,9993.8
2025-08-15 08:00:00,190257.2,9876.0,24194.2
2025-08-15 09:00:00,191526.2,11728.2,36911.0
2025-08-15 10:00:00,192748.5,12884.8,44039.8
2025-08-15 11:00:00,193052.0,13150.8,45701.5
2025-08-15 12:00:00,192609.2,13491.5,46584.5
2025-08-15 13:00:00,189043.5,13738.0,45242.5
2025-08-15 14:00:00,186800.8,14566.2,42376.0
2025-08-15 15:00:00,186670.2,15954.5,39272.0
2025-08-15 16:00:00,184325.0,17074.8,29038.0
2025-08-15 17:00:00,181775.8,18405.0,17230.0
2025-08-15 18:00:00,185178.5,18373.8,5731.0
2025-08-15 19:00:00,196832.8,17739.0,395.2
2025-08-15 20:00:00,199210.8,17079.2,50.0
2025-08-15 21:00:00,198324.0,16440.5,0.0
2025-08-15 22:00:00,196691.5,16565.2,0.0
2025-08-15 23:00:00,193034.8,15810.8,0.0
2025-08-16 00:00:00,188480.5,15800.2,0.0
2025-08-16 01:00:00,183648.5,15696.5,0.0
2025-08-16 02:00:00,180109.5,15851.2,0.0
2025-08-16 03:00:00,177763.8,16021.5,0.0
2025-08-16 04:00:00,177140.8,15570.5,0.0
2025-08-16 05:00:00,179166.8,15260.0,0.0
2025-08-16 06:00:00,183328.8,14850.8,1131.0
2025-08-16 07:00:00,189492.0,14451.2,10608.2
2025-08-16 08:00:00,194812.2,15008.5,25084.5
2025-08-16 09:00:00,201779.5,15559.5,36633.8
2025-08-16 10:00:00,205751.8,15258.2,43520.0
2025-08-16 11:00:00,207187.8,14933.8,50095.2
2025-08-16 12:00:00,206089.0,15534.2,49780.5
2025-08-16 13:00:00,202027.8,16676.8,47792.8
2025-08-16 14:00:00,204719.5,16905.0,43713.8
2025-08-16 15:00:00,205436.0,17328.8,37740.2
2025-08-16 16:00:00,202769.0,18923.5,23620.0
2025-08-16 17:00:00,200422.8,17928.0,14326.0
2025-08-16 18:00:00,200062.0,17069.0,4805.8
2025-08-16 19:00:00,208367.2,17035.8,404.5
2025-08-16 20:00:00,208790.8,16594.2,61.8
2025-08-16 21:00:00,206764.8,14897.8,0.0
2025-08-16 22:00:00,205895.2,14836.0,0.0
2025-08-16 23:00:00,202887.2,15295.2,0.0
2025-08-17 00:00:00,197695.5,14870.0,0.0
2025-08-17 01:00:00,194433.2,15150.8,0.0
2025-08-17 02:00:00,190397.8,14963.8,0.0
2025-08-17 03:00:00,187101.0,14981.0,0.0
2025-08-17 04:00:00,185253.5,14529.8,0.0
2025-08-17 05:00:00,185084.8,14398.0,6.0
2025-08-17 06:00:00,186003.2,14363.0,1065.0
2025-08-17 07:00:00,188647.0,14440.0,9225.0
2025-08-17 08:00:00,190874.0,14369.2,23765.0
2025-08-17 09:00:00,195248.0,15132.2,37754.0
2025-08-17 10:00:00,196346.0,15671.5,42853.8
2025-08-17 11:00:00,196516.5,15760.2,47440.5
2025-08-17 12:00:00,195560.0,15861.0,47917.2
2025-08-17 13:00:00,193542.5,15812.8,46771.0
2025-08-17 14:00:00,191416.0,16286.5,43135.2
2025-08-17 15:00:00,190586.5,17267.0,38751.5
2025-08-17 16:00:00,187864.0,18155.5,27478.8
2025-08-17 17:00:00,183842.2,18045.0,15758.0
2025-08-17 18:00:00,187508.5,18864.0,4713.5
2025-08-17 19:00:00,200493.5,18553.0,444.0
2025-08-17 20:00:00,204317.5,18374.2,66.8
2025-08-17 21:00:00,203481.0,18395.5,0.0
2025-08-17 22:00:00,202648.5,18648.8,0.0
2025-08-17 23:00:00,199306.2,17877.8,0.0
2025-08-18 00:00:00,194255.5,17053.2,0.0
2025-08-18 01:00:00,188907.2,16787.2,0.0
2025-08-18 02:00:00,184964.8,15923.8,0.0
2025-08-18 03:00:00,182188.2,14987.0,0.0
2025-08-18 04:00:00,181641.0,14555.8,0.0
2025-08-18 05:00:00,182741.0,14580.2,98.2
2025-08-18 06:00:00,188211.2,14126.2,1148.0
2025-08-18 07:00:00,193660.0,13311.5,8817.8
2025-08-18 08:00:00,195699.0,13562.0,22927.5
2025-08-18 09:00:00,201906.0,14400.5,38892.2
2025-08-18 10:00:00,205339.2,15856.8,47677.0
2025-08-18 11:00:00,205311.8,16696.8,49257.5
2025-08-18 12:00:00,204032.5,17370.8,50092.0
2025-08-18 13:00:00,199883.0,16462.0,48006.2
2025-08-18 14:00:00,202794.2,17792.8,46383.2
2025-08-18 15:00:00,204766.2,19271.2,41674.8
2025-08-18 16:00:00,203285.5,19542.5,30349.2
2025-08-18 17:00:00,201531.8,19289.0,17821.0
2025-08-18 18:00:00,204749.0,19011.8,4858.5
2025-08-18 19:00:00,214300.5,19020.0,825.0
2025-08-18 20:00:00,214015.8,19037.8,156.0
2025-08-18 21:00:00,212691.8,18685.5,0.0
2025-08-18 22:00:00,210400.5,18043.2,0.0
2025-08-18 23:00:00,206371.2,17867.5,0.0
2025-08-19 00:00:00,200459.0,17453.2,0.0
2025-08-19 01:00:00,194481.2,17277.8,0.0
2025-08-19 02:00:00,190323.5,17473.5,0.0
2025-08-19 03:00:00,187615.2,16567.8,0.0
2025-08-19 04:00:00,186865.0,16442.2,0.0
2025-08-19 05:00:00,188703.8,16698.2,122.2
2025-08-19 06:00:00,194450.2,16618.2,1596.5
2025-08-19 07:00:00,198317.5,16010.2,9230.5
2025-08-19 08:00:00,199399.0,16767.5,23150.2
2025-08-19 09:00:00,204484.0,16755.8,37089.8
2025-08-19 10:00:00,206499.0,17444.0,44796.0
2025-08-19 11:00:00,206346.8,18236.5,47508.5
2025-08-19 12:00:00,204704.2,18955.5,46624.0
2025-08-19 13:00:00,200103.8,18659.2,44720.8
2025-08-19 14:00:00,201255.0,19441.8,39836.8
2025-08-19 15:00:00,203854.5,21077.5,30764.0
2025-08-19 16:00:00,202792.5,22287.8,21070.0
2025-08-19 17:00:00,202411.2,21445.5,11576.2
2025-08-19 18:00:00,206534.5,20529.8,3566.0
2025-08-19 19:00:00,216623.0,20159.0,213.2
2025-08-19 20:00:00,216275.0,19458.0,12.0
2025-08-19 21:00:00,214087.0,18122.8,0.0
2025-08-19 22:00:00,211702.0,17782.2,0.0
2025-08-19 23:00:00,207226.0,17634.8,0.0
2025-08-20 00:00:00,,,
2025-08-20 01:00:00,,,
2025-08-20 02:00:00,,,
2025-08-20 03:00:00,,,
2025-08-20 04:00:00,,,
2025-08-20 05:00:00,,,
2025-08-20 06:00:00,,,
2025-08-20 07:00:00,,,
2025-08-20 08:00:00,,,
2025-08-20 09:00:00,,,
2025-08-20 10:00:00,,,
2025-08-20 11:00:00,,,
2025-08-20 12:00:00,,,
2025-08-20 13:00:00,,,
2025-08-20 14:00:00,,,
2025-08-20 15:00:00,,,
2025-08-20 16:00:00,,,
2025-08-20 17:00:00,,,
2025-08-20 18:00:00,,,
2025-08-20 19:00:00,,,
2025-08-20 20:00:00,,,
2025-08-20 21:00:00,,,
2025-08-20 22:00:00,,,
2025-08-20 23:00:00,,,
2025-08-21 00:00:00,,,
2025-08-21 01:00:00,,,
2025-08-21 02:00:00,,,
2025-08-21 03:00:00,,,
2025-08-21 04:00:00,,,
2025-08-21 05:00:00,,,
2025-08-21 06:00:00,,,
2025-08-21 07:00:00,,,
2025-08-21 08:00:00,,,
2025-08-21 09:00:00,,,
2025-08-21 10:00:00,,,
2025-08-21 11:00:00,,,
2025-08-21 12:00:00,,,
2025-08-21 13:00:00,,,
2025-08-21 14:00:00,,,
2025-08-21 15:00:00,,,
2025-08-21 16:00:00,,,
2025-08-21 17:00:00,,,
2025-08-21 18:00:00,,,
2025-08-21 19:00:00,,,
2025-08-21 20:00:00,,,
2025-08-21 21:00:00,,,
2025-08-21 22:00:00,,,
2025-08-21 23:00:00,,,
2025-08-22 00:00:00,205105.5,16055.8,0.0
2025-08-22 01:00:00,199208.8,15831.2,0.0
2025-08-22 02:00:00,195096.8,15147.2,0.0
2025-08-22 03:00:00,192856.2,14672.8,0.0
2025-08-22 04:00:00,192190.8,13914.5,0.0
2025-08-22 05:00:00,194057.5,13908.5,65.0
2025-08-22 06:00:00,199312.0,13493.5,1207.2
2025-08-22 07:00:00,203209.2,12451.8,9039.0
2025-08-22 08:00:00,205756.2,13033.5,22627.0
2025-08-22 09:00:00,211502.2,14321.2,36206.0
2025-08-22 10:00:00,213582.0,15122.5,45616.5
2025-08-22 11:00:00,212944.0,15534.0,51119.0
2025-08-22 12:00:00,211526.2,13106.0,49671.0
2025-08-22 13:00:00,209025.0,15731.5,51877.2
2025-08-22 14:00:00,210527.5,16167.2,48626.0
2025-08-22 15:00:00,211567.5,13998.0,39216.0
2025-08-22 16:00:00,209692.2,17336.0,29473.5
2025-08-22 17:00:00,206022.0,17293.2,18574.2
2025-08-22 18:00:00,208737.0,17528.0,8505.2
2025-08-22 19:00:00,217242.8,17964.8,1511.0
2025-08-22 20:00:00,216479.0,18053.0,361.2
2025-08-22 21:00:00,214911.2,18302.5,0.0
2025-08-22 22:00:00,212196.2,18592.8,0.0
2025-08-22 23:00:00,207050.0,18633.2,0.0
2025-08-23 00:00:00,201244.2,18323.2,0.0
2025-08-23 01:00:00,196191.5,18432.2,0.0
2025-08-23 02:00:00,192346.8,18869.0,0.0
2025-08-23 03:00:00,190482.5,19446.2,0.0
2025-08-23 04:00:00,189483.8,19271.0,0.0
2025-08-23 05:00:00,190491.8,18201.0,248.0
2025-08-23 06:00:00,195334.8,17245.0,1439.0
2025-08-23 07:00:00,198779.0,15856.5,7799.0
2025-08-23 08:00:00,199756.8,15513.2,19985.5
2025-08-23 09:00:00,204890.8,16787.8,31312.0
2025-08-23 10:00:00,207218.0,18072.5,40864.5
2025-08-23 11:00:00,206409.8,18719.2,45353.0
2025-08-23 12:00:00,204219.8,18761.0,45323.8
2025-08-23 13:00:00,200683.8,19419.2,44187.2
2025-08-23 14:00:00,201249.2,21813.5,41774.0
2025-08-23 15:00:00,201587.8,22849.2,36780.5
2025-08-23 16:00:00,200164.2,22248.8,27551.5
2025-08-23 17:00:00,197815.8,21976.2,15911.0
2025-08-23 18:00:00,200943.8,21843.2,5535.8
2025-08-23 19:00:00,212400.8,21482.0,1127.8
2025-08-23 20:00:00,209699.0,21452.2,209.2
2025-08-23 21:00:00,207423.5,20936.2,0.0
2025-08-23 22:00:00,204901.2,20141.8,0.0
2025-08-23 23:00:00,200496.2,20036.0,0.0
2025-08-24 00:00:00,194529.8,19933.0,0.0
2025-08-24 01:00:00,190089.5,19954.0,0.0
2025-08-24 02:00:00,186400.0,20334.5,0.0
2025-08-24 03:00:00,183910.0,19939.2,0.0
2025-08-24 04:00:00,183253.0,19499.0,0.0
2025-08-24 05:00:00,183165.8,19071.2,88.2
2025-08-24 06:00:00,184651.5,18590.0,1606.8
2025-08-24 07:00:00,185995.8,18243.8,8393.8
2025-08-24 08:00:00,187264.2,19606.0,20430.2
2025-08-24 09:00:00,189387.2,21052.2,31546.5
2025-08-24 10:00:00,189077.0,21582.5,35699.0
2025-08-24 11:00:00,187276.0,21897.0,36016.0
2025-08-24 12:00:00,186403.8,22676.8,36300.0
2025-08-24 13:00:00,181923.2,21971.5,33850.0
2025-08-24 14:00:00,180696.2,22009.2,33057.0
2025-08-24 15:00:00,180534.0,23688.5,28710.5
2025-08-24 16:00:00,178253.8,24361.5,20445.2
2025-08-24 17:00:00,174238.5,23375.8,13366.5
2025-08-24 18:00:00,179210.5,22136.8,4769.8
2025-08-24 19:00:00,193683.2,21425.0,1247.2
2025-08-24 20:00:00,194890.8,21576.0,284.5
2025-08-24 21:00:00,193856.5,21624.0,0.0
2025-08-24 22:00:00,191798.2,21021.0,0.0
2025-08-24 23:00:00,187040.8,20467.2,0.0
2025-08-25 00:00:00,181829.0,20820.8,0.0
2025-08-25 01:00:00,177485.2,20708.2,0.0
2025-08-25 02:00:00,174479.0,20016.8,0.0
2025-08-25 03:00:00,171981.8,19498.5,0.0
2025-08-25 04:00:00,171719.0,17187.0,0.0
2025-08-25 05:00:00,173730.8,15262.5,28.8
2025-08-25 06:00:00,182547.2,14696.2,1581.2
2025-08-25 07:00:00,189026.0,14492.5,9585.0
2025-08-25 08:00:00,190481.0,14973.0,23471.2
2025-08-25 09:00:00,195775.5,15872.2,36173.5
2025-08-25 10:00:00,198595.0,16326.0,44394.8
2025-08-25 11:00:00,198014.8,16649.5,47246.5
2025-08-25 12:00:00,195846.5,16952.5,45239.8
2025-08-25 13:00:00,190722.2,17403.5,40508.2
2025-08-25 14:00:00,194776.2,17692.0,42479.8
2025-08-25 15:00:00,197396.5,18343.8,40201.0
2025-08-25 16:00:00,195513.5,17919.8,31071.0
2025-08-25 17:00:00,192131.0,16209.8,17502.0
2025-08-25 18:00:00,195217.0,14179.8,5377.0
2025-08-25 19:00:00,209051.8,12866.2,919.0
2025-08-25 20:00:00,206953.2,12265.2,199.8
2025-08-25 21:00:00,203943.2,11684.0,0.0
2025-08-25 22:00:00,201249.8,12151.5,0.0
2025-08-25 23:00:00,195957.0,13638.0,0.0
2025-08-26 00:00:00,190032.8,14937.0,0.0
2025-08-26 01:00:00,184946.5,16214.2,0.0
2025-08-26 02:00:00,181942.8,15970.5,0.0
2025-08-26 03:00:00,180213.5,15434.2,0.0
2025-08-26 04:00:00,179704.0,14493.0,0.0
2025-08-26 05:00:00,181365.8,13244.5,49.8
2025-08-26 06:00:00,188800.2,12123.8,1318.2
2025-08-26 07:00:00,194427.5,11662.0,10584.8
2025-08-26 08:00:00,197530.0,12697.0,25479.5
2025-08-26 09:00:00,203963.0,14289.0,40276.5
2025-08-26 10:00:00,205332.5,13782.5,45091.5
2025-08-26 11:00:00,205634.5,15296.5,50682.2
2025-08-26 12:00:00,203935.8,15672.0,52041.8
2025-08-26 13:00:00,198818.2,16402.2,49252.5
2025-08-26 14:00:00,200156.0,18218.0,46881.2
2025-08-26 15:00:00,202098.2,19508.2,43257.5
2025-08-26 16:00:00,198713.2,20488.8,28071.0
2025-08-26 17:00:00,194511.5,20684.2,14328.0
2025-08-26 18:00:00,198822.5,19060.8,3533.5
2025-08-26 19:00:00,210419.2,18574.2,301.2
2025-08-26 20:00:00,207861.5,18625.2,55.5
2025-08-26 21:00:00,205328.0,18247.8,0.0
2025-08-26 22:00:00,202479.2,18164.5,0.0
2025-08-26 23:00:00,198330.0,17907.8,0.0
2025-08-27 00:00:00,192663.0,17999.5,0.0
2025-08-27 01:00:00,187516.0,17626.2,0.0
2025-08-27 02:00:00,184453.0,17445.0,0.0
2025-08-27 03:00:00,182117.0,17114.2,0.0
2025-08-27 04:00:00,181467.2,15980.2,0.0
2025-08-27 05:00:00,182926.0,14660.2,139.8
2025-08-27 06:00:00,187046.8,13220.5,838.8
2025-08-27 07:00:00,189282.8,12047.2,8146.5
2025-08-27 08:00:00,191771.5,11603.0,23620.5
2025-08-27 09:00:00,198621.8,12542.5,38614.2
2025-08-27 10:00:00,199600.8,13943.2,47877.8
2025-08-27 11:00:00,197945.5,14522.5,51500.0
2025-08-27 12:00:00,195329.5,14466.0,50741.2
2025-08-27 13:00:00,190332.8,14602.0,46257.8
2025-08-27 14:00:00,191858.2,14449.8,43928.8
2025-08-27 15:00:00,193086.2,14939.8,38038.5
2025-08-27 16:00:00,192906.0,15410.0,28506.5
2025-08-27 17:00:00,190931.0,16589.8,15006.2
2025-08-27 18:00:00,195119.5,16478.8,4229.0
2025-08-27 19:00:00,204272.0,16917.0,657.8
2025-08-27 20:00:00,204318.5,17819.0,105.5
2025-08-27 21:00:00,203823.8,17659.2,0.0
2025-08-27 22:00:00,202708.8,17082.0,0.0
2025-08-27 23:00:00,198575.0,17109.0,0.0
2025-08-28 00:00:00,193078.5,17581.8,0.0
2025-08-28 01:00:00,187675.5,17986.2,0.0
2025-08-28 02:00:00,183497.0,17658.5,0.0
2025-08-28 03:00:00,180514.5,17005.0,0.0
2025-08-28 04:00:00,179729.5,16197.8,0.0
2025-08-28 05:00:00,180614.8,15520.2,149.5
2025-08-28 06:00:00,185869.5,14878.2,882.0
2025-08-28 07:00:00,190169.2,14230.0,8343.8
2025-08-28 08:00:00,193073.0,13882.2,22743.8
2025-08-28 09:00:00,200783.2,14817.8,38435.8
2025-08-28 10:00:00,204540.8,15505.0,46701.0
2025-08-28 11:00:00,204520.0,14843.5,49825.0
2025-08-28 12:00:00,203639.2,14812.8,50925.2
2025-08-28 13:00:00,199614.2,15391.0,48536.0
2025-08-28 14:00:00,202836.8,15382.0,47243.0
2025-08-28 15:00:00,205413.8,15493.2,41422.5
2025-08-28 16:00:00,204047.5,15321.8,30166.5
2025-08-28 17:00:00,200657.8,15471.2,16783.2
2025-08-28 18:00:00,205232.5,15122.0,5653.8
2025-08-28 19:00:00,214504.5,15161.8,1136.0
2025-08-28 20:00:00,212626.8,16320.5,205.8
2025-08-28 21:00:00,211488.0,16409.0,0.0
2025-08-28 22:00:00,209904.2,16742.2,0.0
2025-08-28 23:00:00,205468.0,16912.5,0.0
2025-08-29 00:00:00,199364.5,17116.8,0.0
2025-08-29 01:00:00,193421.5,17350.8,0.0
2025-08-29 02:00:00,189738.5,17555.0,0.0
2025-08-29 03:00:00,186106.8,17197.2,0.0
2025-08-29 04:00:00,184874.2,16135.8,0.0
2025-08-29 05:00:00,186474.5,14584.8,92.8
2025-08-29 06:00:00,191061.5,12876.2,831.0
2025-08-29 07:00:00,196146.5,11727.2,8906.8
2025-08-29 08:00:00,197260.2,11602.8,23477.2
2025-08-29 09:00:00,202197.8,12606.0,39174.2
2025-08-29 10:00:00,203621.5,12278.0,46748.5
2025-08-29 11:00:00,204937.8,13025.2,52007.8
2025-08-29 12:00:00,203002.2,13173.5,53275.2
2025-08-29 13:00:00,196732.0,14242.5,48662.8
2025-08-29 14:00:00,197922.8,15815.0,44967.2
2025-08-29 15:00:00,199097.2,16655.0,36282.5
2025-08-29 16:00:00,199433.8,16591.8,23567.5
2025-08-29 17:00:00,199002.2,15682.5,11615.5
2025-08-29 18:00:00,204217.8,14606.0,2589.2
2025-08-29 19:00:00,213909.0,14295.8,575.2
2025-08-29 20:00:00,211780.2,14045.0,134.2
2025-08-29 21:00:00,209716.2,13312.2,0.0
2025-08-29 22:00:00,208192.0,13029.8,0.0
2025-08-29 23:00:00,203743.2,13166.8,0.0
2025-08-30 00:00:00,197642.8,12848.5,0.0
2025-08-30 01:00:00,192325.2,12275.0,0.0
2025-08-30 02:00:00,187749.0,11714.5,0.0
2025-08-30 03:00:00,185166.2,11129.8,0.0
2025-08-30 04:00:00,184027.8,10676.5,0.0
2025-08-30 05:00:00,184928.2,10237.0,491.8
2025-08-30 06:00:00,189393.0,9448.5,1110.0
2025-08-30 07:00:00,193394.8,8750.0,7661.8
2025-08-30 08:00:00,193637.5,9590.0,19538.8
2025-08-30 09:00:00,198858.2,12221.0,28786.2
2025-08-30 10:00:00,202512.5,13909.2,34857.8
2025-08-30 11:00:00,202015.5,14474.8,38326.8
2025-08-30 12:00:00,201301.0,14262.2,41425.8
2025-08-30 13:00:00,198458.2,15197.8,43878.5
2025-08-30 14:00:00,200099.2,16296.5,42641.2
2025-08-30 15:00:00,202445.0,16862.8,37603.0
2025-08-30 16:00:00,201450.0,18303.8,27878.8
2025-08-30 17:00:00,198154.5,18112.0,12439.0
2025-08-30 18:00:00,203312.8,17988.8,3002.5
2025-08-30 19:00:00,213969.2,17715.2,303.5
2025-08-30 20:00:00,211149.8,16709.8,71.5
2025-08-30 21:00:00,209677.0,17594.8,0.0
2025-08-30 22:00:00,208818.2,17306.2,0.0
2025-08-30 23:00:00,204074.2,16027.0,0.0
2025-08-31 00:00:00,197639.2,16027.2,0.0
2025-08-31 01:00:00,192353.8,17035.8,0.0
2025-08-31 02:00:00,187534.0,16768.0,0.0
2025-08-31 03:00:00,183911.5,16413.8,0.0
2025-08-31 04:00:00,181783.0,15028.2,0.0
2025-08-31 05:00:00,180354.8,13866.5,44.2
2025-08-31 06:00:00,181188.5,12781.5,715.8
2025-08-31 07:00:00,182873.0,12252.8,7307.0
2025-08-31 08:00:00,184574.5,12837.8,19544.0
2025-08-31 09:00:00,188637.5,14779.5,29375.5
2025-08-31 10:00:00,189141.8,16156.5,33216.8
2025-08-31 11:00:00,187926.2,16616.2,36043.8
2025-08-31 12:00:00,185738.2,16945.0,35201.2
2025-08-31 13:00:00,181325.0,17056.0,33247.5
2025-08-31 14:00:00,180810.0,17614.8,32081.0
2025-08-31 15:00:00,182506.0,18824.2,28291.2
2025-08-31 16:00:00,180528.2,19925.0,20755.5
2025-08-31 17:00:00,177728.2,21162.0,12466.0
2025-08-31 18:00:00,182863.8,20585.5,2751.8
2025-08-31 19:00:00,194105.2,20533.2,43.8
2025-08-31 20:00:00,192201.0,20197.2,0.0
2025-08-31 21:00:00,191733.2,18493.0,0.0
2025-08-31 22:00:00,190904.5,17497.8,0.0
2025-08-31 23:00:00,186893.2,18192.0,0.0
2025-09-01 00:00:00,181103.0,19260.8,0.0
2025-09-01 01:00:00,175466.8,20791.2,0.0
2025-09-01 02:00:00,171268.2,20890.2,0.0
2025-09-01 03:00:00,168515.5,20038.5,0.0
2025-09-01 04:00:00,167892.8,18887.2,0.0
2025-09-01 05:00:00,169470.0,18085.5,40.2
2025-09-01 06:00:00,176243.8,17796.8,622.2
2025-09-01 07:00:00,182999.8,17553.8,6680.5
2025-09-01 08:00:00,186034.2,18550.5,19387.5
2025-09-01 09:00:00,191154.8,21206.8,31484.0
2025-09-01 10:00:00,193120.5,22273.5,37812.0
2025-09-01 11:00:00,192431.8,22941.5,37506.5
2025-09-01 12:00:00,191194.0,23234.8,36937.2
2025-09-01 13:00:00,187312.5,23802.5,34547.5
2025-09-01 14:00:00,189128.8,24577.0,32746.0
2025-09-01 15:00:00,190359.5,24254.0,33237.5
2025-09-01 16:00:00,188274.0,23504.8,25025.8
2025-09-01 17:00:00,188629.0,22347.5,14163.2
2025-09-01 18:00:00,192322.5,20868.0,3765.0
2025-09-01 19:00:00,201045.8,20101.0,120.8
2025-09-01 20:00:00,196986.8,19129.8,11.2
2025-09-01 21:00:00,194303.2,18891.5,0.0
2025-09-01 22:00:00,192131.8,18516.5,0.0
2025-09-01 23:00:00,186943.5,18234.0,0.0
2025-09-02 00:00:00,180498.0,18008.5,0.0
2025-09-02 01:00:00,175309.2,17937.5,0.0
2025-09-02 02:00:00,171038.5,17704.5,0.0
2025-09-02 03:00:00,168135.8,17755.5,0.0
2025-09-02 04:00:00,165641.0,17384.0,0.0
2025-09-02 05:00:00,167230.2,17517.2,80.0
2025-09-02 06:00:00,174429.2,17390.8,697.2
2025-09-02 07:00:00,183202.8,16399.0,8516.8
2025-09-02 08:00:00,185863.5,16376.5,23701.0
2025-09-02 09:00:00,190789.0,18320.5,34812.0
2025-09-02 10:00:00,192320.5,18985.0,40600.0
2025-09-02 11:00:00,191078.0,18791.8,42111.8
2025-09-02 12:00:00,188627.0,18955.0,40669.5
2025-09-02 13:00:00,182917.8,19162.2,36198.2
2025-09-02 14:00:00,184287.0,19156.8,35893.2
2025-09-02 15:00:00,186657.0,19225.5,37133.2
2025-09-02 16:00:00,186820.0,20084.5,29538.0
2025-09-02 17:00:00,185754.5,20152.0,16029.8
2025-09-02 18:00:00,191104.0,19606.0,3660.2
2025-09-02 19:00:00,201136.5,18880.8,140.2
2025-09-02 20:00:00,195964.5,18729.0,26.2
2025-09-02 21:00:00,191699.2,18312.8,0.0
2025-09-02 22:00:00,189034.2,18114.8,0.0
2025-09-02 23:00:00,184342.8,18680.8,0.0
2025-09-03 00:00:00,178477.5,19436.8,0.0
2025-09-03 01:00:00,173364.0,19260.5,0.0
2025-09-03 02:00:00,169617.2,18192.0,0.0
2025-09-03 03:00:00,167415.8,17662.5,0.0
2025-09-03 04:00:00,166725.0,17394.0,0.0
2025-09-03 05:00:00,168911.8,16409.2,70.2
2025-09-03 06:00:00,175720.0,15439.5,874.8
2025-09-03 07:00:00,181872.2,14082.8,9492.2
2025-09-03 08:00:00,184954.5,14153.0,26843.8
2025-09-03 09:00:00,189459.2,14918.8,41756.8
2025-09-03 10:00:00,192708.5,14980.2,48607.8
2025-09-03 11:00:00,192106.2,15123.8,48652.8
2025-09-03 12:00:00,190516.8,14748.5,46772.0
2025-09-03 13:00:00,185183.8,15311.5,44357.0
2025-09-03 14:00:00,187453.8,16420.0,45740.8
2025-09-03 15:00:00,190271.8,16819.2,44352.8
2025-09-03 16:00:00,188890.2,17253.8,33909.8
2025-09-03 17:00:00,187337.5,17969.5,18030.0
2025-09-03 18:00:00,193278.0,18163.2,4647.5
2025-09-03 19:00:00,203619.5,18583.2,153.0
2025-09-03 20:00:00,199614.2,18661.8,15.8
2025-09-03 21:00:00,195682.8,17765.8,0.0
2025-09-03 22:00:00,193520.0,17401.5,0.0
2025-09-03 23:00:00,188437.2,17861.5,0.0
2025-09-04 00:00:00,182710.2,17383.5,0.0
2025-09-04 01:00:00,177388.8,16789.5,0.0
2025-09-04 02:00:00,173690.8,16885.2,0.0
2025-09-04 03:00:00,171182.2,17072.2,0.0
2025-09-04 04:00:00,170827.2,16443.2,0.0
2025-09-04 05:00:00,172688.2,15771.5,52.5
2025-09-04 06:00:00,179760.8,15126.0,914.0
2025-09-04 07:00:00,185531.2,14594.5,9366.2
2025-09-04 08:00:00,187478.8,15141.8,25864.0
2025-09-04 09:00:00,193409.8,16777.2,42989.0
2025-09-04 10:00:00,194576.2,17734.8,48949.5
2025-09-04 11:00:00,194690.5,17823.8,50088.2
2025-09-04 12:00:00,193165.0,18207.0,48367.5
2025-09-04 13:00:00,187823.5,18188.2,44599.8
2025-09-04 14:00:00,191070.0,19883.2,46069.0
2025-09-04 15:00:00,192175.2,22046.0,42353.8
2025-09-04 16:00:00,192137.5,23753.2,34179.8
2025-09-04 17:00:00,189213.0,23595.8,18114.0
2025-09-04 18:00:00,194540.8,23044.2,4928.2
2025-09-04 19:00:00,203580.0,21863.0,613.8
2025-09-04 20:00:00,199273.0,19970.5,85.2
2025-09-04 21:00:00,196390.0,17947.0,0.0
2025-09-04 22:00:00,194724.0,16776.0,0.0
2025-09-04 23:00:00,190515.8,16795.0,0.0
2025-09-05 00:00:00,185322.5,16338.8,0.0
2025-09-05 01:00:00,181136.2,16249.8,0.0
2025-09-05 02:00:00,177328.2,15723.2,0.0
2025-09-05 03:00:00,174387.8,15489.2,0.0
2025-09-05 04:00:00,173983.0,15249.2,0.0
2025-09-05 05:00:00,175466.5,14684.8,143.5
2025-09-05 06:00:00,180928.8,14300.2,1085.2
2025-09-05 07:00:00,185306.8,13564.8,8730.5
2025-09-05 08:00:00,189449.0,13325.0,22198.5
2025-09-05 09:00:00,196154.2,14043.0,36902.8
2025-09-05 10:00:00,199566.2,14444.0,48091.5
2025-09-05 11:00:00,201292.0,14977.2,52580.5
2025-09-05 12:00:00,200339.0,16065.0,51108.8
2025-09-05 13:00:00,195714.2,18143.8,48141.0
2025-09-05 14:00:00,197901.0,19578.0,46882.8
2025-09-05 15:00:00,199002.2,20410.8,43771.2
2025-09-05 16:00:00,196479.5,21115.2,31488.5
2025-09-05 17:00:00,193656.5,21513.2,16228.8
2025-09-05 18:00:00,198595.8,21128.0,4580.0
2025-09-05 19:00:00,208195.8,21012.2,179.8
2025-09-05 20:00:00,204983.2,21355.2,13.8
2025-09-05 21:00:00,203116.2,21281.5,0.0
2025-09-05 22:00:00,200257.5,18789.8,0.0
2025-09-05 23:00:00,196484.8,18270.8,0.0
2025-09-06 00:00:00,190650.8,16808.2,0.0
2025-09-06 01:00:00,185663.8,15976.8,0.0
2025-09-06 02:00:00,181661.5,14105.8,0.0
2025-09-06 03:00:00,179965.8,12750.5,0.0
2025-09-06 04:00:00,179945.8,13263.5,0.0
2025-09-06 05:00:00,180952.8,14256.5,0.0
2025-09-06 06:00:00,185473.5,14478.8,836.0
2025-09-06 07:00:00,189421.5,13997.8,9722.2
2025-09-06 08:00:00,191892.5,14811.5,26016.8
2025-09-06 09:00:00,197739.8,15943.5,40104.5
2025-09-06 10:00:00,200892.0,16779.0,47527.0
2025-09-06 11:00:00,201299.8,16961.0,49155.0
2025-09-06 12:00:00,199720.0,18016.8,48062.5
2025-09-06 13:00:00,194332.0,19848.8,43480.5
2025-09-06 14:00:00,195008.5,20720.5,41440.0
2025-09-06 15:00:00,196257.8,20564.0,35027.0
2025-09-06 16:00:00,194087.2,20235.8,23765.2
2025-09-06 17:00:00,188135.5,19810.5,9759.5
2025-09-06 18:00:00,192466.2,18081.0,1621.8
2025-09-06 19:00:00,203661.8,19146.8,249.2
2025-09-06 20:00:00,201374.2,21407.2,24.8
2025-09-06 21:00:00,199588.5,21326.2,0.0
2025-09-06 22:00:00,197651.0,20477.5,0.0
2025-09-06 23:00:00,193624.5,19878.5,0.0
2025-09-07 00:00:00,188379.5,18015.2,0.0
2025-09-07 01:00:00,184128.8,16965.0,0.0
2025-09-07 02:00:00,180660.0,17274.2,0.0
2025-09-07 03:00:00,178131.2,17458.8,0.0
2025-09-07 04:00:00,177513.2,18171.2,0.0
2025-09-07 05:00:00,177271.2,18394.5,69.0
2025-09-07 06:00:00,177652.5,18212.8,780.0
2025-09-07 07:00:00,179461.8,17746.8,8958.0
2025-09-07 08:00:00,180630.2,17551.8,23449.5
2025-09-07 09:00:00,186077.2,18408.5,33914.5
2025-09-07 10:00:00,188325.5,18798.2,41682.5
2025-09-07 11:00:00,188463.8,19055.8,43072.0
2025-09-07 12:00:00,187258.8,19545.8,40569.0
2025-09-07 13:00:00,184611.2,20340.8,37876.5
2025-09-07 14:00:00,184177.5,21422.5,36464.5
2025-09-07 15:00:00,184588.0,22907.0,35870.2
2025-09-07 16:00:00,181485.5,23179.5,26860.2
2025-09-07 17:00:00,176978.0,21773.5,13580.0
2025-09-07 18:00:00,183671.8,19952.8,2267.8
2025-09-07 19:00:00,196666.8,18291.5,405.2
2025-09-07 20:00:00,197082.2,17740.2,98.5
2025-09-07 21:00:00,197334.2,17581.5,0.0
2025-09-07 22:00:00,195477.2,17253.0,0.0
2025-09-07 23:00:00,190654.5,17062.5,0.0
2025-09-08 00:00:00,185613.5,17300.5,0.0
2025-09-08 01:00:00,181147.8,16919.2,0.0
2025-09-08 02:00:00,178168.5,16588.0,0.0
2025-09-08 03:00:00,176856.5,16311.2,0.0
2025-09-08 04:00:00,177000.2,15844.5,0.0
2025-09-08 05:00:00,180460.5,15636.2,293.8
2025-09-08 06:00:00,188678.8,15434.0,1067.2
2025-09-08 07:00:00,193912.0,15155.5,9819.2
2025-09-08 08:00:00,192940.5,14978.0,24551.5
2025-09-08 09:00:00,198791.5,15589.8,38683.8
2025-09-08 10:00:00,202461.2,15564.8,46226.8
2025-09-08 11:00:00,202755.0,15307.5,49399.5
2025-09-08 12:00:00,202330.2,15549.8,46851.8
2025-09-08 13:00:00,199132.2,15633.0,43681.5
2025-09-08 14:00:00,202540.8,15957.8,41635.2
2025-09-08 15:00:00,206357.8,16485.5,35773.8
2025-09-08 16:00:00,205178.0,17031.8,25763.0
2025-09-08 17:00:00,202371.5,16975.0,11761.8
2025-09-08 18:00:00,205791.0,15683.8,2255.8
2025-09-08 19:00:00,210469.8,14610.5,221.8
2025-09-08 20:00:00,209835.8,13748.2,46.2
2025-09-08 21:00:00,210136.5,13392.5,0.0
2025-09-08 22:00:00,209150.8,13369.5,0.0
2025-09-08 23:00:00,205602.2,13224.2,0.0
2025-09-09 00:00:00,,,
2025-09-09 01:00:00,,,
2025-09-09 02:00:00,,,
2025-09-09 03:00:00,,,
2025-09-09 04:00:00,,,
2025-09-09 05:00:00,,,
2025-09-09 06:00:00,,,
2025-09-09 07:00:00,,,
2025-09-09 08:00:00,,,
2025-09-09 09:00:00,,,
2025-09-09 10:00:00,,,
2025-09-09 11:00:00,,,
2025-09-09 12:00:00,,,
2025-09-09 13:00:00,,,
2025-09-09 14:00:00,,,
2025-09-09 15:00:00,,,
2025-09-09 16:00:00,,,
2025-09-09 17:00:00,,,
2025-09-09 18:00:00,,,
2025-09-09 19:00:00,,,
2025-09-09 20:00:00,,,
2025-09-09 21:00:00,,,
2025-09-09 22:00:00,,,
2025-09-09 23:00:00,,,
2025-09-10 00:00:00,207756.2,8398.0,0.0
2025-09-10 01:00:00,202417.2,8549.8,0.0
2025-09-10 02:00:00,198231.8,7902.5,0.0
2025-09-10 03:00:00,195795.8,7747.2,0.0
2025-09-10 04:00:00,195033.0,7441.5,0.0
2025-09-10 05:00:00,197156.0,7113.2,42.0
2025-09-10 06:00:00,202974.5,6592.0,1505.5
2025-09-10 07:00:00,205935.2,5967.5,11793.2
2025-09-10 08:00:00,205214.8,5427.2,31495.5
2025-09-10 09:00:00,209566.5,5920.2,47595.5
2025-09-10 10:00:00,211484.2,6097.5,55867.5
2025-09-10 11:00:00,211554.5,6038.5,55676.5
2025-09-10 12:00:00,210743.5,5909.8,53245.2
2025-09-10 13:00:00,206987.5,6578.2,51619.0
2025-09-10 14:00:00,209287.2,8179.5,47115.8
2025-09-10 15:00:00,213580.0,8772.8,42111.2
2025-09-10 16:00:00,210696.0,9006.5,31680.5
2025-09-10 17:00:00,210007.2,8570.2,16145.0
2025-09-10 18:00:00,214580.0,8296.8,3652.0
2025-09-10 19:00:00,221844.8,9136.0,330.5
2025-09-10 20:00:00,219025.0,9269.0,59.8
2025-09-10 21:00:00,217839.2,9196.5,0.0
2025-09-10 22:00:00,217506.5,9855.0,0.0
2025-09-10 23:00:00,212896.5,10270.5,0.0
2025-09-11 00:00:00,205928.8,10582.5,0.0
2025-09-11 01:00:00,199966.2,10906.8,0.0
2025-09-11 02:00:00,195207.8,10578.0,0.0
2025-09-11 03:00:00,192583.8,9970.2,0.0
2025-09-11 04:00:00,191653.8,10327.8,0.0
2025-09-11 05:00:00,192891.8,9942.0,73.0
2025-09-11 06:00:00,197909.8,9561.2,631.8
2025-09-11 07:00:00,200058.0,8597.5,9347.0
2025-09-11 08:00:00,198992.0,7668.0,26884.8
2025-09-11 09:00:00,204370.8,8056.2,41579.0
2025-09-11 10:00:00,207432.5,8418.0,50238.5
2025-09-11 11:00:00,206831.0,9279.2,51623.5
2025-09-11 12:00:00,205035.0,10018.0,50918.2
2025-09-11 13:00:00,202718.8,10389.5,47992.5
2025-09-11 14:00:00,206579.0,10962.5,46632.8
2025-09-11 15:00:00,211110.2,11288.0,42650.0
2025-09-11 16:00:00,209415.0,11152.8,30965.0
2025-09-11 17:00:00,207278.2,10439.8,15329.5
2025-09-11 18:00:00,212922.2,9560.2,3360.0
2025-09-11 19:00:00,220521.5,9163.0,604.5
2025-09-11 20:00:00,216653.0,9372.8,95.2
2025-09-11 21:00:00,217374.0,9380.5,0.0
2025-09-11 22:00:00,216879.2,9123.5,0.0
2025-09-11 23:00:00,211751.2,9507.0,0.0
2025-09-12 00:00:00,204601.5,9726.0,0.0
2025-09-12 01:00:00,198583.5,9762.5,0.0
2025-09-12 02:00:00,193961.0,9897.2,0.0
2025-09-12 03:00:00,190550.0,9318.5,0.0
2025-09-12 04:00:00,189800.2,9291.2,0.0
2025-09-12 05:00:00,191941.0,8369.2,12.2
2025-09-12 06:00:00,197264.8,7622.8,733.2
2025-09-12 07:00:00,201371.8,7017.5,9687.8
2025-09-12 08:00:00,202600.0,6369.0,27378.2
2025-09-12 09:00:00,209441.0,6686.5,44125.2
2025-09-12 10:00:00,212705.0,6564.5,52188.5
2025-09-12 11:00:00,212729.2,6017.0,55679.2
2025-09-12 12:00:00,211850.0,5905.8,56743.5
2025-09-12 13:00:00,207524.2,5928.5,54925.2
2025-09-12 14:00:00,210404.8,6053.0,51581.8
2025-09-12 15:00:00,214273.5,6026.0,45398.5
2025-09-12 16:00:00,212500.8,6962.0,32653.5
2025-09-12 17:00:00,210556.0,7366.5,16439.0
2025-09-12 18:00:00,215372.2,7094.5,3434.2
2025-09-12 19:00:00,222526.5,7069.0,377.0
2025-09-12 20:00:00,220295.5,7265.2,83.2
2025-09-12 21:00:00,218966.0,7708.0,0.0
2025-09-12 22:00:00,218446.8,8427.0,0.0
2025-09-12 23:00:00,214191.2,8640.2,0.0
2025-09-13 00:00:00,208329.2,8827.8,0.0
2025-09-13 01:00:00,202843.0,8706.5,0.0
2025-09-13 02:00:00,198082.8,8841.2,0.0
2025-09-13 03:00:00,195613.8,8465.5,0.0
2025-09-13 04:00:00,194867.0,8016.5,0.0
2025-09-13 05:00:00,196772.2,7400.8,67.8
2025-09-13 06:00:00,200580.0,6983.0,742.5
2025-09-13 07:00:00,203523.5,6254.5,10020.5
2025-09-13 08:00:00,205096.0,5303.8,28581.8
2025-09-13 09:00:00,211180.5,5407.2,43216.5
2025-09-13 10:00:00,212766.0,5382.2,48740.8
2025-09-13 11:00:00,213689.0,5416.8,50880.0
2025-09-13 12:00:00,213407.2,5922.2,52226.0
2025-09-13 13:00:00,210272.0,7676.8,54134.8
2025-09-13 14:00:00,214605.5,8835.5,51315.5
2025-09-13 15:00:00,217042.8,9258.2,45659.8
2025-09-13 16:00:00,214479.2,9939.8,32826.5
2025-09-13 17:00:00,212172.8,10528.8,16483.0
2025-09-13 18:00:00,216132.5,11240.5,3009.5
2025-09-13 19:00:00,222169.5,11726.5,323.2
2025-09-13 20:00:00,219462.0,12272.8,81.0
2025-09-13 21:00:00,217507.2,12596.0,0.0
2025-09-13 22:00:00,215896.8,12438.2,0.0
2025-09-13 23:00:00,212769.8,12148.5,0.0
2025-09-14 00:00:00,206666.0,11396.5,0.0
2025-09-14 01:00:00,201839.5,10699.0,0.0
2025-09-14 02:00:00,197292.5,10208.0,0.0
2025-09-14 03:00:00,194500.2,9683.0,0.0
2025-09-14 04:00:00,193348.0,9142.8,0.0
2025-09-14 05:00:00,193253.8,8599.5,0.2
2025-09-14 06:00:00,192991.0,8224.2,746.2
2025-09-14 07:00:00,194421.2,7252.8,10633.2
2025-09-14 08:00:00,195876.8,7656.5,31142.8
2025-09-14 09:00:00,200696.2,8305.2,46090.5
2025-09-14 10:00:00,201900.2,8175.5,53173.8
2025-09-14 11:00:00,203334.8,8377.2,53884.8
2025-09-14 12:00:00,202396.5,9065.2,51846.5
2025-09-14 13:00:00,199008.8,9857.2,48276.8
2025-09-14 14:00:00,200071.2,10402.0,47050.0
2025-09-14 15:00:00,201066.2,10800.8,46030.8
2025-09-14 16:00:00,199524.0,11436.5,35517.5
2025-09-14 17:00:00,196191.0,12197.2,17813.0
2025-09-14 18:00:00,202514.5,12455.5,3309.8
2025-09-14 19:00:00,212664.0,13102.0,387.8
2025-09-14 20:00:00,211975.5,13932.0,58.8
2025-09-14 21:00:00,211475.2,15079.5,0.0
2025-09-14 22:00:00,211084.0,15712.0,0.0
2025-09-14 23:00:00,206974.8,15185.0,0.0
2025-09-15 00:00:00,200206.5,15149.8,0.0
2025-09-15 01:00:00,194902.2,15106.5,0.0
2025-09-15 02:00:00,190339.0,14395.2,0.0
2025-09-15 03:00:00,188316.0,13842.8,0.0
2025-09-15 04:00:00,188655.5,13134.8,0.0
2025-09-15 05:00:00,192082.5,12015.5,3.5
2025-09-15 06:00:00,197670.5,11582.2,774.5
2025-09-15 07:00:00,204052.2,10978.8,10521.5
2025-09-15 08:00:00,207285.5,11272.2,28836.0
2025-09-15 09:00:00,214626.8,12686.0,44112.2
2025-09-15 10:00:00,217127.0,12406.2,53922.5
2025-09-15 11:00:00,215882.5,12403.2,57842.8
2025-09-15 12:00:00,213801.5,13198.2,57002.2
2025-09-15 13:00:00,210293.0,13892.5,54603.0
2025-09-15 14:00:00,213914.0,15139.5,52786.8
2025-09-15 15:00:00,215781.8,16606.8,46605.5
2025-09-15 16:00:00,215195.0,17125.2,34529.2
2025-09-15 17:00:00,211429.2,17484.8,16136.2
2025-09-15 18:00:00,216627.5,16635.0,2959.0
2025-09-15 19:00:00,224224.2,16442.0,579.8
2025-09-15 20:00:00,220970.0,16178.5,134.8
2025-09-15 21:00:00,219359.0,15068.8,0.0
2025-09-15 22:00:00,218289.8,13883.5,0.0
2025-09-15 23:00:00,213197.2,13577.5,0.0
2025-09-16 00:00:00,206850.5,12590.0,0.0
2025-09-16 01:00:00,199534.0,11849.2,0.0
2025-09-16 02:00:00,195492.5,12170.8,0.0
2025-09-16 03:00:00,193202.2,12224.5,0.0
2025-09-16 04:00:00,192648.5,11304.5,0.0
2025-09-16 05:00:00,195634.2,10355.8,0.0
2025-09-16 06:00:00,200375.8,9123.5,639.5
2025-09-16 07:00:00,205677.0,7929.8,8658.2
2025-09-16 08:00:00,209476.0,7327.0,25738.5
2025-09-16 09:00:00,214936.0,7768.5,42102.5
2025-09-16 10:00:00,217664.0,7868.8,49616.0
2025-09-16 11:00:00,217001.2,8084.8,53008.2
2025-09-16 12:00:00,215593.8,8591.5,54416.8
2025-09-16 13:00:00,212437.0,9741.2,54511.2
2025-09-16 14:00:00,214468.0,11247.2,50942.5
2025-09-16 15:00:00,215700.8,11949.5,42923.2
2025-09-16 16:00:00,212922.0,11442.5,32490.0
2025-09-16 17:00:00,210355.0,11660.2,15782.5
2025-09-16 18:00:00,215835.2,12139.2,2819.8
2025-09-16 19:00:00,222982.8,11778.0,210.0
2025-09-16 20:00:00,218808.0,11782.2,27.8
2025-09-16 21:00:00,216947.8,11867.2,0.0
2025-09-16 22:00:00,215160.8,10861.0,0.0
2025-09-16 23:00:00,209177.0,10191.2,0.0
2025-09-17 00:00:00,202379.0,9965.2,0.0
2025-09-17 01:00:00,196296.5,9131.2,0.0
2025-09-17 02:00:00,191670.0,8318.5,0.0
2025-09-17 03:00:00,188815.0,7443.0,0.0
2025-09-17 04:00:00,188298.5,5979.8,0.0
2025-09-17 05:00:00,190722.2,5069.5,0.0
2025-09-17 06:00:00,196613.5,4739.0,470.0
2025-09-17 07:00:00,201811.8,3915.5,8523.2
2025-09-17 08:00:00,204894.0,3376.8,25950.0
2025-09-17 09:00:00,210358.0,3247.8,41420.2
2025-09-17 10:00:00,210727.2,2995.2,50833.0
2025-09-17 11:00:00,210550.5,3259.0,54028.0
2025-09-17 12:00:00,209386.8,3987.2,54592.8
2025-09-17 13:00:00,205773.8,4357.0,53633.5
2025-09-17 14:00:00,207858.8,5633.5,49736.2
2025-09-17 15:00:00,209746.2,5559.8,44182.0
2025-09-17 16:00:00,207022.0,6198.2,32294.2
2025-09-17 17:00:00,202865.2,6660.8,15250.0
2025-09-17 18:00:00,207028.8,7376.5,2528.2
2025-09-17 19:00:00,217576.0,7960.5,75.8
2025-09-17 20:00:00,213796.0,7918.8,12.5
2025-09-17 21:00:00,211679.0,7751.8,0.0
2025-09-17 22:00:00,209100.0,8042.0,0.0
2025-09-17 23:00:00,203195.2,8510.5,0.0
2025-09-18 00:00:00,196268.0,8661.5,0.0
2025-09-18 01:00:00,190305.8,8230.5,0.0
2025-09-18 02:00:00,186449.2,7377.0,0.0
2025-09-18 03:00:00,184221.0,6844.0,0.0
2025-09-18 04:00:00,184468.5,6079.5,0.0
2025-09-18 05:00:00,187481.5,5594.8,20.8
2025-09-18 06:00:00,195486.5,5039.2,649.0
2025-09-18 07:00:00,201509.0,3941.8,9104.8
2025-09-18 08:00:00,204765.2,4157.0,26762.0
2025-09-18 09:00:00,211363.2,4664.5,43885.2
2025-09-18 10:00:00,214007.5,5689.5,53595.0
2025-09-18 11:00:00,212961.8,5838.2,55720.8
2025-09-18 12:00:00,212031.2,6272.0,56547.8
2025-09-18 13:00:00,207908.0,6720.5,55112.8
2025-09-18 14:00:00,211286.0,7445.0,52002.0
2025-09-18 15:00:00,213516.5,8193.8,45740.5
2025-09-18 16:00:00,211068.8,7938.0,34042.5
2025-09-18 17:00:00,209322.8,8779.2,16279.8
2025-09-18 18:00:00,216522.8,9722.2,2943.5
2025-09-18 19:00:00,222880.8,10656.5,538.5
2025-09-18 20:00:00,219019.2,11678.2,126.8
2025-09-18 21:00:00,216763.2,11014.5,0.0
2025-09-18 22:00:00,215183.0,10495.0,0.0
2025-09-18 23:00:00,209886.5,10039.2,0.0
2025-09-19 00:00:00,203546.2,9157.8,0.0
2025-09-19 01:00:00,197373.5,8594.5,0.0
2025-09-19 02:00:00,192663.5,7896.0,0.0
2025-09-19 03:00:00,190721.2,7190.2,0.0
2025-09-19 04:00:00,190846.0,6804.0,0.0
2025-09-19 05:00:00,193651.5,6348.0,26.5
2025-09-19 06:00:00,200776.0,6251.5,605.5
2025-09-19 07:00:00,205399.0,5988.5,9579.2
2025-09-19 08:00:00,208180.5,6092.8,28701.8
2025-09-19 09:00:00,213885.0,7188.2,45788.5
2025-09-19 10:00:00,216392.8,7724.8,54701.5
2025-09-19 11:00:00,217922.8,8077.8,57737.8
2025-09-19 12:00:00,217337.8,8258.0,57184.2
2025-09-19 13:00:00,213445.8,8838.0,54305.8
2025-09-19 14:00:00,215657.8,9048.5,50801.0
2025-09-19 15:00:00,215965.8,9434.8,45321.8
2025-09-19 16:00:00,213586.5,10023.5,33606.8
2025-09-19 17:00:00,210207.8,10442.5,16339.5
2025-09-19 18:00:00,216202.0,10488.2,2885.8
2025-09-19 19:00:00,223744.2,10874.0,638.5
2025-09-19 20:00:00,219447.0,11089.5,99.2
2025-09-19 21:00:00,216341.2,10624.0,0.0
2025-09-19 22:00:00,214422.2,10180.5,0.0
2025-09-19 23:00:00,209662.5,10139.8,0.0
2025-09-20 00:00:00,203032.8,10616.8,0.0
2025-09-20 01:00:00,197227.0,10597.5,0.0
2025-09-20 02:00:00,193091.0,9962.0,0.0
2025-09-20 03:00:00,190870.2,9810.2,0.0
2025-09-20 04:00:00,190812.5,9724.5,0.0
2025-09-20 05:00:00,193801.8,9517.5,35.0
2025-09-20 06:00:00,199815.8,8767.8,589.5
2025-09-20 07:00:00,202937.0,7380.0,9777.5
2025-09-20 08:00:00,204643.8,6865.2,29170.0
2025-09-20 09:00:00,211095.2,7178.2,46791.8
2025-09-20 10:00:00,212764.2,7031.8,55056.5
2025-09-20 11:00:00,211758.0,7379.8,57128.8
2025-09-20 12:00:00,211344.2,7946.2,57857.5
2025-09-20 13:00:00,208056.2,8513.0,56810.2
2025-09-20 14:00:00,211140.5,8921.2,53824.8
2025-09-20 15:00:00,213035.0,9908.0,48013.5
2025-09-20 16:00:00,211289.0,10650.2,35355.5
2025-09-20 17:00:00,207572.8,11090.0,16423.5
2025-09-20 18:00:00,212258.2,11976.0,2730.5
2025-09-20 19:00:00,220865.5,11985.8,588.0
2025-09-20 20:00:00,217954.5,12044.8,146.5
2025-09-20 21:00:00,215328.2,12207.0,0.0
2025-09-20 22:00:00,212817.5,11703.5,0.0
2025-09-20 23:00:00,209121.5,11617.8,0.0
2025-09-21 00:00:00,203193.0,11303.0,114.0
2025-09-21 01:00:00,197615.0,11107.0,73.0
2025-09-21 02:00:00,193419.8,11070.5,73.5
2025-09-21 03:00:00,191212.8,10093.5,66.5
2025-09-21 04:00:00,190839.2,9152.2,83.0
2025-09-21 05:00:00,192490.0,8574.5,82.8
2025-09-21 06:00:00,194017.0,8098.2,1019.0
2025-09-21 07:00:00,194853.8,7327.8,9363.2
2025-09-21 08:00:00,196401.5,6747.5,27778.2
2025-09-21 09:00:00,199943.2,7715.8,44395.5
2025-09-21 10:00:00,200937.5,7936.8,52053.8
2025-09-21 11:00:00,200738.2,7575.5,51894.5
2025-09-21 12:00:00,199656.2,7556.2,51853.0
2025-09-21 13:00:00,197680.8,8405.5,49652.8
2025-09-21 14:00:00,198879.0,9556.0,50450.8
2025-09-21 15:00:00,199757.0,10239.5,46182.2
2025-09-21 16:00:00,196513.8,11318.8,33814.0
2025-09-21 17:00:00,193440.5,11938.0,15528.8
2025-09-21 18:00:00,202229.8,12170.2,2279.8
2025-09-21 19:00:00,211294.2,12604.8,333.8
2025-09-21 20:00:00,209675.8,13305.5,153.2
2025-09-21 21:00:00,208907.8,12791.5,107.2
2025-09-21 22:00:00,207167.8,12847.0,59.5
2025-09-21 23:00:00,203934.8,13228.8,46.8
2025-09-22 00:00:00,198250.8,14009.8,0.0
2025-09-22 01:00:00,192174.2,13244.5,0.0
2025-09-22 02:00:00,187364.5,12175.5,0.0
2025-09-22 03:00:00,185522.8,11898.0,0.0
2025-09-22 04:00:00,186118.2,11607.8,0.0
2025-09-22 05:00:00,189508.8,10930.8,21.2
2025-09-22 06:00:00,196018.8,9785.0,658.2
2025-09-22 07:00:00,201550.5,9217.2,10569.8
2025-09-22 08:00:00,205473.5,8704.2,30995.5
2025-09-22 09:00:00,211840.2,9312.2,49868.0
2025-09-22 10:00:00,215226.5,9747.8,57467.0
2025-09-22 11:00:00,216783.8,10284.5,60640.8
2025-09-22 12:00:00,216132.0,10704.2,60920.0
2025-09-22 13:00:00,212292.0,11177.2,58596.5
2025-09-22 14:00:00,215259.2,11859.0,54978.0
2025-09-22 15:00:00,217937.8,12460.2,49751.5
2025-09-22 16:00:00,215544.2,12636.5,35849.8
2025-09-22 17:00:00,213128.5,13393.0,16867.2
2025-09-22 18:00:00,219647.5,13756.5,2533.5
2025-09-22 19:00:00,224705.8,14650.2,512.0
2025-09-22 20:00:00,220571.8,15485.5,132.8
2025-09-22 21:00:00,218452.5,15650.5,0.0
2025-09-22 22:00:00,215928.0,14783.0,0.0
2025-09-22 23:00:00,211493.5,14798.5,0.0
2025-09-23 00:00:00,204952.0,14714.2,0.0
2025-09-23 01:00:00,198797.2,14375.2,0.0
2025-09-23 02:00:00,194008.8,14109.8,0.0
2025-09-23 03:00:00,191871.8,13602.2,0.0
2025-09-23 04:00:00,191971.2,13051.0,0.0
2025-09-23 05:00:00,195153.0,12761.0,413.5
2025-09-23 06:00:00,200354.2,12235.2,1049.0
2025-09-23 07:00:00,204327.2,11605.0,10683.2
2025-09-23 08:00:00,205520.2,11205.8,31510.0
2025-09-23 09:00:00,210550.0,12329.0,46339.0
2025-09-23 10:00:00,212788.8,13059.0,53516.8
2025-09-23 11:00:00,212357.5,13840.8,55334.8
2025-09-23 12:00:00,211626.0,14428.0,54312.5
2025-09-23 13:00:00,209206.5,14648.2,50481.2
2025-09-23 14:00:00,212721.5,14597.0,50144.8
2025-09-23 15:00:00,216043.0,15758.8,45977.2
2025-09-23 16:00:00,215273.2,16017.5,32917.8
2025-09-23 17:00:00,214619.0,15375.8,15935.5
2025-09-23 18:00:00,221608.0,14997.5,4583.5
2025-09-23 19:00:00,225575.5,15144.2,2175.8
2025-09-23 20:00:00,220835.5,15777.0,64.2
2025-09-23 21:00:00,217644.0,16098.2,0.0
2025-09-23 22:00:00,214923.5,16011.8,0.0
2025-09-23 23:00:00,210463.0,15557.5,0.0
2025-09-24 00:00:00,204344.2,15648.8,0.0
2025-09-24 01:00:00,198634.8,15821.2,0.0
2025-09-24 02:00:00,194226.2,15382.2,0.0
2025-09-24 03:00:00,192393.5,13987.2,0.0
2025-09-24 04:00:00,192413.8,13054.0,0.0
2025-09-24 05:00:00,195479.0,12419.2,26.5
2025-09-24 06:00:00,201088.2,11545.5,636.8
2025-09-24 07:00:00,204772.2,10405.8,8824.2
2025-09-24 08:00:00,204473.2,10109.2,27397.5
2025-09-24 09:00:00,210871.0,11143.0,44253.5
2025-09-24 10:00:00,213736.2,11597.2,53431.2
2025-09-24 11:00:00,213226.0,12409.5,56503.8
2025-09-24 12:00:00,212581.2,13418.2,56280.0
2025-09-24 13:00:00,208316.5,14413.8,54077.5
2025-09-24 14:00:00,212494.0,14743.0,51265.2
2025-09-24 15:00:00,217710.5,15188.0,48336.8
2025-09-24 16:00:00,216860.0,15681.8,35391.8
2025-09-24 17:00:00,215978.8,15656.0,16710.0
2025-09-24 18:00:00,222143.0,15714.2,2638.0
2025-09-24 19:00:00,227500.2,16739.0,382.5
2025-09-24 20:00:00,222242.0,17164.5,0.0
2025-09-24 21:00:00,218793.0,17158.0,0.0
2025-09-24 22:00:00,216611.2,16860.2,0.0
2025-09-24 23:00:00,211697.0,16733.0,0.0
2025-09-25 00:00:00,205473.8,15924.8,0.0
2025-09-25 01:00:00,199799.2,15388.2,0.0
2025-09-25 02:00:00,194960.8,14028.5,0.0
2025-09-25 03:00:00,193468.2,13015.0,0.0
2025-09-25 04:00:00,193930.8,11840.0,0.0
2025-09-25 05:00:00,197414.8,10791.2,46.8
2025-09-25 06:00:00,203449.8,10005.0,699.0
2025-09-25 07:00:00,206274.0,8865.8,10484.0
2025-09-25 08:00:00,205913.8,8878.8,31340.5
2025-09-25 09:00:00,212830.8,9804.5,49238.8
2025-09-25 10:00:00,216568.0,10321.2,56707.5
2025-09-25 11:00:00,215368.0,10904.0,57294.0
2025-09-25 12:00:00,215183.8,11395.2,56678.8
2025-09-25 13:00:00,211809.2,11369.8,55504.0
2025-09-25 14:00:00,216089.2,11694.0,54353.0
2025-09-25 15:00:00,220774.0,12274.0,48305.2
2025-09-25 16:00:00,219691.5,12204.8,33918.2
2025-09-25 17:00:00,217036.2,11863.2,14742.0
2025-09-25 18:00:00,221858.8,12307.5,2146.0
2025-09-25 19:00:00,226572.5,13397.0,267.8
2025-09-25 20:00:00,222438.0,14607.8,0.0
2025-09-25 21:00:00,219815.5,14576.8,0.0
2025-09-25 22:00:00,218080.2,14942.5,0.0
2025-09-25 23:00:00,213587.5,15054.2,0.0
2025-09-26 00:00:00,207266.8,14332.5,0.0
2025-09-26 01:00:00,201386.0,14217.8,0.0
2025-09-26 02:00:00,196245.8,14502.0,0.0
2025-09-26 03:00:00,193772.2,14112.8,0.0
2025-09-26 04:00:00,193938.5,13851.2,0.0
2025-09-26 05:00:00,197142.0,13319.0,30.2
2025-09-26 06:00:00,202742.8,12280.8,771.0
2025-09-26 07:00:00,206500.8,11910.8,9156.0
2025-09-26 08:00:00,208946.2,11810.2,27926.8
2025-09-26 09:00:00,216833.5,12447.2,45149.0
2025-09-26 10:00:00,220613.2,13140.2,52756.2
2025-09-26 11:00:00,217881.5,13683.2,53772.2
2025-09-26 12:00:00,216487.8,14250.2,52963.8
2025-09-26 13:00:00,212975.0,14506.8,52981.5
2025-09-26 14:00:00,215429.8,15005.5,51079.5
2025-09-26 15:00:00,217759.0,15409.0,44173.5
2025-09-26 16:00:00,216353.8,15399.0,31819.2
2025-09-26 17:00:00,214126.5,15223.0,14586.8
2025-09-26 18:00:00,218197.2,14976.2,2366.5
2025-09-26 19:00:00,222127.8,14797.2,417.0
2025-09-26 20:00:00,217212.0,14750.5,0.0
2025-09-26 21:00:00,213940.0,14845.8,0.0
2025-09-26 22:00:00,211750.8,14885.8,0.0
2025-09-26 23:00:00,208522.5,14881.5,0.0
2025-09-27 00:00:00,202140.8,15691.0,0.0
2025-09-27 01:00:00,195946.0,16366.2,0.0
2025-09-27 02:00:00,190962.5,17077.2,0.0
2025-09-27 03:00:00,188482.8,18021.5,0.0
2025-09-27 04:00:00,187943.8,17884.5,0.0
2025-09-27 05:00:00,190232.0,18289.2,447.5
2025-09-27 06:00:00,194071.0,19000.2,1128.5
2025-09-27 07:00:00,197473.2,18728.0,9192.2
2025-09-27 08:00:00,199959.0,18168.0,28308.8
2025-09-27 09:00:00,207673.8,18340.0,43872.8
2025-09-27 10:00:00,211421.5,18792.8,49858.8
2025-09-27 11:00:00,211141.5,19023.8,49669.0
2025-09-27 12:00:00,209762.8,18541.0,46395.0
2025-09-27 13:00:00,205318.0,17525.8,45537.2
2025-09-27 14:00:00,208919.0,18636.5,46232.0
2025-09-27 15:00:00,211937.8,18210.8,43276.8
2025-09-27 16:00:00,210335.2,18531.0,31017.0
2025-09-27 17:00:00,208812.0,18293.8,13995.8
2025-09-27 18:00:00,215840.0,18203.0,1870.5
2025-09-27 19:00:00,220777.0,19031.8,191.0
2025-09-27 20:00:00,217190.0,19163.5,0.0
2025-09-27 21:00:00,214227.5,19441.8,0.0
2025-09-27 22:00:00,211719.2,20036.5,0.0
2025-09-27 23:00:00,207650.0,20274.8,0.0
2025-09-28 00:00:00,201747.8,20523.2,0.0
2025-09-28 01:00:00,196271.2,20866.8,0.0
2025-09-28 02:00:00,191654.5,21599.2,0.0
2025-09-28 03:00:00,189068.8,22412.5,0.0
2025-09-28 04:00:00,188233.5,22380.8,0.0
2025-09-28 05:00:00,189780.5,21481.0,129.5
2025-09-28 06:00:00,190814.2,21459.5,799.5
2025-09-28 07:00:00,192876.8,20571.5,10442.0
2025-09-28 08:00:00,194352.8,20568.2,28740.2
2025-09-28 09:00:00,200385.5,21232.0,41477.5
2025-09-28 10:00:00,201763.5,21823.0,45824.2
2025-09-28 11:00:00,201282.2,21278.0,45007.0
2025-09-28 12:00:00,200742.0,21221.2,43649.0
2025-09-28 13:00:00,198512.2,21633.2,41993.0
2025-09-28 14:00:00,201923.5,22316.8,43814.8
2025-09-28 15:00:00,204092.5,22640.5,41445.8
2025-09-28 16:00:00,200155.5,22212.5,29267.0
2025-09-28 17:00:00,196311.0,22319.5,12129.0
2025-09-28 18:00:00,207531.2,21738.0,1193.2
2025-09-28 19:00:00,213210.5,20548.2,49.5
2025-09-28 20:00:00,210419.8,19621.8,0.0
2025-09-28 21:00:00,209188.8,18862.2,0.0
2025-09-28 22:00:00,208820.5,18025.8,0.0
2025-09-28 23:00:00,205312.2,16628.2,0.0
2025-09-29 00:00:00,200272.5,16073.8,0.0
2025-09-29 01:00:00,194548.5,15226.5,0.0
2025-09-29 02:00:00,189707.2,15594.5,0.0
2025-09-29 03:00:00,187080.5,15372.8,0.0
2025-09-29 04:00:00,187158.2,14782.2,0.0
2025-09-29 05:00:00,191369.5,14708.2,82.0
2025-09-29 06:00:00,193261.5,14241.0,731.0
2025-09-29 07:00:00,195652.8,13978.2,11066.5
2025-09-29 08:00:00,198594.2,14265.5,31004.0
2025-09-29 09:00:00,210579.8,16137.0,47025.0
2025-09-29 10:00:00,214450.2,17961.0,52479.0
2025-09-29 11:00:00,214246.8,19337.0,51875.8
2025-09-29 12:00:00,212423.8,20054.0,50853.8
2025-09-29 13:00:00,207228.8,20520.5,46606.8
2025-09-29 14:00:00,210604.8,21343.8,47312.8
2025-09-29 15:00:00,213536.5,21121.0,39788.0
2025-09-29 16:00:00,212421.5,20186.2,24061.2
2025-09-29 17:00:00,211412.2,18117.5,9760.5
2025-09-29 18:00:00,220958.0,16973.5,1124.2
2025-09-29 19:00:00,224860.5,16555.8,38.2
2025-09-29 20:00:00,219990.5,15005.5,0.0
2025-09-29 21:00:00,217409.2,13966.5,0.0
2025-09-29 22:00:00,215422.2,12442.5,0.0
2025-09-29 23:00:00,212159.8,11937.0,0.0
2025-09-30 00:00:00,206745.0,11852.0,0.0
2025-09-30 01:00:00,200905.8,12127.0,0.0
2025-09-30 02:00:00,196602.0,12626.0,0.0
2025-09-30 03:00:00,193890.8,12564.2,0.0
2025-09-30 04:00:00,193616.2,12700.8,0.0
2025-09-30 05:00:00,196322.2,13282.8,15.0
2025-09-30 06:00:00,197871.8,13571.8,551.8
2025-09-30 07:00:00,199081.0,13617.2,8436.0
2025-09-30 08:00:00,199885.5,14787.0,21828.5
2025-09-30 09:00:00,206404.0,16389.2,34502.2
2025-09-30 10:00:00,207668.5,16778.2,40815.5
2025-09-30 11:00:00,205889.0,16946.8,41267.5
2025-09-30 12:00:00,202942.2,16750.2,41915.5
2025-09-30 13:00:00,197947.0,16408.5,39694.5
2025-09-30 14:00:00,199691.5,15662.2,40372.8
2025-09-30 15:00:00,202957.5,16312.0,35832.8
2025-09-30 16:00:00,202471.5,16815.2,26125.5
2025-09-30 17:00:00,201744.0,16326.8,11772.8
2025-09-30 18:00:00,211650.2,15790.0,1639.0
2025-09-30 19:00:00,213083.8,15772.2,295.8
2025-09-30 20:00:00,206367.5,17218.2,0.0
2025-09-30 21:00:00,202692.5,18106.8,0.0
2025-09-30 22:00:00,200347.2,17683.0,0.0
2025-09-30 23:00:00,196038.8,17166.2,0.0
2025-10-01 00:00:00,190397.8,16596.5,0.0
2025-10-01 01:00:00,185243.0,15938.5,0.0
2025-10-01 02:00:00,181413.0,15356.0,0.0
2025-10-01 03:00:00,179699.2,14690.5,0.0
2025-10-01 04:00:00,180501.0,13963.8,0.0
2025-10-01 05:00:00,184230.0,13741.2,579.2
2025-10-01 06:00:00,188253.0,13102.2,1187.5
2025-10-01 07:00:00,189691.5,12515.0,10572.2
2025-10-01 08:00:00,188824.5,13289.2,28478.2
2025-10-01 09:00:00,194346.0,15093.8,41972.2
2025-10-01 10:00:00,196362.5,16091.5,45834.0
2025-10-01 11:00:00,195852.0,16923.2,43814.8
2025-10-01 12:00:00,194805.5,17173.8,43346.5
2025-10-01 13:00:00,189273.0,16915.8,40414.5
2025-10-01 14:00:00,189808.8,16744.0,38316.5
2025-10-01 15:00:00,192603.2,16194.8,36750.2
2025-10-01 16:00:00,190552.0,15437.5,27182.0
2025-10-01 17:00:00,191956.2,14887.0,11973.2
2025-10-01 18:00:00,201133.5,14826.5,1737.5
2025-10-01 19:00:00,203493.5,15703.2,437.5
2025-10-01 20:00:00,197142.5,16346.2,0.0
2025-10-01 21:00:00,194501.2,17302.5,0.0
2025-10-01 22:00:00,192835.0,17009.2,0.0
2025-10-01 23:00:00,189040.8,16531.8,0.0
2025-10-02 00:00:00,183695.5,15857.8,0.0
2025-10-02 01:00:00,179370.2,14786.0,0.0
2025-10-02 02:00:00,175469.0,14020.5,0.0
2025-10-02 03:00:00,173501.8,12417.2,0.0
2025-10-02 04:00:00,173374.0,11418.0,0.0
2025-10-02 05:00:00,176245.2,11209.2,688.2
2025-10-02 06:00:00,178871.2,10894.2,1220.8
2025-10-02 07:00:00,179282.5,10486.2,9107.5
2025-10-02 08:00:00,178456.5,11082.2,25605.5
2025-10-02 09:00:00,181420.8,12313.0,37639.8
2025-10-02 10:00:00,180309.8,13383.0,38620.0
2025-10-02 11:00:00,180877.0,14118.8,39234.5
2025-10-02 12:00:00,179014.8,13925.2,37816.0
2025-10-02 13:00:00,175580.5,13553.2,36872.0
2025-10-02 14:00:00,174559.0,14652.2,34403.5
2025-10-02 15:00:00,174880.3,15422.7,33138.3
2025-10-02 16:00:00,,,
2025-10-02 17:00:00,,,
2025-10-02 18:00:00,,,
2025-10-02 19:00:00,,,
2025-10-02 20:00:00,,,
2025-10-02 21:00:00,,,
2025-10-02 22:00:00,,,
2025-10-02 23:00:00,,,
2025-10-03 00:00:00,170780.2,13318.8,0.0
2025-10-03 01:00:00,165550.5,12781.8,0.0
2025-10-03 02:00:00,161870.5,11856.0,0.0
2025-10-03 03:00:00,160486.8,10686.5,0.0
2025-10-03 04:00:00,161330.0,9786.2,0.0
2025-10-03 05:00:00,165953.2,9600.0,932.5
2025-10-03 06:00:00,172814.5,9520.8,1536.2
2025-10-03 07:00:00,178366.8,8495.8,9619.5
2025-10-03 08:00:00,181700.0,8360.0,25833.2
2025-10-03 09:00:00,188584.0,8865.8,38702.2
2025-10-03 10:00:00,193682.0,8572.8,46824.0
2025-10-03 11:00:00,196805.8,7879.2,52406.8
2025-10-03 12:00:00,196661.2,7609.5,53076.8
2025-10-03 13:00:00,192046.2,7783.5,50272.0
2025-10-03 14:00:00,193984.0,8278.0,46877.5
2025-10-03 15:00:00,197032.2,9296.5,39933.0
2025-10-03 16:00:00,195552.2,9854.2,26970.2
2025-10-03 17:00:00,194626.2,9336.8,10476.5
2025-10-03 18:00:00,203933.0,9258.5,2158.2
2025-10-03 19:00:00,206477.0,9125.2,691.0
2025-10-03 20:00:00,200453.8,10195.8,0.0
2025-10-03 21:00:00,197038.0,10191.5,0.0
2025-10-03 22:00:00,194545.2,10186.8,0.0
2025-10-03 23:00:00,190050.5,10434.5,0.0
2025-10-04 00:00:00,183984.2,10932.2,0.0
2025-10-04 01:00:00,178172.0,10663.2,0.0
2025-10-04 02:00:00,173599.0,9685.8,0.0
2025-10-04 03:00:00,171597.2,8776.2,0.0
2025-10-04 04:00:00,171315.0,7941.0,0.0
2025-10-04 05:00:00,175143.8,7473.0,1134.8
2025-10-04 06:00:00,180701.0,7019.2,1632.8
2025-10-04 07:00:00,184181.2,6065.0,9409.2
2025-10-04 08:00:00,186196.8,4979.2,26002.8
2025-10-04 09:00:00,191036.2,4917.0,40939.8
2025-10-04 10:00:00,193572.8,4872.5,49315.8
2025-10-04 11:00:00,193213.5,4760.5,52425.0
2025-10-04 12:00:00,192867.8,4690.0,50946.5
2025-10-04 13:00:00,189417.8,5254.0,49999.2
2025-10-04 14:00:00,191830.5,5701.0,47587.0
2025-10-04 15:00:00,193975.8,6056.8,41791.0
2025-10-04 16:00:00,193890.5,7297.2,28411.5
2025-10-04 17:00:00,194036.5,7542.5,10878.8
2025-10-04 18:00:00,203855.8,7994.0,1936.0
2025-10-04 19:00:00,206391.2,9065.0,597.2
2025-10-04 20:00:00,200944.0,9660.5,0.0
2025-10-04 21:00:00,196476.0,9418.0,0.0
2025-10-04 22:00:00,193886.2,10548.5,0.0
2025-10-04 23:00:00,190449.5,10656.0,0.0
2025-10-05 00:00:00,184809.0,10278.8,0.0
2025-10-05 01:00:00,179342.8,9933.8,0.0
2025-10-05 02:00:00,175165.5,9384.2,0.0
2025-10-05 03:00:00,173016.0,9242.8,0.0
2025-10-05 04:00:00,171907.0,9234.5,0.0
2025-10-05 05:00:00,172628.8,9129.8,1160.0
2025-10-05 06:00:00,173464.2,8587.5,1702.0
2025-10-05 07:00:00,174186.5,7289.5,9617.2
2025-10-05 08:00:00,175494.5,6557.8,27593.8
2025-10-05 09:00:00,179910.0,6563.5,42473.0
2025-10-05 10:00:00,180245.2,6442.0,46518.5
2025-10-05 11:00:00,179946.2,6662.2,45784.5
2025-10-05 12:00:00,179288.2,7317.0,45280.8
2025-10-05 13:00:00,176735.0,8851.2,41261.5
2025-10-05 14:00:00,177754.8,10608.8,41202.0
2025-10-05 15:00:00,179058.2,11375.0,39400.2
2025-10-05 16:00:00,177618.0,12442.8,28358.5
2025-10-05 17:00:00,177594.0,11331.2,11422.0
2025-10-05 18:00:00,190357.0,11040.0,1928.8
2025-10-05 19:00:00,193450.5,11817.0,578.0
2025-10-05 20:00:00,188828.2,11213.8,0.0
2025-10-05 21:00:00,186627.2,10334.5,0.0
2025-10-05 22:00:00,184970.0,9484.8,0.0
2025-10-05 23:00:00,181023.8,10209.0,0.0
2025-10-06 00:00:00,174870.2,11080.5,0.0
2025-10-06 01:00:00,167743.8,11489.2,0.0
2025-10-06 02:00:00,163554.2,11265.5,0.0
2025-10-06 03:00:00,161238.5,11375.2,0.0
2025-10-06 04:00:00,160732.0,11626.2,0.0
2025-10-06 05:00:00,165456.8,11032.2,1102.8
2025-10-06 06:00:00,173743.0,10142.2,1536.8
2025-10-06 07:00:00,179113.0,8650.0,6497.0
2025-10-06 08:00:00,180262.8,7900.5,16471.5
2025-10-06 09:00:00,184794.0,8679.2,27764.8
2025-10-06 10:00:00,186462.8,9561.0,42239.8
2025-10-06 11:00:00,184790.8,9565.2,48515.5
2025-10-06 12:00:00,181905.5,8765.0,47580.2
2025-10-06 13:00:00,177473.8,9439.5,43258.0
2025-10-06 14:00:00,180301.2,10472.0,41665.8
2025-10-06 15:00:00,182786.0,11400.5,37842.8
2025-10-06 16:00:00,184122.2,12780.5,27251.8
2025-10-06 17:00:00,186489.5,12819.0,10284.5
2025-10-06 18:00:00,197576.8,12335.0,897.2
2025-10-06 19:00:00,197770.5,12460.5,32.8
2025-10-06 20:00:00,189208.8,12691.2,0.0
2025-10-06 21:00:00,184137.8,12355.5,0.0
2025-10-06 22:00:00,179929.0,11506.5,0.0
2025-10-06 23:00:00,174213.8,10297.8,0.0
2025-10-07 00:00:00,168683.0,10093.5,0.0
2025-10-07 01:00:00,163998.0,9274.8,0.0
2025-10-07 02:00:00,159916.0,9034.0,0.0
2025-10-07 03:00:00,157958.0,8906.2,0.0
2025-10-07 04:00:00,158230.5,8275.8,0.0
2025-10-07 05:00:00,162849.0,7393.2,0.0
2025-10-07 06:00:00,170938.5,6487.8,562.0
2025-10-07 07:00:00,176783.0,5386.0,8735.0
2025-10-07 08:00:00,177602.5,4206.2,24923.2
2025-10-07 09:00:00,182195.5,4074.8,39969.2
2025-10-07 10:00:00,185045.0,3938.8,49241.5
2025-10-07 11:00:00,183384.2,3581.0,48621.2
2025-10-07 12:00:00,182687.0,3526.8,46560.8
2025-10-07 13:00:00,177976.8,3534.0,43665.2
2025-10-07 14:00:00,182360.5,4035.0,44531.5
2025-10-07 15:00:00,185445.5,4764.2,41153.2
2025-10-07 16:00:00,185032.2,5157.0,26914.8
2025-10-07 17:00:00,187116.8,5497.8,10253.5
2025-10-07 18:00:00,200122.0,5270.5,1051.0
2025-10-07 19:00:00,200877.8,5706.0,186.2
2025-10-07 20:00:00,192106.5,5835.5,0.0
2025-10-07 21:00:00,187292.2,5325.5,0.0
2025-10-07 22:00:00,183163.2,5162.2,0.0
2025-10-07 23:00:00,177979.0,4740.5,0.0
2025-10-08 00:00:00,172037.5,4524.5,0.0
2025-10-08 01:00:00,167299.8,4237.2,0.0
2025-10-08 02:00:00,163731.0,4131.5,0.0
2025-10-08 03:00:00,162024.8,3715.8,0.0
2025-10-08 04:00:00,162677.8,3312.8,0.0
2025-10-08 05:00:00,168588.0,2992.2,107.5
2025-10-08 06:00:00,177546.8,2812.0,682.0
2025-10-08 07:00:00,182623.2,2432.0,9241.8
2025-10-08 08:00:00,183727.0,1603.5,28568.5
2025-10-08 09:00:00,187449.0,1161.0,47031.8
2025-10-08 10:00:00,188816.0,1015.0,52295.2
2025-10-08 11:00:00,188098.0,1011.5,51607.5
2025-10-08 12:00:00,186566.0,1225.2,50425.2
2025-10-08 13:00:00,181263.0,1390.2,46184.2
2025-10-08 14:00:00,184532.2,1820.8,46958.0
2025-10-08 15:00:00,187047.5,2389.0,42963.2
2025-10-08 16:00:00,188453.2,2808.8,28008.5
2025-10-08 17:00:00,191705.0,2915.8,10287.0
2025-10-08 18:00:00,202980.2,2898.8,1308.5
2025-10-08 19:00:00,202746.5,3384.8,298.5
2025-10-08 20:00:00,195387.0,3550.5,0.0
2025-10-08 21:00:00,189446.8,3384.0,0.0
2025-10-08 22:00:00,184812.0,2961.5,0.0
2025-10-08 23:00:00,179049.0,3024.0,0.0
2025-10-09 00:00:00,172764.8,3059.0,0.0
2025-10-09 01:00:00,167427.2,3456.8,0.0
2025-10-09 02:00:00,163362.8,2871.5,0.0
2025-10-09 03:00:00,161163.5,2899.5,0.0
2025-10-09 04:00:00,161880.5,2866.5,0.0
2025-10-09 05:00:00,168915.8,2600.8,67.5
2025-10-09 06:00:00,177267.0,2433.5,694.0
2025-10-09 07:00:00,180263.2,2438.8,8461.0
2025-10-09 08:00:00,182060.2,1908.5,29617.0
2025-10-09 09:00:00,186105.0,1403.5,47456.8
2025-10-09 10:00:00,186861.2,1213.2,53436.2
2025-10-09 11:00:00,184969.8,1061.5,50888.0
2025-10-09 12:00:00,183863.8,1117.5,50867.2
2025-10-09 13:00:00,180107.8,1557.0,48843.8
2025-10-09 14:00:00,184077.2,2486.0,48345.0
2025-10-09 15:00:00,187855.5,3287.2,42615.5
2025-10-09 16:00:00,189752.8,3137.2,27414.2
2025-10-09 17:00:00,193659.2,2864.2,9719.8
2025-10-09 18:00:00,204226.2,3325.5,1399.2
2025-10-09 19:00:00,204272.5,3778.8,334.8
2025-10-09 20:00:00,194916.0,3826.0,0.0
2025-10-09 21:00:00,188554.8,4085.8,0.0
2025-10-09 22:00:00,183331.8,4082.2,0.0
2025-10-09 23:00:00,178179.8,3844.8,0.0
2025-10-10 00:00:00,171816.2,4125.5,0.0
2025-10-10 01:00:00,166084.2,3878.2,0.0
2025-10-10 02:00:00,162879.8,3580.2,0.0
2025-10-10 03:00:00,161694.8,3319.8,0.0
2025-10-10 04:00:00,163075.5,3056.2,0.0
2025-10-10 05:00:00,169614.0,2809.8,0.0
2025-10-10 06:00:00,177084.5,2853.2,767.0
2025-10-10 07:00:00,182394.8,2785.0,9029.0
2025-10-10 08:00:00,183019.5,2227.5,28274.5
2025-10-10 09:00:00,185080.8,1529.8,45397.0
2025-10-10 10:00:00,186832.8,1495.2,52972.2
2025-10-10 11:00:00,187622.2,1343.0,52956.8
2025-10-10 12:00:00,186987.0,1205.8,51988.5
2025-10-10 13:00:00,181456.8,1300.5,50086.0
2025-10-10 14:00:00,185543.5,1850.8,49807.8
2025-10-10 15:00:00,190525.0,2491.0,45069.5
2025-10-10 16:00:00,191188.2,2977.5,28629.0
2025-10-10 17:00:00,193583.0,2763.5,10290.2
2025-10-10 18:00:00,202884.2,3380.0,1143.5
2025-10-10 19:00:00,200362.5,3664.8,223.2
2025-10-10 20:00:00,189360.2,3540.5,0.0
2025-10-10 21:00:00,183225.8,3197.8,0.0
2025-10-10 22:00:00,179672.2,3387.8,0.0
2025-10-10 23:00:00,174423.2,3574.8,0.0
2025-10-11 00:00:00,168271.0,3343.5,0.0
2025-10-11 01:00:00,163356.2,2934.8,0.0
2025-10-11 02:00:00,160559.8,2513.2,0.0
2025-10-11 03:00:00,159642.5,2413.8,0.0
2025-10-11 04:00:00,160743.8,2507.2,0.0
2025-10-11 05:00:00,167255.5,2956.2,0.0
2025-10-11 06:00:00,176286.5,3408.8,524.8
2025-10-11 07:00:00,182572.2,3063.2,9258.0
2025-10-11 08:00:00,182708.8,2622.8,29909.5
2025-10-11 09:00:00,186001.5,1906.2,46807.2
2025-10-11 10:00:00,185601.0,1724.0,50417.8
2025-10-11 11:00:00,184008.0,1769.5,52012.0
2025-10-11 12:00:00,183193.0,1830.2,50587.8
2025-10-11 13:00:00,179343.8,1960.8,49051.0
2025-10-11 14:00:00,183759.2,2103.2,50335.0
2025-10-11 15:00:00,188527.0,2169.2,50322.8
2025-10-11 16:00:00,190317.0,2878.5,32713.2
2025-10-11 17:00:00,193249.2,3377.5,9207.5
2025-10-11 18:00:00,203074.5,4127.5,497.2
2025-10-11 19:00:00,201866.8,4548.2,22.5
2025-10-11 20:00:00,190970.5,4406.5,0.0
2025-10-11 21:00:00,183541.8,3853.5,0.0
2025-10-11 22:00:00,178729.0,3528.5,0.0
2025-10-11 23:00:00,173528.2,3433.8,0.0
2025-10-12 00:00:00,168392.8,3212.2,0.0
2025-10-12 01:00:00,163463.8,3526.5,0.0
2025-10-12 02:00:00,161088.5,3081.0,0.0
2025-10-12 03:00:00,159794.0,2984.8,0.0
2025-10-12 04:00:00,160944.5,2890.8,0.0
2025-10-12 05:00:00,166365.0,2857.8,0.0
2025-10-12 06:00:00,172433.5,2873.8,566.2
2025-10-12 07:00:00,176120.8,3059.5,10511.0
2025-10-12 08:00:00,174167.0,3028.5,31296.5
2025-10-12 09:00:00,177097.8,2717.5,46370.0
2025-10-12 10:00:00,177780.8,3076.5,49902.5
2025-10-12 11:00:00,176655.5,3257.2,48931.0
2025-10-12 12:00:00,175442.8,3769.5,48125.2
2025-10-12 13:00:00,172392.8,4166.8,44950.2
2025-10-12 14:00:00,174482.2,4020.2,45047.8
2025-10-12 15:00:00,177749.0,3765.0,43624.8
2025-10-12 16:00:00,178676.0,4074.8,30594.8
2025-10-12 17:00:00,180280.8,4149.2,10196.0
2025-10-12 18:00:00,190812.8,4279.0,756.5
2025-10-12 19:00:00,190184.0,4414.0,17.5
2025-10-12 20:00:00,182119.5,4318.5,0.0
2025-10-12 21:00:00,176981.0,3860.8,0.0
2025-10-12 22:00:00,173434.8,3203.8,0.0
2025-10-12 23:00:00,168906.0,2846.2,0.0
2025-10-13 00:00:00,163395.8,2244.8,0.0
2025-10-13 01:00:00,159177.2,1936.2,0.0
2025-10-13 02:00:00,156946.2,2112.0,0.0
2025-10-13 03:00:00,155999.0,2249.8,0.0
2025-10-13 04:00:00,157756.8,2160.8,0.0
2025-10-13 05:00:00,165562.5,2081.5,0.0
2025-10-13 06:00:00,178494.8,2377.5,526.5
2025-10-13 07:00:00,186902.8,3026.2,9158.5
2025-10-13 08:00:00,185522.8,2803.0,29391.8
2025-10-13 09:00:00,190020.5,2089.8,47463.8
2025-10-13 10:00:00,192758.5,2464.8,58739.8
2025-10-13 11:00:00,192204.8,2869.8,60692.2
2025-10-13 12:00:00,190140.0,2921.2,59961.8
2025-10-13 13:00:00,184761.0,3237.0,55357.5
2025-10-13 14:00:00,188619.8,3504.0,54596.2
2025-10-13 15:00:00,193189.2,4173.5,47957.0
2025-10-13 16:00:00,194733.0,4641.0,30970.0
2025-10-13 17:00:00,197530.0,4777.0,10688.0
2025-10-13 18:00:00,206551.5,4866.5,661.0
2025-10-13 19:00:00,204222.5,4588.0,110.5
2025-10-13 20:00:00,193138.5,4112.8,0.0
2025-10-13 21:00:00,186939.5,4205.5,0.0
2025-10-13 22:00:00,181930.8,3856.8,0.0
2025-10-13 23:00:00,176528.2,3610.0,0.0
2025-10-14 00:00:00,170508.2,3466.8,0.0
2025-10-14 01:00:00,165832.0,3790.8,0.0
2025-10-14 02:00:00,162378.2,4192.5,0.0
2025-10-14 03:00:00,161043.5,4539.0,0.0
2025-10-14 04:00:00,162619.8,5003.5,0.0
2025-10-14 05:00:00,170567.5,5087.8,26.0
2025-10-14 06:00:00,183195.2,5232.0,588.0
2025-10-14 07:00:00,190947.0,5468.0,9923.2
2025-10-14 08:00:00,189980.8,5401.0,31978.8
2025-10-14 09:00:00,193590.8,4453.5,50256.5
2025-10-14 10:00:00,195022.2,4236.5,57166.2
2025-10-14 11:00:00,194128.2,4074.0,60376.8
2025-10-14 12:00:00,192042.0,3978.5,59520.8
2025-10-14 13:00:00,187178.0,3849.2,54592.2
2025-10-14 14:00:00,192212.0,3307.5,53312.8
2025-10-14 15:00:00,197220.8,2557.0,46127.8
2025-10-14 16:00:00,197169.0,2496.2,30803.2
2025-10-14 17:00:00,198644.5,2817.8,11753.5
2025-10-14 18:00:00,206587.5,3400.5,1261.5
2025-10-14 19:00:00,205259.8,3893.5,119.5
2025-10-14 20:00:00,195268.2,3780.2,0.0
2025-10-14 21:00:00,187853.8,4358.0,0.0
2025-10-14 22:00:00,182416.2,4491.0,0.0
2025-10-14 23:00:00,176944.2,4315.5,0.0
2025-10-15 00:00:00,170816.0,4059.5,0.0
2025-10-15 01:00:00,165641.5,4158.5,0.0
2025-10-15 02:00:00,163303.5,4260.5,0.0
2025-10-15 03:00:00,161973.2,4290.8,0.0
2025-10-15 04:00:00,163614.0,4662.5,0.0
2025-10-15 05:00:00,171712.0,4955.2,168.2
2025-10-15 06:00:00,184990.0,5125.2,701.8
2025-10-15 07:00:00,192155.5,4909.0,9332.5
2025-10-15 08:00:00,190992.2,4731.5,30521.0
2025-10-15 09:00:00,194604.8,3984.0,48095.2
2025-10-15 10:00:00,195985.5,3968.2,57564.8
2025-10-15 11:00:00,194840.2,3684.8,61878.2
2025-10-15 12:00:00,194795.8,3394.0,62171.2
2025-10-15 13:00:00,191360.8,3335.5,59768.5
2025-10-15 14:00:00,195379.2,3584.5,55860.0
2025-10-15 15:00:00,197904.8,4347.0,46888.8
2025-10-15 16:00:00,197176.5,4208.0,32551.5
2025-10-15 17:00:00,198453.2,4802.0,10357.2
2025-10-15 18:00:00,206985.5,4961.5,1029.8
2025-10-15 19:00:00,204683.8,4924.5,249.8
2025-10-15 20:00:00,195115.8,5284.8,0.0
2025-10-15 21:00:00,187714.8,5767.2,0.0
2025-10-15 22:00:00,182526.8,5637.0,0.0
2025-10-15 23:00:00,176734.2,5761.5,0.0
2025-10-16 00:00:00,170804.5,5843.5,0.0
2025-10-16 01:00:00,166688.5,5744.5,0.0
2025-10-16 02:00:00,164285.8,5698.5,0.0
2025-10-16 03:00:00,162651.5,5957.5,0.0
2025-10-16 04:00:00,163908.8,5955.8,0.0
2025-10-16 05:00:00,171707.8,6188.0,159.5
2025-10-16 06:00:00,183684.0,6213.0,460.2
2025-10-16 07:00:00,191914.2,5831.8,7588.8
2025-10-16 08:00:00,192195.5,5897.0,28853.2
2025-10-16 09:00:00,197604.5,6230.8,41208.5
2025-10-16 10:00:00,199882.8,6758.5,56026.8
2025-10-16 11:00:00,197914.0,6580.5,59567.8
2025-10-16 12:00:00,195210.5,6191.8,59035.8
2025-10-16 13:00:00,192076.2,5462.8,58440.8
2025-10-16 14:00:00,195656.5,4810.2,55052.0
2025-10-16 15:00:00,200412.2,4740.8,46656.0
2025-10-16 16:00:00,200513.8,4634.0,30038.2
2025-10-16 17:00:00,200269.5,4489.5,10035.0
2025-10-16 18:00:00,208318.0,4403.8,803.8
2025-10-16 19:00:00,205923.0,4787.8,132.8
2025-10-16 20:00:00,196516.2,5089.0,0.0
2025-10-16 21:00:00,189509.5,5451.2,0.0
2025-10-16 22:00:00,184504.2,5768.5,0.0
2025-10-16 23:00:00,178701.0,5974.2,0.0
2025-10-17 00:00:00,172306.8,5721.0,0.0
2025-10-17 01:00:00,167350.8,5068.0,0.0
2025-10-17 02:00:00,165300.2,4990.8,0.0
2025-10-17 03:00:00,164262.5,4838.0,0.0
2025-10-17 04:00:00,165763.2,4913.2,0.0
2025-10-17 05:00:00,173479.5,5438.0,124.0
2025-10-17 06:00:00,185522.5,6535.5,535.0
2025-10-17 07:00:00,194622.5,7127.2,8698.8
2025-10-17 08:00:00,195293.5,6991.0,29975.0
2025-10-17 09:00:00,199745.2,6827.0,47451.0
2025-10-17 10:00:00,201263.5,7273.8,56290.8
2025-10-17 11:00:00,202931.2,7785.5,60633.0
2025-10-17 12:00:00,201662.5,7780.8,63304.5
2025-10-17 13:00:00,196034.8,7023.0,60411.5
2025-10-17 14:00:00,198357.2,6635.2,55826.5
2025-10-17 15:00:00,201887.0,6200.0,46665.0
2025-10-17 16:00:00,200926.2,6456.2,30159.2
2025-10-17 17:00:00,200034.5,6439.8,9813.2
2025-10-17 18:00:00,207448.2,6326.0,754.0
2025-10-17 19:00:00,205186.5,6835.5,195.5
2025-10-17 20:00:00,196028.2,6828.0,0.0
2025-10-17 21:00:00,188905.2,6488.5,0.0
2025-10-17 22:00:00,183929.2,6361.8,0.0
2025-10-17 23:00:00,179134.8,6042.8,0.0
2025-10-18 00:00:00,173564.2,5790.8,0.0
2025-10-18 01:00:00,168870.0,5301.2,0.0
2025-10-18 02:00:00,166019.2,5187.5,0.0
2025-10-18 03:00:00,164575.8,5242.8,0.0
2025-10-18 04:00:00,165394.8,5405.0,0.0
2025-10-18 05:00:00,172575.8,5549.8,34.5
2025-10-18 06:00:00,182402.5,5726.5,461.8
2025-10-18 07:00:00,189694.5,5270.5,9098.0
2025-10-18 08:00:00,193218.0,4687.8,30833.0
2025-10-18 09:00:00,200488.5,4234.0,50358.0
2025-10-18 10:00:00,203436.8,4533.0,59480.5
2025-10-18 11:00:00,202767.2,4625.8,63254.5
2025-10-18 12:00:00,201283.2,4263.2,63212.8
2025-10-18 13:00:00,197073.8,3941.5,60150.2
2025-10-18 14:00:00,199544.0,3636.8,55158.2
2025-10-18 15:00:00,201236.5,3347.8,46266.0
2025-10-18 16:00:00,197049.8,3594.5,29364.5
2025-10-18 17:00:00,195665.8,3821.0,8936.8
2025-10-18 18:00:00,202582.2,3388.5,383.5
2025-10-18 19:00:00,199476.2,3689.5,45.8
2025-10-18 20:00:00,192233.2,4123.0,0.0
2025-10-18 21:00:00,186772.2,3951.8,0.0
2025-10-18 22:00:00,182633.5,3838.0,0.0
2025-10-18 23:00:00,177721.8,3955.5,0.0
2025-10-19 00:00:00,171990.0,3561.2,0.0
2025-10-19 01:00:00,167400.0,3236.5,0.0
2025-10-19 02:00:00,164122.2,3413.5,0.0
2025-10-19 03:00:00,162483.0,3830.8,0.0
2025-10-19 04:00:00,162927.5,4391.2,0.0
2025-10-19 05:00:00,168133.5,4415.8,82.8
2025-10-19 06:00:00,175170.5,4789.2,492.8
2025-10-19 07:00:00,180281.0,4696.8,8281.8
2025-10-19 08:00:00,184283.2,4344.8,28532.5
2025-10-19 09:00:00,190446.0,4214.5,48039.0
2025-10-19 10:00:00,191131.8,4193.0,58859.8
2025-10-19 11:00:00,190064.5,4189.2,61947.0
2025-10-19 12:00:00,187756.8,3898.2,62555.5
2025-10-19 13:00:00,185105.2,3524.0,59866.8
2025-10-19 14:00:00,184337.8,3198.2,55269.2
2025-10-19 15:00:00,184144.8,3478.2,46012.2
2025-10-19 16:00:00,180052.5,3732.8,28674.2
2025-10-19 17:00:00,179345.5,3655.0,8820.8
2025-10-19 18:00:00,188785.8,3655.8,710.5
2025-10-19 19:00:00,186363.5,3973.8,214.2
2025-10-19 20:00:00,180819.2,3965.0,0.0
2025-10-19 21:00:00,176652.0,4025.8,0.0
2025-10-19 22:00:00,172874.5,4298.0,0.0
2025-10-19 23:00:00,168235.5,3830.0,0.0
2025-10-20 00:00:00,163086.5,3766.2,0.0
2025-10-20 01:00:00,158465.0,3536.5,0.0
2025-10-20 02:00:00,155589.5,3577.2,0.0
2025-10-20 03:00:00,153741.5,3880.8,0.0
2025-10-20 04:00:00,154535.2,4263.0,0.0
2025-10-20 05:00:00,160796.8,4671.8,337.0
2025-10-20 06:00:00,167554.5,4951.5,696.0
2025-10-20 07:00:00,172055.0,4569.8,5335.0
2025-10-20 08:00:00,174256.5,3909.2,16916.8
2025-10-20 09:00:00,177893.5,3028.8,28443.0
2025-10-20 10:00:00,179056.5,3113.8,38298.5
2025-10-20 11:00:00,178373.8,3558.8,45169.2
2025-10-20 12:00:00,175209.2,3726.0,54048.0
2025-10-20 13:00:00,171785.8,3626.2,51430.2
2025-10-20 14:00:00,170342.0,3673.0,49543.8
2025-10-20 15:00:00,169771.5,4012.0,42164.8
2025-10-20 16:00:00,164371.0,4204.0,26074.0
2025-10-20 17:00:00,163900.2,4532.8,7895.5
2025-10-20 18:00:00,171542.5,5342.2,698.5
2025-10-20 19:00:00,167286.5,6617.2,151.2
2025-10-20 20:00:00,161618.2,6578.0,0.0
2025-10-20 21:00:00,158529.0,6070.8,0.0
2025-10-20 22:00:00,156546.2,5861.5,0.0
2025-10-20 23:00:00,153136.5,5341.5,0.0
2025-10-21 00:00:00,148708.2,4477.0,0.0
2025-10-21 01:00:00,145059.8,3931.5,0.0
2025-10-21 02:00:00,142882.0,3310.5,0.0
2025-10-21 03:00:00,141640.8,2847.0,0.0
2025-10-21 04:00:00,142207.8,2608.2,0.0
2025-10-21 05:00:00,148021.0,2891.8,54.8
2025-10-21 06:00:00,155494.0,3479.2,335.0
2025-10-21 07:00:00,162709.5,3639.2,6609.8
2025-10-21 08:00:00,167171.5,3760.2,23412.8
2025-10-21 09:00:00,173615.5,3299.0,39557.0
2025-10-21 10:00:00,175824.2,3525.0,48479.5
2025-10-21 11:00:00,175320.0,4214.5,52416.5
2025-10-21 12:00:00,173538.5,4698.8,52887.2
2025-10-21 13:00:00,169796.5,4893.2,49248.2
2025-10-21 14:00:00,169045.0,5129.2,46414.5
2025-10-21 15:00:00,168860.0,5519.5,38371.2
2025-10-21 16:00:00,163155.8,5960.8,22643.0
2025-10-21 17:00:00,164382.2,6454.8,6623.0
2025-10-21 18:00:00,172825.5,7621.5,337.0
2025-10-21 19:00:00,169323.8,9068.5,98.2
2025-10-21 20:00:00,164618.8,9652.5,0.0
2025-10-21 21:00:00,160418.2,9322.5,0.0
2025-10-21 22:00:00,157634.8,9066.8,0.0
2025-10-21 23:00:00,153980.0,9148.5,0.0
2025-10-22 00:00:00,149528.8,8527.8,0.0
2025-10-22 01:00:00,145824.2,8062.0,0.0
2025-10-22 02:00:00,143136.0,7597.5,0.0
2025-10-22 03:00:00,141983.2,7658.5,0.0
2025-10-22 04:00:00,143144.8,7857.8,0.0
2025-10-22 05:00:00,149437.0,7871.5,46.8
2025-10-22 06:00:00,157280.0,8248.8,383.5
2025-10-22 07:00:00,164192.0,8138.0,6801.5
2025-10-22 08:00:00,168251.2,8139.2,23972.8
2025-10-22 09:00:00,171797.2,7812.5,40341.5
2025-10-22 10:00:00,174556.8,8731.0,49612.8
2025-10-22 11:00:00,173398.0,8932.5,49486.0
2025-10-22 12:00:00,170933.0,9437.5,45654.5
2025-10-22 13:00:00,168221.5,9792.0,42645.8
2025-10-22 14:00:00,168950.0,10152.2,43645.8
2025-10-22 15:00:00,169385.8,10258.5,38262.8
2025-10-22 16:00:00,167354.2,10049.5,23696.2
2025-10-22 17:00:00,170488.0,9399.5,6987.5
2025-10-22 18:00:00,180744.5,8584.2,513.0
2025-10-22 19:00:00,177717.2,9089.5,55.5
2025-10-22 20:00:00,172038.5,9830.0,0.0
2025-10-22 21:00:00,167129.5,10353.2,0.0
2025-10-22 22:00:00,163140.5,9650.8,0.0
2025-10-22 23:00:00,159396.2,9586.2,0.0
2025-10-23 00:00:00,154685.8,9484.2,0.0
2025-10-23 01:00:00,150614.0,8589.8,0.0
2025-10-23 02:00:00,148146.5,8389.5,0.0
2025-10-23 03:00:00,146807.2,8698.5,0.0
2025-10-23 04:00:00,147332.8,9158.8,0.0
2025-10-23 05:00:00,153079.8,9456.5,140.0
2025-10-23 06:00:00,162437.5,9583.2,433.5
2025-10-23 07:00:00,171155.8,9751.0,6640.5
2025-10-23 08:00:00,175460.5,9380.0,24214.2
2025-10-23 09:00:00,178906.8,7709.2,41786.0
2025-10-23 10:00:00,179843.0,7033.0,51241.5
2025-10-23 11:00:00,179490.8,7462.0,54938.5
2025-10-23 12:00:00,178062.2,7844.5,54100.5
2025-10-23 13:00:00,174074.8,8015.5,50056.8
2025-10-23 14:00:00,175655.0,7629.2,47735.5
2025-10-23 15:00:00,178572.2,7361.2,40833.8
2025-10-23 16:00:00,177564.8,7416.5,24314.8
2025-10-23 17:00:00,179800.0,7279.0,6940.2
2025-10-23 18:00:00,188653.8,7178.0,754.8
2025-10-23 19:00:00,184864.2,8156.5,123.8
2025-10-23 20:00:00,178231.5,9190.8,0.0
2025-10-23 21:00:00,172688.0,9688.2,0.0
2025-10-23 22:00:00,168424.0,9180.5,0.0
2025-10-23 23:00:00,164673.0,8529.5,0.0
2025-10-24 00:00:00,159601.5,8473.5,0.0
2025-10-24 01:00:00,155618.2,8834.0,0.0
2025-10-24 02:00:00,152745.0,9131.2,0.0
2025-10-24 03:00:00,151326.5,9404.5,0.0
2025-10-24 04:00:00,152336.2,9430.2,0.0
2025-10-24 05:00:00,158828.2,9629.8,115.5
2025-10-24 06:00:00,168576.8,9691.2,387.0
2025-10-24 07:00:00,177187.2,9828.2,6739.0
2025-10-24 08:00:00,181717.5,8588.8,23901.2
2025-10-24 09:00:00,187971.2,6593.0,41312.0
2025-10-24 10:00:00,189832.2,6002.2,50411.0
2025-10-24 11:00:00,189135.0,5877.2,55359.8
2025-10-24 12:00:00,186982.2,5810.5,56225.8
2025-10-24 13:00:00,183068.8,5561.8,53725.0
2025-10-24 14:00:00,184855.2,5126.5,48381.0
2025-10-24 15:00:00,186023.0,5278.2,38912.5
2025-10-24 16:00:00,184113.8,5176.0,23501.5
2025-10-24 17:00:00,186239.8,5961.5,6940.8
2025-10-24 18:00:00,195355.5,6659.8,441.2
2025-10-24 19:00:00,191735.0,7028.2,90.8
2025-10-24 20:00:00,183411.5,7597.5,0.0
2025-10-24 21:00:00,177107.8,7743.2,0.0
2025-10-24 22:00:00,172407.0,8131.2,0.0
2025-10-24 23:00:00,168621.0,8932.2,0.0
2025-10-25 00:00:00,163935.2,8846.0,0.0
2025-10-25 01:00:00,159380.0,8603.0,0.0
2025-10-25 02:00:00,156150.0,8672.2,0.0
2025-10-25 03:00:00,154401.5,8785.8,0.0
2025-10-25 04:00:00,154424.0,8821.5,0.0
2025-10-25 05:00:00,160268.5,8922.5,153.5
2025-10-25 06:00:00,169546.5,9100.2,475.2
2025-10-25 07:00:00,177450.0,9179.0,7309.8
2025-10-25 08:00:00,180718.0,8315.0,26503.8
2025-10-25 09:00:00,187615.8,6704.0,45515.8
2025-10-25 10:00:00,189116.2,6403.8,55501.2
2025-10-25 11:00:00,188787.8,7223.5,59138.0
2025-10-25 12:00:00,186401.8,7717.5,59785.8
2025-10-25 13:00:00,181644.8,8329.5,57401.2
2025-10-25 14:00:00,183476.0,8792.5,52444.8
2025-10-25 15:00:00,184583.2,9342.5,43261.2
2025-10-25 16:00:00,182287.2,9431.5,26558.0
2025-10-25 17:00:00,185768.0,8491.5,7247.5
2025-10-25 18:00:00,196107.5,8929.5,426.8
2025-10-25 19:00:00,191564.8,10440.5,95.8
2025-10-25 20:00:00,182790.0,11371.5,0.0
2025-10-25 21:00:00,176354.5,11781.0,0.0
2025-10-25 22:00:00,171261.8,11169.2,0.0
2025-10-25 23:00:00,166849.8,10373.8,0.0
2025-10-26 00:00:00,161858.0,10021.8,0.0
2025-10-26 01:00:00,157297.5,9397.8,0.0
2025-10-26 02:00:00,154227.2,9517.2,0.0
2025-10-26 03:00:00,152078.8,9300.2,0.0
2025-10-26 04:00:00,152265.2,8920.8,0.0
2025-10-26 05:00:00,157134.2,9494.2,102.0
2025-10-26 06:00:00,162833.0,9578.2,366.0
2025-10-26 07:00:00,167896.8,9424.5,6710.0
2025-10-26 08:00:00,172272.2,8673.5,18909.5
2025-10-26 09:00:00,177250.5,7435.8,42705.0
2025-10-26 10:00:00,178270.5,7899.8,51485.0
2025-10-26 11:00:00,178428.5,8811.5,55037.2
2025-10-26 12:00:00,176850.8,9664.8,53498.0
2025-10-26 13:00:00,173295.2,9909.2,47880.2
2025-10-26 14:00:00,172680.2,9817.5,44389.2
2025-10-26 15:00:00,172789.2,9458.0,39177.2
2025-10-26 16:00:00,168905.8,9340.2,23676.0
2025-10-26 17:00:00,171979.0,8717.8,6491.0
2025-10-26 18:00:00,183936.2,8181.2,452.8
2025-10-26 19:00:00,179878.0,8781.0,68.0
2025-10-26 20:00:00,173454.0,10320.2,0.0
2025-10-26 21:00:00,169391.8,11127.0,0.0
2025-10-26 22:00:00,165239.5,10554.8,0.0
2025-10-26 23:00:00,160915.8,10593.8,0.0
2025-10-27 00:00:00,156259.5,10352.5,0.0
2025-10-27 01:00:00,152350.8,10168.5,0.0
2025-10-27 02:00:00,150087.8,10490.8,0.0
2025-10-27 03:00:00,148400.8,9872.2,0.0
2025-10-27 04:00:00,149305.0,10190.5,0.0
2025-10-27 05:00:00,156569.0,10642.8,150.2
2025-10-27 06:00:00,166743.2,10884.8,428.0
2025-10-27 07:00:00,175056.5,10547.8,5816.8
2025-10-27 08:00:00,177925.5,10877.0,21269.5
2025-10-27 09:00:00,184178.2,11746.5,35040.0
2025-10-27 10:00:00,186239.0,13955.0,42550.5
2025-10-27 11:00:00,184459.2,15527.5,45003.5
2025-10-27 12:00:00,182078.2,14411.8,44746.8
2025-10-27 13:00:00,176665.8,12406.5,43148.0
2025-10-27 14:00:00,177278.2,12513.0,38046.2
2025-10-27 15:00:00,176646.0,13953.5,31171.0
2025-10-27 16:00:00,173030.5,15891.2,16327.2
2025-10-27 17:00:00,177651.2,16766.2,5121.0
2025-10-27 18:00:00,187968.8,15720.5,1084.5
2025-10-27 19:00:00,181692.8,15742.8,441.8
2025-10-27 20:00:00,173424.2,15389.2,0.0
2025-10-27 21:00:00,167445.5,15338.5,0.0
2025-10-27 22:00:00,162279.2,16027.2,0.0
2025-10-27 23:00:00,157295.0,16786.2,0.0
2025-10-28 00:00:00,151761.0,17015.8,0.0
2025-10-28 01:00:00,147682.5,18085.8,0.0
2025-10-28 02:00:00,144920.2,18309.2,0.0
2025-10-28 03:00:00,143293.0,16734.2,0.0
2025-10-28 04:00:00,143289.8,15654.5,0.0
2025-10-28 05:00:00,148038.8,15929.5,227.0
2025-10-28 06:00:00,157137.2,15660.5,815.5
2025-10-28 07:00:00,167827.2,14927.5,4153.5
2025-10-28 08:00:00,173948.2,14963.5,13985.0
2025-10-28 09:00:00,179849.2,15257.2,27661.5
2025-10-28 10:00:00,180044.2,16050.8,36364.2
2025-10-28 11:00:00,177975.0,16684.0,40139.2
2025-10-28 12:00:00,175101.2,17554.5,40789.5
2025-10-28 13:00:00,169779.0,18229.2,37099.2
2025-10-28 14:00:00,171027.5,18209.0,35667.5
2025-10-28 15:00:00,172803.8,17955.2,32103.0
2025-10-28 16:00:00,172243.2,18646.5,19292.8
2025-10-28 17:00:00,178518.0,18600.0,5975.8
2025-10-28 18:00:00,187558.2,18998.2,1544.2
2025-10-28 19:00:00,180295.0,19506.8,615.5
2025-10-28 20:00:00,170907.5,20192.8,0.0
2025-10-28 21:00:00,164440.5,19927.5,0.0
2025-10-28 22:00:00,158814.8,19631.2,0.0
2025-10-28 23:00:00,153717.0,20426.2,0.0
2025-10-29 00:00:00,148606.8,20891.5,0.0
2025-10-29 01:00:00,144561.5,19657.8,0.0
2025-10-29 02:00:00,141785.0,18605.5,0.0
2025-10-29 03:00:00,140206.8,17221.5,0.0
2025-10-29 04:00:00,141078.5,16071.0,0.0
2025-10-29 05:00:00,148720.5,16141.5,241.2
2025-10-29 06:00:00,161006.5,16792.8,1207.8
2025-10-29 07:00:00,170338.2,16940.5,5998.2
2025-10-29 08:00:00,172981.5,16662.8,20113.5
2025-10-29 09:00:00,176508.8,17519.8,33807.8
2025-10-29 10:00:00,177018.2,18701.5,40412.5
2025-10-29 11:00:00,174201.2,18279.5,42567.8
2025-10-29 12:00:00,170367.0,17687.8,39733.8
2025-10-29 13:00:00,165510.2,17062.0,38406.0
2025-10-29 14:00:00,167310.0,17821.5,38360.5
2025-10-29 15:00:00,169173.2,16878.0,30304.8
2025-10-29 16:00:00,170873.0,20490.2,18955.0
2025-10-29 17:00:00,178341.0,19306.0,5349.2
2025-10-29 18:00:00,189772.5,17965.0,463.8
2025-10-29 19:00:00,184036.2,17859.2,148.0
2025-10-29 20:00:00,173505.5,18693.8,0.0
2025-10-29 21:00:00,167045.2,18779.8,0.0
2025-10-29 22:00:00,161734.5,18614.0,0.0
2025-10-29 23:00:00,155985.2,17696.8,0.0
2025-10-30 00:00:00,150748.8,16742.2,0.0
2025-10-30 01:00:00,147033.8,16850.2,0.0
2025-10-30 02:00:00,143175.5,16953.8,0.0
2025-10-30 03:00:00,140461.5,16479.0,0.0
2025-10-30 04:00:00,141676.2,15821.8,0.0
2025-10-30 05:00:00,149430.2,15363.8,126.0
2025-10-30 06:00:00,160724.5,14774.5,553.8
2025-10-30 07:00:00,169307.5,13532.8,6289.2
2025-10-30 08:00:00,171569.8,12741.5,20305.2
2025-10-30 09:00:00,177586.5,13293.5,34478.5
2025-10-30 10:00:00,179095.2,14133.5,44772.8
2025-10-30 11:00:00,177110.0,15359.5,49093.0
2025-10-30 12:00:00,172537.8,15352.5,46560.0
2025-10-30 13:00:00,166262.5,14841.2,43260.5
2025-10-30 14:00:00,167197.0,15576.2,40267.5
2025-10-30 15:00:00,170505.5,15960.0,32267.5
2025-10-30 16:00:00,172247.2,15193.5,18685.2
2025-10-30 17:00:00,179098.2,13164.0,5938.0
2025-10-30 18:00:00,189193.5,12140.8,1605.2
2025-10-30 19:00:00,183107.0,12194.5,577.0
2025-10-30 20:00:00,173722.2,12408.5,0.0
2025-10-30 21:00:00,167616.0,12774.5,0.0
2025-10-30 22:00:00,162318.8,12469.2,0.0
2025-10-30 23:00:00,156845.0,11448.5,0.0
2025-10-31 00:00:00,151409.5,10590.0,0.0
2025-10-31 01:00:00,147187.0,10071.8,0.0
2025-10-31 02:00:00,144171.8,9479.0,0.0
2025-10-31 03:00:00,142575.8,8759.5,0.0
2025-10-31 04:00:00,143873.0,8640.8,0.0
2025-10-31 05:00:00,151698.5,8595.8,173.8
2025-10-31 06:00:00,162698.5,8656.2,1394.8
2025-10-31 07:00:00,171598.5,8280.5,8311.0
2025-10-31 08:00:00,173383.0,7301.5,23572.5
2025-10-31 09:00:00,179035.8,7484.8,40072.2
2025-10-31 10:00:00,180924.8,7905.8,50613.8
2025-10-31 11:00:00,179477.8,7700.8,53368.2
2025-10-31 12:00:00,177648.8,7244.0,53803.5
2025-10-31 13:00:00,172084.5,7455.5,51823.5
2025-10-31 14:00:00,172986.5,7560.0,47794.2
2025-10-31 15:00:00,175585.2,8021.0,38092.0
2025-10-31 16:00:00,175762.5,8399.8,21011.0
2025-10-31 17:00:00,180035.5,7888.8,5592.5
2025-10-31 18:00:00,188847.8,7147.2,374.8
2025-10-31 19:00:00,186043.2,7221.0,98.2
2025-10-31 20:00:00,176941.2,7517.2,0.0
2025-10-31 21:00:00,171432.5,7589.2,0.0
2025-10-31 22:00:00,166270.2,7297.8,0.0
2025-10-31 23:00:00,160644.2,6920.5,0.0
2025-11-01 00:00:00,155495.2,6582.2,0.0
2025-11-01 01:00:00,150890.8,7028.0,0.0
2025-11-01 02:00:00,147208.5,7836.2,0.0
2025-11-01 03:00:00,145781.0,7693.0,0.0
2025-11-01 04:00:00,147116.2,7484.5,0.0
2025-11-01 05:00:00,154019.8,7201.5,149.8
2025-11-01 06:00:00,162802.8,6832.0,532.2
2025-11-01 07:00:00,168626.8,6504.5,7855.5
2025-11-01 08:00:00,171271.8,5908.0,26275.5
2025-11-01 09:00:00,177605.8,5535.2,44109.0
2025-11-01 10:00:00,178287.0,5258.5,54573.2
2025-11-01 11:00:00,176430.8,5103.0,58082.8
2025-11-01 12:00:00,174207.8,5002.8,58024.8
2025-11-01 13:00:00,169454.2,5222.8,54623.2
2025-11-01 14:00:00,171815.5,5556.8,50101.8
2025-11-01 15:00:00,175052.0,5663.5,41202.0
2025-11-01 16:00:00,175962.5,5952.8,24585.8
2025-11-01 17:00:00,181418.2,6111.5,7438.5
2025-11-01 18:00:00,188473.5,5830.8,364.2
2025-11-01 19:00:00,185371.2,5856.2,104.0
2025-11-01 20:00:00,176029.0,5842.8,0.0
2025-11-01 21:00:00,170938.0,5792.8,0.0
2025-11-01 22:00:00,167440.5,5430.8,0.0
2025-11-01 23:00:00,162001.0,5169.2,0.0
2025-11-02 00:00:00,156911.2,5389.5,0.0
2025-11-02 01:00:00,152760.0,5856.5,0.0
2025-11-02 02:00:00,149611.5,5647.5,0.0
2025-11-02 03:00:00,147141.8,5428.0,0.0
2025-11-02 04:00:00,147657.5,5321.8,0.0
2025-11-02 05:00:00,153419.0,5453.0,0.0
2025-11-02 06:00:00,159775.0,5453.2,314.5
2025-11-02 07:00:00,164084.2,4916.8,6319.0
2025-11-02 08:00:00,165908.5,4391.0,24187.0
2025-11-02 09:00:00,170200.0,4641.8,41705.0
2025-11-02 10:00:00,170392.0,4623.8,50416.2
2025-11-02 11:00:00,167500.5,3867.0,51253.2
2025-11-02 12:00:00,164363.0,3423.0,49446.5
2025-11-02 13:00:00,160198.2,3540.0,45902.0
2025-11-02 14:00:00,159273.2,3958.2,42910.8
2025-11-02 15:00:00,160538.2,4664.2,40089.2
2025-11-02 16:00:00,161163.8,5102.2,25426.2
2025-11-02 17:00:00,167842.2,5107.0,6133.5
2025-11-02 18:00:00,179672.8,5072.5,278.0
2025-11-02 19:00:00,175291.8,5589.5,36.8
2025-11-02 20:00:00,168405.0,5602.8,0.0
2025-11-02 21:00:00,163669.5,5499.2,0.0
2025-11-02 22:00:00,160424.8,5260.8,0.0
2025-11-02 23:00:00,155687.5,5499.0,0.0
2025-11-03 00:00:00,150539.2,5783.2,0.0
2025-11-03 01:00:00,146199.0,6184.8,0.0
2025-11-03 02:00:00,143044.5,6311.2,0.0
2025-11-03 03:00:00,141901.2,6592.5,0.0
2025-11-03 04:00:00,144131.8,6401.0,0.0
2025-11-03 05:00:00,152511.5,6101.5,0.0
2025-11-03 06:00:00,164130.2,5866.0,339.5
2025-11-03 07:00:00,173150.8,5202.0,6816.8
2025-11-03 08:00:00,174491.0,4555.8,25442.5
2025-11-03 09:00:00,177596.8,4377.2,42154.0
2025-11-03 10:00:00,178132.0,4498.2,51639.8
2025-11-03 11:00:00,177534.0,4376.8,56775.5
2025-11-03 12:00:00,174900.5,4281.2,55182.8
2025-11-03 13:00:00,168185.8,4470.0,47726.2
2025-11-03 14:00:00,170810.2,5091.5,45682.2
2025-11-03 15:00:00,174910.8,6322.8,39078.2
2025-11-03 16:00:00,177371.5,7658.8,22110.5
2025-11-03 17:00:00,184685.2,7583.0,4936.8
2025-11-03 18:00:00,195745.2,8906.5,289.5
2025-11-03 19:00:00,188498.5,10494.8,17.0
2025-11-03 20:00:00,179184.2,10521.0,0.0
2025-11-03 21:00:00,173312.8,10681.0,0.0
2025-11-03 22:00:00,167787.2,11839.0,0.0
2025-11-03 23:00:00,161736.5,12867.8,0.0
2025-11-04 00:00:00,155807.0,13656.8,0.0
2025-11-04 01:00:00,151451.0,13676.2,0.0
2025-11-04 02:00:00,148290.5,13577.8,0.0
2025-11-04 03:00:00,146649.2,13215.5,0.0
2025-11-04 04:00:00,148336.2,12957.5,0.0
2025-11-04 05:00:00,157004.5,12310.8,0.0
2025-11-04 06:00:00,168595.8,10840.5,229.0
2025-11-04 07:00:00,176708.8,9494.5,5796.8
2025-11-04 08:00:00,178092.5,7984.0,23600.2
2025-11-04 09:00:00,182629.5,7742.5,43834.5
2025-11-04 10:00:00,180864.8,7036.8,51659.5
2025-11-04 11:00:00,176702.5,5837.8,53558.2
2025-11-04 12:00:00,172895.2,5352.5,49398.5
2025-11-04 13:00:00,170280.2,5223.8,49088.2
2025-11-04 14:00:00,172991.8,5057.0,48061.5
2025-11-04 15:00:00,176294.5,5087.2,43013.0
2025-11-04 16:00:00,178413.5,5554.0,26313.0
2025-11-04 17:00:00,185888.2,5518.8,6920.5
2025-11-04 18:00:00,194693.0,5668.2,378.0
2025-11-04 19:00:00,187395.8,6356.5,39.8
2025-11-04 20:00:00,177463.8,6355.8,0.0
2025-11-04 21:00:00,170775.2,6232.2,0.0
2025-11-04 22:00:00,166030.0,6193.2,0.0
2025-11-04 23:00:00,160341.0,5718.5,0.0
2025-11-05 00:00:00,154863.5,5174.8,0.0
2025-11-05 01:00:00,150779.0,4632.8,0.0
2025-11-05 02:00:00,147288.8,4305.2,0.0
2025-11-05 03:00:00,146173.5,3945.5,0.0
2025-11-05 04:00:00,149098.8,3565.2,0.0
2025-11-05 05:00:00,156918.0,3174.5,0.0
2025-11-05 06:00:00,165705.5,2753.5,321.2
2025-11-05 07:00:00,173000.5,2272.2,6920.2
2025-11-05 08:00:00,174990.2,2025.2,25632.0
2025-11-05 09:00:00,179364.8,1744.0,44859.2
2025-11-05 10:00:00,180231.0,1489.2,55376.5
2025-11-05 11:00:00,176930.8,1271.2,55264.2
2025-11-05 12:00:00,173470.8,1314.5,53375.8
2025-11-05 13:00:00,168065.5,1441.2,49254.0
2025-11-05 14:00:00,170912.5,1910.8,49261.5
2025-11-05 15:00:00,175381.0,2649.0,43510.8
2025-11-05 16:00:00,178015.8,3427.2,25110.0
2025-11-05 17:00:00,185353.2,3770.0,6085.0
2025-11-05 18:00:00,194980.5,4037.0,376.8
2025-11-05 19:00:00,187371.0,4817.8,51.0
2025-11-05 20:00:00,177446.0,5127.8,0.0
2025-11-05 21:00:00,170696.5,5414.5,0.0
2025-11-05 22:00:00,165593.2,5130.2,0.0
2025-11-05 23:00:00,160075.8,5427.5,0.0
2025-11-06 00:00:00,154394.2,5971.5,0.0
2025-11-06 01:00:00,149917.8,6138.2,0.0
2025-11-06 02:00:00,146674.5,6210.2,0.0
2025-11-06 03:00:00,145370.0,6157.2,0.0
2025-11-06 04:00:00,147176.8,5654.8,0.0
2025-11-06 05:00:00,156124.5,5096.2,7.8
2025-11-06 06:00:00,168329.0,4480.2,272.2
2025-11-06 07:00:00,176704.8,4148.5,6604.2
2025-11-06 08:00:00,176662.5,3596.5,26177.8
2025-11-06 09:00:00,179338.8,2970.5,45599.5
2025-11-06 10:00:00,179275.5,2404.5,53911.0
2025-11-06 11:00:00,176310.2,2145.2,54841.2
2025-11-06 12:00:00,172857.5,1977.8,52773.8
2025-11-06 13:00:00,168430.0,2021.2,48932.5
2025-11-06 14:00:00,171410.0,2059.8,49075.2
2025-11-06 15:00:00,175940.5,2601.8,44110.0
2025-11-06 16:00:00,177450.2,2510.8,25748.0
2025-11-06 17:00:00,184459.5,2614.8,5992.5
2025-11-06 18:00:00,194801.2,3406.8,324.2
2025-11-06 19:00:00,187542.2,4338.5,89.8
2025-11-06 20:00:00,176894.8,4681.2,0.0
2025-11-06 21:00:00,169017.0,4480.2,0.0
2025-11-06 22:00:00,164089.5,4066.5,0.0
2025-11-06 23:00:00,158493.5,3769.8,0.0
2025-11-07 00:00:00,153628.2,3551.2,0.0
2025-11-07 01:00:00,149170.8,3360.5,0.0
2025-11-07 02:00:00,146215.0,3131.8,0.0
2025-11-07 03:00:00,144750.0,2947.5,0.0
2025-11-07 04:00:00,146551.8,2891.2,0.0
2025-11-07 05:00:00,156652.5,3192.5,12.5
2025-11-07 06:00:00,170718.5,3526.2,273.2
2025-11-07 07:00:00,179875.5,4209.2,6992.5
2025-11-07 08:00:00,179701.2,4304.0,28071.5
2025-11-07 09:00:00,181773.2,2699.2,48084.5
2025-11-07 10:00:00,183141.2,2125.5,58490.0
2025-11-07 11:00:00,180862.8,2271.2,61614.2
2025-11-07 12:00:00,176614.8,1982.5,56937.5
2025-11-07 13:00:00,171840.2,1564.0,52947.8
2025-11-07 14:00:00,174413.5,1417.0,55227.8
2025-11-07 15:00:00,177767.5,1683.8,46307.8
2025-11-07 16:00:00,179847.2,2124.2,26619.5
2025-11-07 17:00:00,186374.2,2572.2,6244.0
2025-11-07 18:00:00,194545.5,2974.2,380.8
2025-11-07 19:00:00,186832.0,3476.8,58.5
2025-11-07 20:00:00,175809.0,3496.8,0.0
2025-11-07 21:00:00,167737.2,3490.2,0.0
2025-11-07 22:00:00,162216.0,3773.0,0.0
2025-11-07 23:00:00,156162.0,3989.5,0.0
2025-11-08 00:00:00,150772.5,4017.8,0.0
2025-11-08 01:00:00,146854.0,3808.5,0.0
2025-11-08 02:00:00,143559.2,3741.0,0.0
2025-11-08 03:00:00,142059.5,3479.5,0.0
2025-11-08 04:00:00,144529.5,3377.5,0.0
2025-11-08 05:00:00,153654.2,3375.0,47.8
2025-11-08 06:00:00,165815.8,3447.2,334.0
2025-11-08 07:00:00,174753.2,3429.8,7621.8
2025-11-08 08:00:00,175882.5,2686.2,30160.0
2025-11-08 09:00:00,180237.5,2023.8,50641.2
2025-11-08 10:00:00,180278.0,2407.8,58868.2
2025-11-08 11:00:00,177382.0,2420.8,58580.5
2025-11-08 12:00:00,174417.0,2162.5,55570.2
2025-11-08 13:00:00,169233.2,2079.5,53612.5
2025-11-08 14:00:00,172465.8,2248.0,53892.2
2025-11-08 15:00:00,176783.2,2545.2,47580.5
2025-11-08 16:00:00,176767.0,2831.8,27805.8
2025-11-08 17:00:00,183090.8,2973.5,6434.5
2025-11-08 18:00:00,191843.2,3577.5,469.8
2025-11-08 19:00:00,183438.0,3997.2,100.0
2025-11-08 20:00:00,172124.0,4002.5,0.0
2025-11-08 21:00:00,163851.8,3794.0,0.0
2025-11-08 22:00:00,158199.8,3609.8,0.0
2025-11-08 23:00:00,152582.5,3189.5,0.0
2025-11-09 00:00:00,147934.5,2897.8,0.0
2025-11-09 01:00:00,143867.0,2528.5,0.0
2025-11-09 02:00:00,141054.8,2196.5,0.0
2025-11-09 03:00:00,139937.2,2309.8,0.0
2025-11-09 04:00:00,141868.8,2292.2,0.0
2025-11-09 05:00:00,149530.5,2042.2,61.2
2025-11-09 06:00:00,158815.2,2002.2,344.2
2025-11-09 07:00:00,166465.0,2073.5,7629.8
2025-11-09 08:00:00,168835.5,1644.0,30234.5
2025-11-09 09:00:00,174033.8,1268.8,49384.0
2025-11-09 10:00:00,174141.5,1610.2,56740.0
2025-11-09 11:00:00,171272.0,1838.5,57132.2
2025-11-09 12:00:00,168023.0,1759.5,55158.8
2025-11-09 13:00:00,163377.5,1619.0,51003.2
2025-11-09 14:00:00,163115.0,1499.8,48804.0
2025-11-09 15:00:00,164460.5,1489.0,46040.8
2025-11-09 16:00:00,165248.8,1658.0,27727.0
2025-11-09 17:00:00,171093.5,2090.8,6112.2
2025-11-09 18:00:00,177758.5,2900.2,196.2
2025-11-09 19:00:00,171104.8,3083.2,29.0
2025-11-09 20:00:00,161982.5,2761.8,0.0
2025-11-09 21:00:00,154151.0,2428.0,0.0
2025-11-09 22:00:00,148677.0,2160.5,0.0
2025-11-09 23:00:00,143920.2,2087.0,0.0
2025-11-10 00:00:00,,,
2025-11-10 01:00:00,,,
2025-11-10 02:00:00,,,
2025-11-10 03:00:00,,,
2025-11-10 04:00:00,,,
2025-11-10 05:00:00,,,
2025-11-10 06:00:00,,,
2025-11-10 07:00:00,,,
2025-11-10 08:00:00,,,
2025-11-10 09:00:00,,,
2025-11-10 10:00:00,,,
2025-11-10 11:00:00,,,
2025-11-10 12:00:00,,,
2025-11-10 13:00:00,,,
2025-11-10 14:00:00,,,
2025-11-10 15:00:00,,,
2025-11-10 16:00:00,,,
2025-11-10 17:00:00,,,
2025-11-10 18:00:00,,,
2025-11-10 19:00:00,,,
2025-11-10 20:00:00,,,
2025-11-10 21:00:00,,,
2025-11-10 22:00:00,,,
2025-11-10 23:00:00,,,
2025-11-11 00:00:00,146645.2,1849.5,0.0
2025-11-11 01:00:00,143197.2,1826.5,0.0
2025-11-11 02:00:00,140830.8,1664.5,0.0
2025-11-11 03:00:00,140434.2,1474.2,0.0
2025-11-11 04:00:00,143391.0,1229.5,0.0
2025-11-11 05:00:00,154961.8,1126.5,0.0
2025-11-11 06:00:00,172944.5,1015.0,169.0
2025-11-11 07:00:00,185612.5,1014.8,6645.2
2025-11-11 08:00:00,187273.5,1064.0,28600.2
2025-11-11 09:00:00,191145.2,777.8,50232.5
2025-11-11 10:00:00,191482.5,674.0,61720.2
2025-11-11 11:00:00,187550.8,664.8,65741.5
2025-11-11 12:00:00,183196.8,669.0,64303.8
2025-11-11 13:00:00,177681.8,766.8,61472.5
2025-11-11 14:00:00,179407.0,734.8,56132.0
2025-11-11 15:00:00,183937.2,785.8,46742.8
2025-11-11 16:00:00,183979.8,927.8,26380.5
2025-11-11 17:00:00,190116.5,1240.0,5697.5
2025-11-11 18:00:00,196004.5,2002.2,192.5
2025-11-11 19:00:00,188209.0,3032.0,55.8
2025-11-11 20:00:00,176468.8,3625.5,0.0
2025-11-11 21:00:00,167115.0,3770.2,0.0
2025-11-11 22:00:00,159331.0,3631.0,0.0
2025-11-11 23:00:00,152185.2,3397.8,0.0
2025-11-12 00:00:00,146785.2,3351.8,0.0
2025-11-12 01:00:00,143286.2,3305.5,0.0
2025-11-12 02:00:00,140957.0,3531.8,0.0
2025-11-12 03:00:00,140100.2,3473.8,0.0
2025-11-12 04:00:00,143245.2,3445.0,0.0
2025-11-12 05:00:00,155821.8,3754.8,0.0
2025-11-12 06:00:00,174505.2,4013.8,232.0
2025-11-12 07:00:00,188186.5,4331.8,6719.2
2025-11-12 08:00:00,190378.0,3657.8,28853.8
2025-11-12 09:00:00,194937.5,2683.2,50684.2
2025-11-12 10:00:00,192993.0,2701.2,61686.0
2025-11-12 11:00:00,188476.8,2419.5,65567.2
2025-11-12 12:00:00,183247.8,1949.5,64948.5
2025-11-12 13:00:00,177486.2,1514.5,59821.8
2025-11-12 14:00:00,180000.0,1501.0,56672.0
2025-11-12 15:00:00,183578.5,1765.2,45998.8
2025-11-12 16:00:00,185156.0,1543.0,26632.0
2025-11-12 17:00:00,191266.8,2184.0,7423.8
2025-11-12 18:00:00,195498.0,3300.8,704.8
2025-11-12 19:00:00,187173.2,3925.5,89.5
2025-11-12 20:00:00,176127.8,4140.8,0.0
2025-11-12 21:00:00,166446.2,4686.5,0.0
2025-11-12 22:00:00,159231.5,4752.0,0.0
2025-11-12 23:00:00,152259.2,5088.8,0.0
2025-11-13 00:00:00,146452.8,5242.5,0.0
2025-11-13 01:00:00,142950.0,5596.8,0.0
2025-11-13 02:00:00,140433.2,6046.5,0.0
2025-11-13 03:00:00,140371.5,6298.0,0.0
2025-11-13 04:00:00,143715.0,6387.0,0.0
2025-11-13 05:00:00,156263.5,6527.0,20.2
2025-11-13 06:00:00,174292.8,6738.5,318.5
2025-11-13 07:00:00,187718.2,6988.2,6472.8
2025-11-13 08:00:00,189713.2,5944.2,27724.8
2025-11-13 09:00:00,193878.8,4166.5,48300.2
2025-11-13 10:00:00,193206.0,3382.5,59457.0
2025-11-13 11:00:00,189005.2,3383.2,63972.5
2025-11-13 12:00:00,184075.0,2916.5,63489.0
2025-11-13 13:00:00,178569.5,2297.5,59410.8
2025-11-13 14:00:00,180772.5,2239.5,56901.0
2025-11-13 15:00:00,185129.0,2178.5,47013.2
2025-11-13 16:00:00,186727.2,1671.8,17901.2
2025-11-13 17:00:00,192276.2,2777.0,6116.5
2025-11-13 18:00:00,198362.0,4158.2,654.2
2025-11-13 19:00:00,188298.0,5780.8,110.2
2025-11-13 20:00:00,176689.0,6865.5,0.0
2025-11-13 21:00:00,166536.2,7052.5,0.0
2025-11-13 22:00:00,158680.0,7527.8,0.0
2025-11-13 23:00:00,151995.8,7683.5,0.0
2025-11-14 00:00:00,146404.0,7612.0,0.0
2025-11-14 01:00:00,142687.0,7771.8,0.0
2025-11-14 02:00:00,139343.8,7995.8,0.0
2025-11-14 03:00:00,139370.2,8263.2,0.0
2025-11-14 04:00:00,143025.8,7898.8,0.0
2025-11-14 05:00:00,155704.2,7085.8,133.0
2025-11-14 06:00:00,174081.5,6884.0,342.8
2025-11-14 07:00:00,187091.0,6766.2,5055.2
2025-11-14 08:00:00,190877.5,5701.8,22178.8
2025-11-14 09:00:00,196772.5,4350.2,48621.5
2025-11-14 10:00:00,197261.5,3407.2,59071.8
2025-11-14 11:00:00,192275.8,2623.5,63614.2
2025-11-14 12:00:00,188593.0,2230.2,64929.8
2025-11-14 13:00:00,182197.0,1924.0,62504.2
2025-11-14 14:00:00,183522.2,1753.5,57733.8
2025-11-14 15:00:00,185399.5,1836.8,47314.0
2025-11-14 16:00:00,184462.2,2100.2,27176.2
2025-11-14 17:00:00,189867.2,2733.5,6310.8
2025-11-14 18:00:00,194870.8,4392.8,673.0
2025-11-14 19:00:00,185590.0,5728.2,123.8
2025-11-14 20:00:00,173767.8,6356.5,0.0
2025-11-14 21:00:00,163655.2,6584.2,0.0
2025-11-14 22:00:00,156032.5,6456.5,0.0
2025-11-14 23:00:00,149240.0,6438.5,0.0
2025-11-15 00:00:00,144052.8,6190.2,0.0
2025-11-15 01:00:00,140406.0,5853.2,0.0
2025-11-15 02:00:00,137603.5,5825.0,0.0
2025-11-15 03:00:00,137155.5,6115.8,0.0
2025-11-15 04:00:00,140969.0,6445.8,0.0
2025-11-15 05:00:00,153491.8,6283.0,0.0
2025-11-15 06:00:00,169726.2,6029.5,248.0
2025-11-15 07:00:00,182436.8,5914.0,6896.8
2025-11-15 08:00:00,187008.5,5420.2,30121.2
2025-11-15 09:00:00,194959.2,4217.0,52567.2
2025-11-15 10:00:00,194878.5,3442.8,63136.8
2025-11-15 11:00:00,190346.2,3216.8,67088.8
2025-11-15 12:00:00,185982.2,2931.8,65489.8
2025-11-15 13:00:00,180330.5,2782.5,61920.2
2025-11-15 14:00:00,181546.8,3116.5,58135.2
2025-11-15 15:00:00,184404.8,3296.5,47718.5
2025-11-15 16:00:00,184160.0,3828.2,27042.5
2025-11-15 17:00:00,188472.0,4623.0,5640.8
2025-11-15 18:00:00,193802.2,6294.2,356.0
2025-11-15 19:00:00,183653.8,7713.8,73.8
2025-11-15 20:00:00,171799.2,8234.5,0.0
2025-11-15 21:00:00,161851.8,7997.5,0.0
2025-11-15 22:00:00,154190.2,8080.8,0.0
2025-11-15 23:00:00,147919.0,8477.0,0.0
2025-11-16 00:00:00,142958.0,8486.5,0.0
2025-11-16 01:00:00,139169.8,8389.8,0.0
2025-11-16 02:00:00,136368.0,8251.0,0.0
2025-11-16 03:00:00,135450.0,8130.2,0.0
2025-11-16 04:00:00,138797.5,8232.8,0.0
2025-11-16 05:00:00,149238.5,8204.0,0.0
2025-11-16 06:00:00,161458.2,8314.5,162.2
2025-11-16 07:00:00,170365.5,8151.5,6054.8
2025-11-16 08:00:00,176983.8,7398.5,28488.2
2025-11-16 09:00:00,185720.5,6477.5,50028.0
2025-11-16 10:00:00,186223.2,6457.2,59581.0
2025-11-16 11:00:00,184062.0,6638.8,64341.5
2025-11-16 12:00:00,179405.2,6114.5,62416.5
2025-11-16 13:00:00,173175.0,5566.2,57117.5
2025-11-16 14:00:00,171357.8,5331.5,54869.2
2025-11-16 15:00:00,171699.0,5300.2,46447.5
2025-11-16 16:00:00,170362.5,5482.8,26487.8
2025-11-16 17:00:00,175014.2,6250.5,5399.2
2025-11-16 18:00:00,178823.5,7575.5,244.2
2025-11-16 19:00:00,171862.8,8690.8,106.2
2025-11-16 20:00:00,161281.0,9057.0,0.0
2025-11-16 21:00:00,152559.0,8832.8,0.0
2025-11-16 22:00:00,145807.8,8382.8,0.0
2025-11-16 23:00:00,139741.0,8175.2,0.0
2025-11-17 00:00:00,134912.8,8230.5,0.0
2025-11-17 01:00:00,131564.0,8557.0,0.0
2025-11-17 02:00:00,129316.5,8585.5,0.0
2025-11-17 03:00:00,129104.5,8500.2,0.0
2025-11-17 04:00:00,133409.2,8882.0,0.0
2025-11-17 05:00:00,147120.2,8932.8,35.2
2025-11-17 06:00:00,166668.2,9617.0,205.8
2025-11-17 07:00:00,182031.0,9424.8,6112.2
2025-11-17 08:00:00,186827.0,7951.8,28319.5
2025-11-17 09:00:00,194376.5,6812.0,50253.8
2025-11-17 10:00:00,195422.0,5918.5,60866.5
2025-11-17 11:00:00,191517.8,5409.0,64855.2
2025-11-17 12:00:00,186324.0,5079.0,64977.7
2025-11-17 13:00:00,180551.8,4484.5,61614.2
2025-11-17 14:00:00,182683.5,4079.5,55731.8
2025-11-17 15:00:00,186478.0,3798.2,45380.0
2025-11-17 16:00:00,185425.0,3516.8,26305.8
2025-11-17 17:00:00,189241.2,3698.8,5690.5
2025-11-17 18:00:00,193953.8,5360.0,486.2
2025-11-17 19:00:00,184520.8,7067.8,227.2
2025-11-17 20:00:00,172253.8,7780.8,0.0
2025-11-17 21:00:00,162407.5,7840.5,0.0
2025-11-17 22:00:00,154426.5,7688.5,0.0
2025-11-17 23:00:00,147315.2,7666.0,0.0
2025-11-18 00:00:00,141394.5,7402.0,0.0
2025-11-18 01:00:00,137907.2,7534.5,0.0
2025-11-18 02:00:00,135244.2,7907.0,0.0
2025-11-18 03:00:00,134835.2,8211.5,0.0
2025-11-18 04:00:00,138614.5,8204.2,0.0
2025-11-18 05:00:00,151534.8,8269.8,0.0
2025-11-18 06:00:00,171046.2,8179.5,271.8
2025-11-18 07:00:00,185782.5,8443.0,5758.5
2025-11-18 08:00:00,189085.2,8060.2,25854.2
2025-11-18 09:00:00,195441.8,6687.5,45711.8
2025-11-18 10:00:00,195435.5,5530.5,56394.5
2025-11-18 11:00:00,190615.5,5279.5,60571.5
2025-11-18 12:00:00,185681.8,5683.2,61166.5
2025-11-18 13:00:00,179916.0,4419.2,59903.2
2025-11-18 14:00:00,181944.8,3793.5,54140.5
2025-11-18 15:00:00,185329.2,3844.8,45282.8
2025-11-18 16:00:00,185546.0,4118.5,26547.0
2025-11-18 17:00:00,189952.8,4118.2,5801.5
2025-11-18 18:00:00,195158.0,5539.8,148.8
2025-11-18 19:00:00,185577.8,6672.0,0.0
2025-11-18 20:00:00,173325.5,6950.8,0.0
2025-11-18 21:00:00,162783.8,6967.8,0.0
2025-11-18 22:00:00,154228.0,6956.8,0.0
2025-11-18 23:00:00,146882.8,6858.8,0.0
2025-11-19 00:00:00,141429.8,6511.0,0.0
2025-11-19 01:00:00,138544.8,5955.8,0.0
2025-11-19 02:00:00,136139.0,5274.2,0.0
2025-11-19 03:00:00,135926.5,4694.2,0.0
2025-11-19 04:00:00,139647.8,4328.0,0.0
2025-11-19 05:00:00,153071.8,4140.0,1.0
2025-11-19 06:00:00,172934.2,4068.0,126.0
2025-11-19 07:00:00,187300.0,4254.5,4992.2
2025-11-19 08:00:00,189062.0,4232.5,24521.5
2025-11-19 09:00:00,196419.2,3590.8,47077.5
2025-11-19 10:00:00,197701.5,2732.8,58602.0
2025-11-19 11:00:00,193270.0,2755.8,61973.5
2025-11-19 12:00:00,189524.8,2336.2,63129.0
2025-11-19 13:00:00,183063.8,2014.2,61305.8
2025-11-19 14:00:00,184997.8,1648.5,55771.2
2025-11-19 15:00:00,187486.2,1561.2,45446.0
2025-11-19 16:00:00,188358.8,1762.2,25933.5
2025-11-19 17:00:00,191540.2,2583.0,5440.0
2025-11-19 18:00:00,195387.2,4347.5,344.5
2025-11-19 19:00:00,186956.0,5997.8,57.8
2025-11-19 20:00:00,174837.5,6853.8,0.0
2025-11-19 21:00:00,164866.2,7163.5,0.0
2025-11-19 22:00:00,156356.0,7576.8,0.0
2025-11-19 23:00:00,149148.2,7429.5,0.0
2025-11-20 00:00:00,143926.0,6913.8,0.0
2025-11-20 01:00:00,140664.0,6628.5,0.0
2025-11-20 02:00:00,137934.0,6379.0,0.0
2025-11-20 03:00:00,137585.0,6191.5,0.0
2025-11-20 04:00:00,141336.0,6122.8,0.0
2025-11-20 05:00:00,154785.5,6263.8,16.0
2025-11-20 06:00:00,174328.0,6725.5,210.5
2025-11-20 07:00:00,188863.2,7100.8,5985.0
2025-11-20 08:00:00,192322.5,6284.5,27165.5
2025-11-20 09:00:00,199830.8,5136.2,49270.0
2025-11-20 10:00:00,202765.2,3956.2,60906.0
2025-11-20 11:00:00,198769.8,3400.0,65785.0
2025-11-20 12:00:00,192967.8,2975.2,66905.0
2025-11-20 13:00:00,186189.0,2549.0,64225.5
2025-11-20 14:00:00,188644.0,2368.5,57674.2
2025-11-20 15:00:00,190723.5,2485.8,46343.8
2025-11-20 16:00:00,190491.5,2787.2,26100.5
2025-11-20 17:00:00,193040.2,3441.0,5474.0
2025-11-20 18:00:00,196726.0,5282.2,229.5
2025-11-20 19:00:00,188088.2,6978.2,30.2
2025-11-20 20:00:00,175433.8,7758.2,0.0
2025-11-20 21:00:00,165769.0,8107.5,0.0
2025-11-20 22:00:00,158048.8,8242.8,0.0
2025-11-20 23:00:00,151502.5,8258.5,0.0
2025-11-21 00:00:00,146130.8,8115.8,0.0
2025-11-21 01:00:00,142566.2,7925.0,0.0
2025-11-21 02:00:00,139970.2,7995.8,0.0
2025-11-21 03:00:00,140054.2,7667.5,0.0
2025-11-21 04:00:00,144120.5,7181.5,0.0
2025-11-21 05:00:00,156867.8,6884.0,40.8
2025-11-21 06:00:00,175366.8,7118.2,222.8
2025-11-21 07:00:00,190555.8,7139.5,5358.5
2025-11-21 08:00:00,196889.0,6303.5,24589.0
2025-11-21 09:00:00,206851.0,5456.0,45787.2
2025-11-21 10:00:00,208898.5,4965.5,58302.0
2025-11-21 11:00:00,204274.8,4718.2,62794.5
2025-11-21 12:00:00,200161.2,4087.2,63141.0
2025-11-21 13:00:00,192182.0,3261.2,60351.2
2025-11-21 14:00:00,192494.0,2821.8,54062.8
2025-11-21 15:00:00,193778.2,2687.5,43032.2
2025-11-21 16:00:00,192895.0,2855.0,24804.8
2025-11-21 17:00:00,192055.8,3213.2,5342.0
2025-11-21 18:00:00,195445.0,4717.0,240.5
2025-11-21 19:00:00,188522.8,6705.5,60.8
2025-11-21 20:00:00,176400.2,8287.0,0.0
2025-11-21 21:00:00,166902.2,8916.2,0.0
2025-11-21 22:00:00,159743.2,8912.5,0.0
2025-11-21 23:00:00,152727.2,8732.2,0.0
2025-11-22 00:00:00,146694.5,8604.0,0.0
2025-11-22 01:00:00,143068.8,7980.8,0.0
2025-11-22 02:00:00,140643.5,7683.2,0.0
2025-11-22 03:00:00,140114.8,7578.8,0.0
2025-11-22 04:00:00,143063.5,7366.0,0.0
2025-11-22 05:00:00,154984.5,7101.8,24.5
2025-11-22 06:00:00,172475.5,7371.8,159.0
2025-11-22 07:00:00,187054.5,7544.5,4784.8
2025-11-22 08:00:00,192166.0,6485.5,24158.2
2025-11-22 09:00:00,200828.2,6036.8,43463.0
2025-11-22 10:00:00,202844.2,4954.8,54639.2
2025-11-22 11:00:00,199062.2,4476.0,59117.8
2025-11-22 12:00:00,194389.2,3813.0,60633.8
2025-11-22 13:00:00,188256.8,3694.0,58129.0
2025-11-22 14:00:00,189524.8,3257.8,51195.2
2025-11-22 15:00:00,191491.5,2591.5,39557.5
2025-11-22 16:00:00,190167.8,2742.8,21246.0
2025-11-22 17:00:00,190811.0,3412.5,4664.0
2025-11-22 18:00:00,194133.5,4277.5,716.2
2025-11-22 19:00:00,186635.5,5323.5,297.5
2025-11-22 20:00:00,174747.8,5978.8,0.0
2025-11-22 21:00:00,165825.5,5834.2,0.0
2025-11-22 22:00:00,159095.0,5575.8,0.0
2025-11-22 23:00:00,152738.2,5517.8,0.0
2025-11-23 00:00:00,147252.0,5821.0,0.0
2025-11-23 01:00:00,143620.0,5895.5,0.0
2025-11-23 02:00:00,141015.5,6624.2,0.0
2025-11-23 03:00:00,140421.5,7352.2,0.0
2025-11-23 04:00:00,143484.5,7831.2,0.0
2025-11-23 05:00:00,152306.5,7044.2,0.0
2025-11-23 06:00:00,164492.5,5624.2,276.2
2025-11-23 07:00:00,176539.5,4688.0,5536.5
2025-11-23 08:00:00,185526.2,4207.2,23850.8
2025-11-23 09:00:00,195420.0,4580.5,43543.0
2025-11-23 10:00:00,197236.0,3884.2,54744.8
2025-11-23 11:00:00,194824.0,3737.5,58501.0
2025-11-23 12:00:00,188634.8,3236.5,58800.8
2025-11-23 13:00:00,182257.5,2808.5,56171.0
2025-11-23 14:00:00,181193.2,2625.5,48949.2
2025-11-23 15:00:00,180047.5,2801.2,39176.2
2025-11-23 16:00:00,177532.8,3152.0,21977.0
2025-11-23 17:00:00,180521.0,3079.0,5141.2
2025-11-23 18:00:00,183692.0,3715.8,797.5
2025-11-23 19:00:00,174992.2,5185.0,338.5
2025-11-23 20:00:00,164605.0,5970.2,0.0
2025-11-23 21:00:00,156443.8,6605.8,0.0
2025-11-23 22:00:00,150204.0,6805.0,0.0
2025-11-23 23:00:00,145043.8,6918.0,0.0
2025-11-24 00:00:00,140092.5,7196.2,0.0
2025-11-24 01:00:00,136924.5,6918.2,0.0
2025-11-24 02:00:00,134354.8,7036.2,0.0
2025-11-24 03:00:00,134182.0,7129.5,0.0
2025-11-24 04:00:00,137929.5,7174.2,0.0
2025-11-24 05:00:00,150669.0,6615.0,0.0
2025-11-24 06:00:00,169904.0,6263.8,0.0
2025-11-24 07:00:00,187202.5,6944.5,4566.0
2025-11-24 08:00:00,193897.2,6667.2,20860.2
2025-11-24 09:00:00,202915.5,6750.2,40283.5
2025-11-24 10:00:00,204747.5,5771.5,51264.5
2025-11-24 11:00:00,201430.8,5309.2,57056.8
2025-11-24 12:00:00,196200.0,5149.8,59441.0
2025-11-24 13:00:00,189691.5,5057.0,58009.0
2025-11-24 14:00:00,191171.8,4657.5,51743.8
2025-11-24 15:00:00,194236.0,4540.0,41004.5
2025-11-24 16:00:00,192679.2,4182.5,22399.8
2025-11-24 17:00:00,194521.2,4750.5,4437.5
2025-11-24 18:00:00,196011.2,6570.8,273.0
2025-11-24 19:00:00,188353.5,8504.2,120.8
2025-11-24 20:00:00,175763.0,10262.0,0.0
2025-11-24 21:00:00,166575.2,11151.0,0.0
2025-11-24 22:00:00,158985.2,11362.5,0.0
2025-11-24 23:00:00,152651.2,11744.2,0.0
2025-11-25 00:00:00,147377.0,12216.8,0.0
2025-11-25 01:00:00,144254.5,12708.0,0.0
2025-11-25 02:00:00,141280.8,12839.5,0.0
2025-11-25 03:00:00,140948.8,12583.0,0.0
2025-11-25 04:00:00,143815.8,12077.2,0.0
2025-11-25 05:00:00,155203.5,11500.8,0.0
2025-11-25 06:00:00,173118.0,10706.2,190.8
2025-11-25 07:00:00,190066.2,10117.8,4525.8
2025-11-25 08:00:00,196234.0,9155.8,21772.5
2025-11-25 09:00:00,203995.8,8387.5,42775.5
2025-11-25 10:00:00,206763.8,8140.2,55900.5
2025-11-25 11:00:00,203766.8,7777.0,62318.8
2025-11-25 12:00:00,198726.5,6772.8,65007.8
2025-11-25 13:00:00,192290.8,6315.5,62671.0
2025-11-25 14:00:00,194528.0,6090.5,55497.8
2025-11-25 15:00:00,197641.8,5373.5,39258.5
2025-11-25 16:00:00,195298.8,5148.0,23044.5
2025-11-25 17:00:00,197814.2,5174.2,4724.5
2025-11-25 18:00:00,199376.8,6103.8,350.8
2025-11-25 19:00:00,190681.2,8128.0,118.8
2025-11-25 20:00:00,176968.8,9692.2,0.0
2025-11-25 21:00:00,167263.5,11004.0,0.0
2025-11-25 22:00:00,160372.8,11625.8,0.0
2025-11-25 23:00:00,153656.2,11800.5,0.0
2025-11-26 00:00:00,147860.0,11459.5,0.0
2025-11-26 01:00:00,144871.5,10699.2,0.0
2025-11-26 02:00:00,142321.5,9750.5,0.0
2025-11-26 03:00:00,141788.0,8541.5,0.0
2025-11-26 04:00:00,144854.8,7753.5,0.0
2025-11-26 05:00:00,156522.5,7549.8,209.8
2025-11-26 06:00:00,175682.0,7951.2,330.5
2025-11-26 07:00:00,191744.2,8316.2,4132.0
2025-11-26 08:00:00,197099.0,7839.8,20203.2
2025-11-26 09:00:00,206150.5,7626.5,40816.0
2025-11-26 10:00:00,210122.8,6696.0,54078.2
2025-11-26 11:00:00,206313.5,6003.0,60109.8
2025-11-26 12:00:00,200589.2,5363.0,62257.2
2025-11-26 13:00:00,192642.8,4600.2,59914.2
2025-11-26 14:00:00,194657.5,4116.2,52966.2
2025-11-26 15:00:00,195553.5,3873.2,40413.5
2025-11-26 16:00:00,194430.8,3980.2,21052.5
2025-11-26 17:00:00,194637.2,4774.0,4660.5
2025-11-26 18:00:00,196763.5,6771.8,346.2
2025-11-26 19:00:00,189730.5,9123.2,120.0
2025-11-26 20:00:00,177848.0,11299.5,0.0
2025-11-26 21:00:00,168141.0,12754.0,0.0
2025-11-26 22:00:00,159955.5,13193.0,0.0
2025-11-26 23:00:00,153526.5,13492.5,0.0
2025-11-27 00:00:00,148755.2,13748.8,0.0
2025-11-27 01:00:00,145850.8,13749.0,0.0
2025-11-27 02:00:00,143402.5,13120.2,0.0
2025-11-27 03:00:00,143533.2,12271.8,0.0
2025-11-27 04:00:00,146328.0,11519.0,0.0
2025-11-27 05:00:00,158611.5,10709.2,187.0
2025-11-27 06:00:00,178270.8,9877.8,316.0
2025-11-27 07:00:00,194495.0,9281.8,3689.0
2025-11-27 08:00:00,199759.0,8480.0,18084.5
2025-11-27 09:00:00,206883.0,6988.0,36850.0
2025-11-27 10:00:00,210796.5,6737.0,50627.8
2025-11-27 11:00:00,206214.5,7446.2,57774.5
2025-11-27 12:00:00,200022.2,7160.0,59520.2
2025-11-27 13:00:00,193460.0,6514.8,56848.8
2025-11-27 14:00:00,195912.5,5828.0,49298.8
2025-11-27 15:00:00,197796.2,5490.2,35964.5
2025-11-27 16:00:00,196695.5,5753.5,17746.2
2025-11-27 17:00:00,197201.0,6377.5,3866.0
2025-11-27 18:00:00,198991.5,8114.8,492.8
2025-11-27 19:00:00,190631.0,10902.2,207.8
2025-11-27 20:00:00,178555.0,12359.2,0.0
2025-11-27 21:00:00,169176.2,12729.0,0.0
2025-11-27 22:00:00,161854.8,12826.2,0.0
2025-11-27 23:00:00,155072.5,13361.8,0.0
2025-11-28 00:00:00,150095.8,13428.8,0.0
2025-11-28 01:00:00,147174.0,13409.8,0.0
2025-11-28 02:00:00,145417.0,12566.8,0.0
2025-11-28 03:00:00,145029.0,11718.0,0.0
2025-11-28 04:00:00,147623.0,11236.8,0.0
2025-11-28 05:00:00,159922.0,10182.0,209.8
2025-11-28 06:00:00,179970.8,9364.5,338.5
2025-11-28 07:00:00,196543.8,8863.5,3510.5
2025-11-28 08:00:00,202341.0,8039.0,16151.5
2025-11-28 09:00:00,210435.8,6577.2,33857.2
2025-11-28 10:00:00,214536.5,6609.8,47094.5
2025-11-28 11:00:00,211793.8,5880.0,54462.8
2025-11-28 12:00:00,206380.0,5198.8,57722.2
2025-11-28 13:00:00,198094.2,4358.8,55876.0
2025-11-28 14:00:00,198085.0,4227.0,48751.2
2025-11-28 15:00:00,198063.0,4281.5,35770.8
2025-11-28 16:00:00,196452.5,4684.5,19489.8
2025-11-28 17:00:00,196830.0,5250.2,4879.0
2025-11-28 18:00:00,199331.0,7112.2,597.2
2025-11-28 19:00:00,189895.0,9146.2,183.5
2025-11-28 20:00:00,178088.2,10617.5,0.0
2025-11-28 21:00:00,168616.0,11750.5,0.0
2025-11-28 22:00:00,160243.0,12608.2,0.0
2025-11-28 23:00:00,153167.8,13063.2,0.0
2025-11-29 00:00:00,148449.2,13230.5,0.0
2025-11-29 01:00:00,146309.8,12712.0,0.0
2025-11-29 02:00:00,144045.2,12092.8,0.0
2025-11-29 03:00:00,143628.2,10894.8,0.0
2025-11-29 04:00:00,146671.5,9624.0,0.0
2025-11-29 05:00:00,157334.8,8335.0,337.5
2025-11-29 06:00:00,174525.2,7271.5,384.8
2025-11-29 07:00:00,190479.0,6554.2,3374.0
2025-11-29 08:00:00,197616.2,5988.8,16852.8
2025-11-29 09:00:00,206984.0,4279.0,34409.8
2025-11-29 10:00:00,211182.5,3333.5,48034.8
2025-11-29 11:00:00,207240.0,3305.5,53857.0
2025-11-29 12:00:00,201217.5,3591.5,55432.8
2025-11-29 13:00:00,194986.5,3850.2,53599.2
2025-11-29 14:00:00,195567.5,3921.8,46999.2
2025-11-29 15:00:00,195331.8,3698.8,34152.2
2025-11-29 16:00:00,192523.8,3789.0,17561.2
2025-11-29 17:00:00,194085.5,4492.2,3681.2
2025-11-29 18:00:00,196455.8,5808.5,416.0
2025-11-29 19:00:00,185949.0,7995.5,140.0
2025-11-29 20:00:00,174256.2,9495.2,0.0
2025-11-29 21:00:00,164183.5,9912.2,0.0
2025-11-29 22:00:00,156609.5,10063.0,0.0
2025-11-29 23:00:00,150101.5,10358.5,0.0
2025-11-30 00:00:00,145326.8,10049.2,0.0
2025-11-30 01:00:00,142848.0,9339.5,0.0
2025-11-30 02:00:00,140826.2,8355.8,0.0
2025-11-30 03:00:00,140653.0,7567.8,0.0
2025-11-30 04:00:00,143046.2,6627.2,0.0
2025-11-30 05:00:00,152375.0,6066.2,197.0
2025-11-30 06:00:00,165132.0,5678.2,285.2
2025-11-30 07:00:00,178363.0,5401.2,3320.2
2025-11-30 08:00:00,187024.5,4481.0,17007.2
2025-11-30 09:00:00,198045.0,3410.0,36480.2
2025-11-30 10:00:00,202896.8,2909.8,48479.5
2025-11-30 11:00:00,199095.8,3052.0,54950.2
2025-11-30 12:00:00,191602.5,3033.0,55605.5
2025-11-30 13:00:00,185430.5,2756.5,53786.5
2025-11-30 14:00:00,183843.8,2536.0,48856.0
2025-11-30 15:00:00,182422.0,2485.0,38320.8
2025-11-30 16:00:00,177966.0,2838.2,19930.5
2025-11-30 17:00:00,180721.8,3320.2,4274.2
2025-11-30 18:00:00,183855.5,4039.2,476.5
2025-11-30 19:00:00,175087.2,5080.5,187.0
2025-11-30 20:00:00,164587.8,5262.2,0.0
2025-11-30 21:00:00,155675.0,4859.8,0.0
2025-11-30 22:00:00,148946.0,4681.8,0.0
2025-11-30 23:00:00,142733.8,4429.0,0.0
2025-12-01 00:00:00,138312.8,4295.2,0.0
2025-12-01 01:00:00,136820.8,4147.8,0.0
2025-12-01 02:00:00,134911.0,3767.5,0.0
2025-12-01 03:00:00,134971.2,3363.2,0.0
2025-12-01 04:00:00,137910.8,2925.8,0.0
2025-12-01 05:00:00,150180.0,2755.8,212.5
2025-12-01 06:00:00,169964.2,2688.0,326.5
2025-12-01 07:00:00,189372.0,2982.5,3371.8
2025-12-01 08:00:00,195786.8,2913.0,18802.2
2025-12-01 09:00:00,203263.2,2426.2,40057.0
2025-12-01 10:00:00,205460.5,1937.2,53785.2
2025-12-01 11:00:00,202493.5,1765.0,59527.8
2025-12-01 12:00:00,197884.5,1685.8,61114.2
2025-12-01 13:00:00,192492.2,1521.0,59407.5
2025-12-01 14:00:00,193589.8,1396.5,51359.8
2025-12-01 15:00:00,195217.8,1485.2,40178.8
2025-12-01 16:00:00,192979.0,1760.0,21974.2
2025-12-01 17:00:00,194199.8,2396.5,4689.2
2025-12-01 18:00:00,196175.8,3382.8,617.2
2025-12-01 19:00:00,187121.0,3945.5,172.0
2025-12-01 20:00:00,174922.2,3972.8,0.0
2025-12-01 21:00:00,165721.5,4008.8,0.0
2025-12-01 22:00:00,157034.8,3994.2,0.0
2025-12-01 23:00:00,149838.8,3922.0,0.0
2025-12-02 00:00:00,145108.5,3653.5,0.0
2025-12-02 01:00:00,143089.0,3246.2,0.0
2025-12-02 02:00:00,141018.0,3002.2,0.0
2025-12-02 03:00:00,141144.5,2635.5,0.0
2025-12-02 04:00:00,144920.5,2141.8,0.0
2025-12-02 05:00:00,155873.5,1915.2,224.2
2025-12-02 06:00:00,175465.2,1911.2,376.8
2025-12-02 07:00:00,194056.0,1972.2,4418.2
2025-12-02 08:00:00,200987.0,2083.8,22503.5
2025-12-02 09:00:00,209889.2,1790.2,45001.2
2025-12-02 10:00:00,212904.2,1656.0,57113.2
2025-12-02 11:00:00,209577.2,1619.2,62394.0
2025-12-02 12:00:00,205137.8,1705.8,63865.2
2025-12-02 13:00:00,196880.2,1643.2,61173.5
2025-12-02 14:00:00,198678.0,1541.2,54287.5
2025-12-02 15:00:00,200423.2,1571.5,42402.2
2025-12-02 16:00:00,195948.0,1813.8,22925.0
2025-12-02 17:00:00,196081.2,2433.5,4752.8
2025-12-02 18:00:00,198085.0,3427.0,450.0
2025-12-02 19:00:00,190198.0,4480.5,182.2
2025-12-02 20:00:00,177999.5,5092.2,0.0
2025-12-02 21:00:00,168174.0,5888.2,0.0
2025-12-02 22:00:00,159871.2,6786.5,0.0
2025-12-02 23:00:00,152776.2,7264.5,0.0
2025-12-03 00:00:00,147908.8,7732.0,0.0
2025-12-03 01:00:00,145280.0,7875.2,0.0
2025-12-03 02:00:00,143243.8,8079.2,0.0
2025-12-03 03:00:00,142815.2,7776.2,0.0
2025-12-03 04:00:00,146638.2,7721.2,0.0
2025-12-03 05:00:00,157608.5,7816.8,213.2
2025-12-03 06:00:00,176758.8,7930.2,356.0
2025-12-03 07:00:00,195714.5,8571.2,3041.5
2025-12-03 08:00:00,203035.0,8078.8,18259.2
2025-12-03 09:00:00,212287.5,6467.0,39641.2
2025-12-03 10:00:00,214299.2,5174.0,51306.8
2025-12-03 11:00:00,209544.0,5113.2,55514.5
2025-12-03 12:00:00,204294.0,5013.0,58595.2
2025-12-03 13:00:00,198104.8,4618.0,56998.2
2025-12-03 14:00:00,198668.5,3993.5,49881.0
2025-12-03 15:00:00,198641.5,3762.8,37149.0
2025-12-03 16:00:00,195380.8,3850.0,21266.2
2025-12-03 17:00:00,195810.2,4405.5,4981.8
2025-12-03 18:00:00,198696.2,6301.5,425.5
2025-12-03 19:00:00,192075.5,8452.8,124.8
2025-12-03 20:00:00,179243.5,9640.2,0.0
2025-12-03 21:00:00,169403.5,10448.8,0.0
2025-12-03 22:00:00,161012.8,11262.5,0.0
2025-12-03 23:00:00,153086.2,11485.5,0.0
2025-12-04 00:00:00,148193.0,11583.2,0.0
2025-12-04 01:00:00,146201.8,11545.0,0.0
2025-12-04 02:00:00,144350.0,11120.2,0.0
2025-12-04 03:00:00,144438.0,10316.5,0.0
2025-12-04 04:00:00,148554.8,10186.5,0.0
2025-12-04 05:00:00,159736.0,10158.8,27.5
2025-12-04 06:00:00,178546.0,10473.5,115.8
2025-12-04 07:00:00,196372.2,10902.8,2835.5
2025-12-04 08:00:00,202495.0,10175.2,18216.2
2025-12-04 09:00:00,210124.8,8005.8,39248.2
2025-12-04 10:00:00,213461.0,6616.8,50983.8
2025-12-04 11:00:00,209937.5,6474.5,58282.8
2025-12-04 12:00:00,202952.8,6271.8,61069.5
2025-12-04 13:00:00,195834.0,5852.5,59603.2
2025-12-04 14:00:00,197143.5,5342.0,53505.5
2025-12-04 15:00:00,199703.0,4971.8,43846.0
2025-12-04 16:00:00,196467.5,4864.2,24852.2
2025-12-04 17:00:00,196661.5,5222.0,7061.0
2025-12-04 18:00:00,198812.0,6735.5,2358.2
2025-12-04 19:00:00,191100.2,8495.2,1114.2
2025-12-04 20:00:00,178885.5,9577.8,0.0
2025-12-04 21:00:00,168886.0,10150.2,0.0
2025-12-04 22:00:00,160347.2,10756.2,0.0
2025-12-04 23:00:00,153817.0,10913.8,0.0
2025-12-05 00:00:00,149312.0,11114.8,0.0
2025-12-05 01:00:00,146882.2,10759.2,0.0
2025-12-05 02:00:00,144613.2,10171.2,0.0
2025-12-05 03:00:00,144850.8,9323.2,0.0
2025-12-05 04:00:00,148239.2,8976.2,0.0
2025-12-05 05:00:00,159388.2,8780.8,68.8
2025-12-05 06:00:00,179171.5,8932.0,1702.2
2025-12-05 07:00:00,197690.8,8933.2,5092.8
2025-12-05 08:00:00,205429.0,8621.8,21560.2
2025-12-05 09:00:00,214097.5,7895.8,42501.5
2025-12-05 10:00:00,217213.0,6671.8,54488.2
2025-12-05 11:00:00,214023.8,6377.0,60282.5
2025-12-05 12:00:00,208396.8,6411.8,61545.8
2025-12-05 13:00:00,200086.2,6601.8,59088.2
2025-12-05 14:00:00,200350.0,6354.0,55633.8
2025-12-05 15:00:00,200281.8,6627.8,45347.2
2025-12-05 16:00:00,197504.0,7258.0,25399.0
2025-12-05 17:00:00,198465.0,7605.5,6798.5
2025-12-05 18:00:00,200557.0,8783.0,2528.2
2025-12-05 19:00:00,191742.8,10200.2,1126.5
2025-12-05 20:00:00,179047.8,11536.0,0.0
2025-12-05 21:00:00,168366.8,12477.0,0.0
2025-12-05 22:00:00,159514.8,12857.5,0.0
2025-12-05 23:00:00,152863.8,13034.2,0.0
2025-12-06 00:00:00,147923.0,13050.8,0.0
2025-12-06 01:00:00,145711.0,12439.8,0.0
2025-12-06 02:00:00,143405.0,11958.5,0.0
2025-12-06 03:00:00,143510.5,10966.8,0.0
2025-12-06 04:00:00,146864.5,10826.8,0.0
2025-12-06 05:00:00,157828.5,11218.8,85.0
2025-12-06 06:00:00,175429.8,11163.5,1694.5
2025-12-06 07:00:00,193321.2,11203.2,5686.2
2025-12-06 08:00:00,201075.2,10572.5,21310.2
2025-12-06 09:00:00,209702.0,8571.5,40968.2
2025-12-06 10:00:00,212395.2,6842.5,53124.5
2025-12-06 11:00:00,209470.0,6000.0,60042.2
2025-12-06 12:00:00,204236.8,5281.0,61790.0
2025-12-06 13:00:00,195143.2,4963.8,57056.8
2025-12-06 14:00:00,195313.5,4739.8,49300.2
2025-12-06 15:00:00,196627.8,4667.8,35925.5
2025-12-06 16:00:00,195014.2,4321.5,20075.5
2025-12-06 17:00:00,196932.8,4416.8,6684.0
2025-12-06 18:00:00,199694.2,5695.0,2496.0
2025-12-06 19:00:00,191639.0,7352.8,1137.2
2025-12-06 20:00:00,178979.2,8731.5,0.0
2025-12-06 21:00:00,168142.5,9914.5,0.0
2025-12-06 22:00:00,159177.0,9930.0,0.0
2025-12-06 23:00:00,152177.2,9852.8,0.0
2025-12-07 00:00:00,147461.8,9580.0,0.0
2025-12-07 01:00:00,144961.0,9569.0,0.0
2025-12-07 02:00:00,142537.0,9509.0,0.0
2025-12-07 03:00:00,142566.5,9826.0,0.0
2025-12-07 04:00:00,145596.2,9603.5,0.0
2025-12-07 05:00:00,154207.2,9369.0,150.5
2025-12-07 06:00:00,166945.0,8973.8,1322.8
2025-12-07 07:00:00,179989.5,8579.2,5074.5
2025-12-07 08:00:00,192422.8,7967.0,21975.2
2025-12-07 09:00:00,202702.8,6397.5,43662.8
2025-12-07 10:00:00,206082.0,5130.8,54437.8
2025-12-07 11:00:00,205553.5,4481.0,61093.2
2025-12-07 12:00:00,200896.8,3882.8,64416.0
2025-12-07 13:00:00,192776.8,3671.2,62967.0
2025-12-07 14:00:00,188538.0,3333.5,57007.8
2025-12-07 15:00:00,185982.0,3406.8,45478.5
2025-12-07 16:00:00,181906.0,3640.8,26376.0
2025-12-07 17:00:00,184390.0,4119.0,6074.2
2025-12-07 18:00:00,188726.8,5654.8,916.5
2025-12-07 19:00:00,180008.2,7505.5,325.0
2025-12-07 20:00:00,169526.0,8757.0,0.0
2025-12-07 21:00:00,159968.5,9609.0,0.0
2025-12-07 22:00:00,151375.0,9337.5,0.0
2025-12-07 23:00:00,144883.0,8962.5,0.0
2025-12-08 00:00:00,140650.2,8634.5,0.0
2025-12-08 01:00:00,138664.8,7768.0,0.0
2025-12-08 02:00:00,136456.8,6736.5,0.0
2025-12-08 03:00:00,136673.0,5706.2,0.0
2025-12-08 04:00:00,141290.0,5057.2,0.0
2025-12-08 05:00:00,153300.0,4963.5,137.2
2025-12-08 06:00:00,174620.2,5234.5,506.0
2025-12-08 07:00:00,194802.0,5395.0,4336.8
2025-12-08 08:00:00,202504.8,5295.2,22974.0
2025-12-08 09:00:00,211574.2,4856.0,48635.2
2025-12-08 10:00:00,215321.5,3972.8,62980.2
2025-12-08 11:00:00,212774.8,3915.0,68909.0
2025-12-08 12:00:00,207066.8,4146.8,70929.0
2025-12-08 13:00:00,198956.0,4445.2,68290.0
2025-12-08 14:00:00,199429.8,4492.5,62297.5
2025-12-08 15:00:00,201479.2,4902.2,50920.2
2025-12-08 16:00:00,199946.2,5273.5,29468.5
2025-12-08 17:00:00,200573.8,5765.2,8802.8
2025-12-08 18:00:00,204092.8,7735.2,902.2
2025-12-08 19:00:00,196657.0,10162.5,288.8
2025-12-08 20:00:00,182857.2,11895.0,0.0
2025-12-08 21:00:00,171278.5,12575.5,0.0
2025-12-08 22:00:00,161609.2,12886.2,0.0
2025-12-08 23:00:00,154052.2,12420.8,0.0
2025-12-09 00:00:00,149073.8,11400.0,0.0
2025-12-09 01:00:00,146320.8,10689.8,0.0
2025-12-09 02:00:00,144206.8,10420.5,0.0
2025-12-09 03:00:00,144461.5,10042.5,0.0
2025-12-09 04:00:00,148459.5,9184.0,0.0
2025-12-09 05:00:00,160488.5,8595.5,132.0
2025-12-09 06:00:00,182171.8,8183.2,264.8
2025-12-09 07:00:00,203247.0,8059.0,4220.2
2025-12-09 08:00:00,209573.2,7723.8,24167.5
2025-12-09 09:00:00,216999.0,6134.2,46997.5
2025-12-09 10:00:00,219655.2,5004.0,61198.0
2025-12-09 11:00:00,215921.0,5313.2,66881.5
2025-12-09 12:00:00,210326.5,5908.2,69429.5
2025-12-09 13:00:00,202087.5,5636.2,67795.2
2025-12-09 14:00:00,202458.5,5368.5,62088.0
2025-12-09 15:00:00,203892.5,5205.2,50331.2
2025-12-09 16:00:00,202501.2,5342.2,29768.5
2025-12-09 17:00:00,203409.8,5724.5,7341.0
2025-12-09 18:00:00,206554.2,7472.0,966.8
2025-12-09 19:00:00,198564.2,9730.2,338.2
2025-12-09 20:00:00,184563.0,10930.2,0.0
2025-12-09 21:00:00,172620.8,11304.2,0.0
2025-12-09 22:00:00,162694.8,11223.0,0.0
2025-12-09 23:00:00,153943.0,11074.5,0.0
2025-12-10 00:00:00,149795.0,10973.5,0.0
2025-12-10 01:00:00,147472.2,10438.2,0.0
2025-12-10 02:00:00,145547.2,9738.0,0.0
2025-12-10 03:00:00,145488.8,9060.0,0.0
2025-12-10 04:00:00,149418.8,8203.2,0.0
2025-12-10 05:00:00,161732.2,7755.2,101.8
2025-12-10 06:00:00,183806.8,7955.8,380.5
2025-12-10 07:00:00,204606.5,8127.8,4256.8
2025-12-10 08:00:00,211729.0,7719.8,24029.2
2025-12-10 09:00:00,218842.0,6421.0,48110.5
2025-12-10 10:00:00,221974.8,5872.8,60559.2
2025-12-10 11:00:00,218693.5,5679.0,66122.0
2025-12-10 12:00:00,211919.8,5591.0,67652.5
2025-12-10 13:00:00,203185.0,5638.0,66036.5
2025-12-10 14:00:00,203347.5,5372.2,62026.2
2025-12-10 15:00:00,205703.2,4613.5,52084.0
2025-12-10 16:00:00,203914.5,4182.8,30863.0
2025-12-10 17:00:00,203065.5,4110.0,6866.2
2025-12-10 18:00:00,206920.0,4939.0,433.5
2025-12-10 19:00:00,198307.5,5985.8,79.8
2025-12-10 20:00:00,184949.2,6573.8,0.0
2025-12-10 21:00:00,173277.5,6994.5,0.0
2025-12-10 22:00:00,163631.0,7745.5,0.0
2025-12-10 23:00:00,156140.8,8373.2,0.0
2025-12-11 00:00:00,151117.0,8548.0,0.0
2025-12-11 01:00:00,148446.2,8450.5,0.0
2025-12-11 02:00:00,146006.0,8142.2,0.0
2025-12-11 03:00:00,146981.8,7851.5,0.0
2025-12-11 04:00:00,151245.0,7420.5,0.0
2025-12-11 05:00:00,162690.8,6632.5,79.8
2025-12-11 06:00:00,184360.8,5941.8,178.0
2025-12-11 07:00:00,204857.5,5549.8,4130.5
2025-12-11 08:00:00,210686.2,4853.5,24608.0
2025-12-11 09:00:00,218044.8,4410.5,50560.0
2025-12-11 10:00:00,219360.0,4812.8,63729.5
2025-12-11 11:00:00,216328.5,4620.5,69398.5
2025-12-11 12:00:00,209667.0,4100.5,70912.0
2025-12-11 13:00:00,202267.5,3684.2,68918.0
2025-12-11 14:00:00,202278.0,3517.8,63353.2
2025-12-11 15:00:00,203629.8,3340.0,52552.2
2025-12-11 16:00:00,202535.8,3191.0,30808.2
2025-12-11 17:00:00,204272.8,3053.8,7080.2
2025-12-11 18:00:00,207487.5,4170.5,865.5
2025-12-11 19:00:00,199004.8,4936.0,298.2
2025-12-11 20:00:00,184926.8,5345.0,0.0
2025-12-11 21:00:00,173511.8,5335.0,0.0
2025-12-11 22:00:00,163486.2,5730.8,0.0
2025-12-11 23:00:00,155450.5,6109.8,0.0
2025-12-12 00:00:00,150386.5,6185.8,0.0
2025-12-12 01:00:00,148169.5,5947.0,0.0
2025-12-12 02:00:00,145541.2,5714.2,0.0
2025-12-12 03:00:00,146252.8,5214.0,0.0
2025-12-12 04:00:00,150382.2,4940.0,0.0
2025-12-12 05:00:00,162631.0,4547.8,37.5
2025-12-12 06:00:00,184722.8,4556.8,134.5
2025-12-12 07:00:00,206588.5,4737.0,3854.2
2025-12-12 08:00:00,213617.5,4791.5,23692.2
2025-12-12 09:00:00,220856.0,4041.2,48691.0
2025-12-12 10:00:00,222617.5,3195.8,61048.5
2025-12-12 11:00:00,218679.8,2860.2,67254.2
2025-12-12 12:00:00,214637.2,2324.2,68652.5
2025-12-12 13:00:00,206254.0,1764.0,67379.8
2025-12-12 14:00:00,205437.0,1512.5,60363.2
2025-12-12 15:00:00,205488.0,1507.0,48811.8
2025-12-12 16:00:00,204008.0,1449.8,29996.5
2025-12-12 17:00:00,204441.8,1741.8,6843.0
2025-12-12 18:00:00,205972.2,2597.0,985.8
2025-12-12 19:00:00,196557.2,3462.0,407.5
2025-12-12 20:00:00,182415.2,4112.0,0.0
2025-12-12 21:00:00,171812.8,4665.0,0.0
2025-12-12 22:00:00,163144.8,4936.8,0.0
2025-12-12 23:00:00,155792.0,4930.2,0.0
2025-12-13 00:00:00,150740.2,4726.8,0.0
2025-12-13 01:00:00,148733.5,4375.2,0.0
2025-12-13 02:00:00,146546.8,3975.2,0.0
2025-12-13 03:00:00,146966.0,3766.2,0.0
2025-12-13 04:00:00,150490.8,3687.0,0.0
2025-12-13 05:00:00,161695.5,3484.5,49.2
2025-12-13 06:00:00,180674.5,3361.0,427.5
2025-12-13 07:00:00,199997.5,3377.8,4169.8
2025-12-13 08:00:00,209014.8,3422.0,23103.8
2025-12-13 09:00:00,218343.8,3013.5,45844.8
2025-12-13 10:00:00,220586.8,2648.5,58729.8
2025-12-13 11:00:00,218049.8,2938.0,65546.5
2025-12-13 12:00:00,212044.0,2749.0,67313.0
2025-12-13 13:00:00,205518.8,2465.0,65533.0
2025-12-13 14:00:00,206283.0,2059.8,59248.2
2025-12-13 15:00:00,205920.2,1801.0,47727.2
2025-12-13 16:00:00,203757.5,1802.2,28215.5
2025-12-13 17:00:00,204874.8,2235.2,7343.8
2025-12-13 18:00:00,207434.5,3798.8,763.2
2025-12-13 19:00:00,197540.5,5304.0,230.2
2025-12-13 20:00:00,183550.5,6011.5,0.0
2025-12-13 21:00:00,172133.8,6119.2,0.0
2025-12-13 22:00:00,162483.8,6493.2,0.0
2025-12-13 23:00:00,155222.5,7054.8,0.0
2025-12-14 00:00:00,149764.5,7091.5,0.0
2025-12-14 01:00:00,147170.5,7234.0,0.0
2025-12-14 02:00:00,145501.8,7163.0,0.0
2025-12-14 03:00:00,145368.0,7164.2,0.0
2025-12-14 04:00:00,147688.0,7231.8,0.0
2025-12-14 05:00:00,157436.0,7205.2,0.0
2025-12-14 06:00:00,172329.2,6894.8,312.0
2025-12-14 07:00:00,188881.5,6576.0,4271.2
2025-12-14 08:00:00,198536.0,6273.8,22945.8
2025-12-14 09:00:00,209121.2,5669.0,45279.8
2025-12-14 10:00:00,212776.0,5134.5,58807.8
2025-12-14 11:00:00,210056.2,4511.8,64205.5
2025-12-14 12:00:00,205631.0,3343.8,65972.2
2025-12-14 13:00:00,198450.0,2493.0,63941.0
2025-12-14 14:00:00,194053.0,2157.5,57325.5
2025-12-14 15:00:00,192099.5,2015.5,45686.2
2025-12-14 16:00:00,189751.0,2050.2,27097.0
2025-12-14 17:00:00,190574.5,2563.0,6783.0
2025-12-14 18:00:00,193170.2,4519.5,618.0
2025-12-14 19:00:00,184191.5,6476.8,230.2
2025-12-14 20:00:00,173752.0,7625.8,0.0
2025-12-14 21:00:00,163722.0,8480.8,0.0
2025-12-14 22:00:00,154354.5,8841.5,0.0
2025-12-14 23:00:00,146885.8,9172.2,0.0
2025-12-15 00:00:00,142605.2,9312.2,0.0
2025-12-15 01:00:00,140629.0,9021.5,0.0
2025-12-15 02:00:00,138886.0,8839.8,0.0
2025-12-15 03:00:00,139230.5,8506.2,0.0
2025-12-15 04:00:00,142778.5,8192.2,0.0
2025-12-15 05:00:00,153992.5,7891.8,28.2
2025-12-15 06:00:00,176225.2,7544.5,424.0
2025-12-15 07:00:00,198853.8,7477.2,3999.8
2025-12-15 08:00:00,208140.0,6995.0,19562.8
2025-12-15 09:00:00,216285.0,5822.8,41164.2
2025-12-15 10:00:00,219574.8,4572.0,58320.0
2025-12-15 11:00:00,217395.5,3966.5,68097.2
2025-12-15 12:00:00,211941.0,3717.0,70746.5
2025-12-15 13:00:00,204864.2,3615.8,69157.2
2025-12-15 14:00:00,205416.2,3525.5,62534.0
2025-12-15 15:00:00,206094.0,3438.5,50927.8
2025-12-15 16:00:00,204911.0,3646.2,30508.2
2025-12-15 17:00:00,205261.8,4120.8,6846.8
2025-12-15 18:00:00,207571.2,6173.0,551.5
2025-12-15 19:00:00,198603.5,8931.0,145.2
2025-12-15 20:00:00,185507.8,11009.0,0.0
2025-12-15 21:00:00,173481.5,12351.5,0.0
2025-12-15 22:00:00,162800.5,13026.5,0.0
2025-12-15 23:00:00,154923.2,13532.0,0.0
2025-12-16 00:00:00,149141.0,13534.5,0.0
2025-12-16 01:00:00,146873.5,13265.2,0.0
2025-12-16 02:00:00,144864.8,12394.2,0.0
2025-12-16 03:00:00,145383.8,11335.8,0.0
2025-12-16 04:00:00,149176.0,11143.5,0.0
2025-12-16 05:00:00,161241.0,11838.0,114.8
2025-12-16 06:00:00,183091.0,12488.2,234.5
2025-12-16 07:00:00,204435.5,12304.2,2853.2
2025-12-16 08:00:00,212165.2,11413.5,16780.0
2025-12-16 09:00:00,221140.8,9328.5,37746.8
2025-12-16 10:00:00,223148.8,7990.2,52442.0
2025-12-16 11:00:00,219811.2,7457.5,61723.2
2025-12-16 12:00:00,212404.2,6352.0,64270.5
2025-12-16 13:00:00,204943.5,6464.2,62149.5
2025-12-16 14:00:00,206686.8,6524.0,56301.5
2025-12-16 15:00:00,207334.0,6685.0,46140.8
2025-12-16 16:00:00,205722.0,6406.8,28020.5
2025-12-16 17:00:00,206494.8,6186.5,6144.2
2025-12-16 18:00:00,207967.8,6953.0,361.8
2025-12-16 19:00:00,200323.5,8267.0,94.0
2025-12-16 20:00:00,187021.2,9268.0,0.0
2025-12-16 21:00:00,175191.2,9979.2,0.0
2025-12-16 22:00:00,164690.0,10431.2,0.0
2025-12-16 23:00:00,156977.2,10501.0,0.0
2025-12-17 00:00:00,151193.0,10463.2,0.0
2025-12-17 01:00:00,148585.5,9937.8,0.0
2025-12-17 02:00:00,146761.5,9141.8,0.0
2025-12-17 03:00:00,147227.0,8317.2,0.0
2025-12-17 04:00:00,151153.5,7891.2,0.0
2025-12-17 05:00:00,163624.2,7836.2,58.0
2025-12-17 06:00:00,185618.2,7865.2,134.5
2025-12-17 07:00:00,206476.5,7990.0,2708.5
2025-12-17 08:00:00,214085.2,7947.8,18061.0
2025-12-17 09:00:00,222929.2,6829.2,41422.5
2025-12-17 10:00:00,225826.5,5438.0,56556.8
2025-12-17 11:00:00,220855.2,4300.8,63746.2
2025-12-17 12:00:00,214518.0,3876.0,66328.2
2025-12-17 13:00:00,206826.0,3740.0,65327.0
2025-12-17 14:00:00,207138.0,3389.2,60736.2
2025-12-17 15:00:00,208454.0,3213.8,50353.2
2025-12-17 16:00:00,207246.8,3313.0,30802.0
2025-12-17 17:00:00,207305.2,3937.0,7426.0
2025-12-17 18:00:00,209205.2,5372.0,427.2
2025-12-17 19:00:00,203493.5,6902.2,132.8
2025-12-17 20:00:00,189708.2,7969.0,0.0
2025-12-17 21:00:00,177670.5,8211.5,0.0
2025-12-17 22:00:00,167370.8,8119.0,0.0
2025-12-17 23:00:00,158833.8,8416.2,0.0
2025-12-18 00:00:00,152454.8,8077.0,0.0
2025-12-18 01:00:00,149510.0,7694.5,0.0
2025-12-18 02:00:00,146865.5,7123.5,0.0
2025-12-18 03:00:00,147256.5,6616.2,0.0
2025-12-18 04:00:00,150628.0,6530.2,0.0
2025-12-18 05:00:00,161828.5,6392.8,114.0
2025-12-18 06:00:00,184097.8,6503.2,203.8
2025-12-18 07:00:00,205333.5,6649.0,3711.0
2025-12-18 08:00:00,213642.2,6395.0,22035.0
2025-12-18 09:00:00,222812.8,5804.5,43751.2
2025-12-18 10:00:00,225845.5,5504.0,58024.8
2025-12-18 11:00:00,222425.0,5443.8,65815.8
2025-12-18 12:00:00,215940.5,4993.8,67475.0
2025-12-18 13:00:00,206766.0,4886.0,65820.8
2025-12-18 14:00:00,206036.8,4843.2,59589.2
2025-12-18 15:00:00,208273.0,4566.8,46325.0
2025-12-18 16:00:00,208447.5,4063.8,27232.8
2025-12-18 17:00:00,207705.5,3907.2,6684.5
2025-12-18 18:00:00,207868.5,4963.8,483.8
2025-12-18 19:00:00,203057.2,5969.0,82.2
2025-12-18 20:00:00,190602.8,6772.5,0.0
2025-12-18 21:00:00,178006.5,7114.2,0.0
2025-12-18 22:00:00,168354.8,7404.8,0.0
2025-12-18 23:00:00,159386.5,7342.2,0.0
2025-12-19 00:00:00,152892.0,6680.2,0.0
2025-12-19 01:00:00,150580.8,6082.0,0.0
2025-12-19 02:00:00,148444.0,5963.0,0.0
2025-12-19 03:00:00,148872.8,6185.8,0.0
2025-12-19 04:00:00,153329.5,6016.5,0.0
2025-12-19 05:00:00,165399.0,6112.0,80.0
2025-12-19 06:00:00,186995.2,6510.0,166.5
2025-12-19 07:00:00,206966.8,6419.2,3261.2
2025-12-19 08:00:00,217080.0,6086.8,21474.5
2025-12-19 09:00:00,227011.2,5352.2,46251.2
2025-12-19 10:00:00,228395.2,5462.5,60225.5
2025-12-19 11:00:00,225344.5,5721.5,67289.0
2025-12-19 12:00:00,220531.5,5337.8,69963.5
2025-12-19 13:00:00,212263.5,4640.5,68628.2
2025-12-19 14:00:00,211151.5,4102.8,63011.5
2025-12-19 15:00:00,210233.0,3590.2,51457.2
2025-12-19 16:00:00,208746.5,3182.8,30636.0
2025-12-19 17:00:00,207445.5,3020.0,7578.5
2025-12-19 18:00:00,207331.8,3544.5,682.8
2025-12-19 19:00:00,202504.5,4026.0,118.2
2025-12-19 20:00:00,190424.0,4121.5,0.0
2025-12-19 21:00:00,179067.8,3737.5,0.0
2025-12-19 22:00:00,168699.2,3497.0,0.0
2025-12-19 23:00:00,159799.0,3514.5,0.0
2025-12-20 00:00:00,153490.2,3524.2,0.0
2025-12-20 01:00:00,150635.8,3057.2,0.0
2025-12-20 02:00:00,148195.0,2607.0,0.0
2025-12-20 03:00:00,149114.0,2137.8,0.0
2025-12-20 04:00:00,152692.5,1839.2,0.0
2025-12-20 05:00:00,163878.0,1807.8,73.2
2025-12-20 06:00:00,183853.5,2138.8,214.2
2025-12-20 07:00:00,203256.5,2640.8,3355.5
2025-12-20 08:00:00,215491.2,2745.0,21730.0
2025-12-20 09:00:00,225069.8,2493.0,46756.2
2025-12-20 10:00:00,226293.8,3501.0,58793.0
2025-12-20 11:00:00,223028.5,4024.5,65627.8
2025-12-20 12:00:00,218996.2,3699.2,68104.2
2025-12-20 13:00:00,211419.0,3417.0,66078.0
2025-12-20 14:00:00,210309.0,2852.2,60287.8
2025-12-20 15:00:00,212560.2,2578.5,49313.8
2025-12-20 16:00:00,210698.8,2378.5,30053.8
2025-12-20 17:00:00,207236.8,2491.2,7416.2
2025-12-20 18:00:00,207568.5,3264.5,570.5
2025-12-20 19:00:00,202706.2,4083.5,63.5
2025-12-20 20:00:00,191859.2,4248.5,0.0
2025-12-20 21:00:00,179437.0,4588.2,0.0
2025-12-20 22:00:00,168449.0,4779.2,0.0
2025-12-20 23:00:00,159765.8,4863.5,0.0
2025-12-21 00:00:00,153376.8,4945.8,0.0
2025-12-21 01:00:00,150544.8,5006.0,0.0
2025-12-21 02:00:00,147344.0,4484.8,0.0
2025-12-21 03:00:00,147469.8,4189.5,0.0
2025-12-21 04:00:00,151805.2,4294.0,0.0
2025-12-21 05:00:00,161151.5,4317.5,25.8
2025-12-21 06:00:00,176132.8,4306.8,130.2
2025-12-21 07:00:00,192941.5,4426.2,2966.8
2025-12-21 08:00:00,206776.8,4155.8,18355.5
2025-12-21 09:00:00,221486.5,3664.5,40944.0
2025-12-21 10:00:00,225943.8,4354.5,55423.8
2025-12-21 11:00:00,223434.8,3818.5,62726.8
2025-12-21 12:00:00,218128.0,3423.0,65448.5
2025-12-21 13:00:00,210510.2,3088.5,63108.2
2025-12-21 14:00:00,205444.2,2876.2,55961.8
2025-12-21 15:00:00,201696.0,2701.0,43720.2
2025-12-21 16:00:00,196120.2,2630.8,25164.5
2025-12-21 17:00:00,196745.5,3004.0,6555.0
2025-12-21 18:00:00,198756.0,3987.8,422.8
2025-12-21 19:00:00,191546.8,5822.8,68.5
2025-12-21 20:00:00,179414.5,7065.0,0.0
2025-12-21 21:00:00,168630.2,7624.0,0.0
2025-12-21 22:00:00,159502.5,7702.0,0.0
2025-12-21 23:00:00,151708.5,7366.0,0.0
2025-12-22 00:00:00,145990.2,6729.2,0.0
2025-12-22 01:00:00,143563.2,6056.8,0.0
2025-12-22 02:00:00,141648.0,5594.2,0.0
2025-12-22 03:00:00,142581.0,5431.8,0.0
2025-12-22 04:00:00,147701.2,5443.8,0.0
2025-12-22 05:00:00,159002.2,5107.5,63.5
2025-12-22 06:00:00,181038.0,4984.0,95.8
2025-12-22 07:00:00,204870.2,5016.0,2531.5
2025-12-22 08:00:00,215173.2,4942.0,14895.8
2025-12-22 09:00:00,225915.8,4494.0,32944.8
2025-12-22 10:00:00,229844.8,5008.0,49737.0
2025-12-22 11:00:00,228268.8,5134.0,59590.2
2025-12-22 12:00:00,222147.0,4674.8,63845.2
2025-12-22 13:00:00,213342.8,4389.8,64876.8
2025-12-22 14:00:00,212322.0,4108.2,58733.0
2025-12-22 15:00:00,211641.5,3893.5,46976.0
2025-12-22 16:00:00,208511.5,3807.8,26926.8
2025-12-22 17:00:00,207894.8,3747.2,6179.0
2025-12-22 18:00:00,209394.0,4532.0,355.0
2025-12-22 19:00:00,203177.5,6151.0,75.0
2025-12-22 20:00:00,191029.0,7535.8,0.0
2025-12-22 21:00:00,178586.8,8405.5,0.0
2025-12-22 22:00:00,167968.0,8964.0,0.0
2025-12-22 23:00:00,159452.2,9383.5,0.0
2025-12-23 00:00:00,153455.2,9308.2,0.0
2025-12-23 01:00:00,150296.2,8893.2,0.0
2025-12-23 02:00:00,147492.0,8319.0,0.0
2025-12-23 03:00:00,147849.2,7821.8,0.0
2025-12-23 04:00:00,152579.5,7513.0,0.0
2025-12-23 05:00:00,163970.0,7199.8,38.5
2025-12-23 06:00:00,184494.0,7076.0,140.8
2025-12-23 07:00:00,206076.5,6858.2,2843.8
2025-12-23 08:00:00,215533.5,6889.0,15497.0
2025-12-23 09:00:00,227280.5,5395.0,33718.5
2025-12-23 10:00:00,230333.8,4266.2,49447.8
2025-12-23 11:00:00,227951.2,4334.5,60830.2
2025-12-23 12:00:00,221246.5,4529.5,68656.0
2025-12-23 13:00:00,212410.5,4659.5,68229.8
2025-12-23 14:00:00,212517.0,4319.5,62772.5
2025-12-23 15:00:00,213245.8,3941.8,51423.0
2025-12-23 16:00:00,209773.0,3674.5,29916.5
2025-12-23 17:00:00,209418.8,4008.5,7143.5
2025-12-23 18:00:00,211267.5,5624.2,413.5
2025-12-23 19:00:00,205644.2,7318.0,77.0
2025-12-23 20:00:00,192544.8,8583.8,0.0
2025-12-23 21:00:00,180403.5,8726.5,0.0
2025-12-23 22:00:00,169749.5,8633.5,0.0
2025-12-23 23:00:00,160838.2,9075.5,0.0
2025-12-24 00:00:00,154863.2,9360.8,0.0
2025-12-24 01:00:00,152380.8,9264.2,0.0
2025-12-24 02:00:00,150702.0,8776.5,0.0
2025-12-24 03:00:00,151225.2,8283.5,0.0
2025-12-24 04:00:00,154914.8,8216.0,0.0
2025-12-24 05:00:00,166898.2,8342.0,12.8
2025-12-24 06:00:00,186423.2,8708.8,155.5
2025-12-24 07:00:00,207563.5,8652.8,3043.2
2025-12-24 08:00:00,219237.5,7902.0,20496.5
2025-12-24 09:00:00,231734.8,5664.2,46148.8
2025-12-24 10:00:00,235386.0,4704.2,61257.0
2025-12-24 11:00:00,232091.2,3875.0,68157.5
2025-12-24 12:00:00,226403.0,3288.0,70988.2
2025-12-24 13:00:00,215999.8,3064.2,70241.2
2025-12-24 14:00:00,213698.2,2712.2,64628.8
2025-12-24 15:00:00,213338.0,2517.8,53401.8
2025-12-24 16:00:00,210093.5,2422.2,32484.5
2025-12-24 17:00:00,207600.0,2758.0,7776.2
2025-12-24 18:00:00,211132.0,4133.5,456.0
2025-12-24 19:00:00,205110.5,5822.0,74.2
2025-12-24 20:00:00,191903.0,7470.8,0.0
2025-12-24 21:00:00,179600.8,8103.5,0.0
2025-12-24 22:00:00,169292.5,7754.0,0.0
2025-12-24 23:00:00,161779.2,7694.8,0.0
2025-12-25 00:00:00,155989.5,7220.0,0.0
2025-12-25 01:00:00,153829.5,6803.5,0.0
2025-12-25 02:00:00,151837.5,6624.2,0.0
2025-12-25 03:00:00,151747.2,6299.5,0.0
2025-12-25 04:00:00,155504.2,5930.0,0.0
2025-12-25 05:00:00,165849.0,5890.2,41.5
2025-12-25 06:00:00,182276.5,5631.2,165.0
2025-12-25 07:00:00,201857.5,5513.2,3011.2
2025-12-25 08:00:00,215713.8,5246.0,20884.5
2025-12-25 09:00:00,229851.8,4453.8,47277.5
2025-12-25 10:00:00,235113.2,4054.8,62709.8
2025-12-25 11:00:00,230650.2,3247.2,69498.5
2025-12-25 12:00:00,222897.5,2499.8,72020.8
2025-12-25 13:00:00,212357.5,2244.8,69779.0
2025-12-25 14:00:00,210456.0,1550.0,63444.8
2025-12-25 15:00:00,210801.0,1088.5,50807.0
2025-12-25 16:00:00,208768.8,1171.8,30762.8
2025-12-25 17:00:00,208260.5,1786.2,8177.0
2025-12-25 18:00:00,211463.0,2967.0,499.0
2025-12-25 19:00:00,202137.8,4264.5,109.8
2025-12-25 20:00:00,188769.5,4981.2,0.0
2025-12-25 21:00:00,177212.8,5513.8,0.0
2025-12-25 22:00:00,167926.5,5553.8,0.0
2025-12-25 23:00:00,159428.8,5860.8,0.0
2025-12-26 00:00:00,154576.2,6001.2,0.0
2025-12-26 01:00:00,152804.8,6032.5,0.0
2025-12-26 02:00:00,150714.5,6016.5,0.0
2025-12-26 03:00:00,151069.2,5810.2,0.0
2025-12-26 04:00:00,154642.2,5457.2,0.0
2025-12-26 05:00:00,165759.2,5075.5,56.2
2025-12-26 06:00:00,183687.2,5244.0,77.2
2025-12-26 07:00:00,205956.5,5044.8,2655.8
2025-12-26 08:00:00,220754.5,4453.5,19383.8
2025-12-26 09:00:00,233772.2,3795.0,46305.2
2025-12-26 10:00:00,238176.2,3407.2,59442.0
2025-12-26 11:00:00,234592.0,3012.2,66156.8
2025-12-26 12:00:00,228274.2,2450.0,68886.0
2025-12-26 13:00:00,218526.2,2376.0,67888.5
2025-12-26 14:00:00,215147.2,2367.0,61274.0
2025-12-26 15:00:00,214382.8,2306.8,50925.8
2025-12-26 16:00:00,210927.2,2376.0,31957.5
2025-12-26 17:00:00,210531.0,3080.2,7865.5
2025-12-26 18:00:00,212880.8,4476.8,323.8
2025-12-26 19:00:00,204490.8,5949.5,71.5
2025-12-26 20:00:00,190614.8,6946.0,0.0
2025-12-26 21:00:00,179247.8,7433.0,0.0
2025-12-26 22:00:00,169210.8,7922.5,0.0
2025-12-26 23:00:00,161261.5,7871.5,0.0
2025-12-27 00:00:00,156130.0,7351.5,0.0
2025-12-27 01:00:00,154416.2,6756.5,0.0
2025-12-27 02:00:00,152174.2,6309.0,0.0
2025-12-27 03:00:00,152309.8,6393.2,0.0
2025-12-27 04:00:00,155806.0,6610.8,0.0
2025-12-27 05:00:00,166533.2,6299.8,145.8
2025-12-27 06:00:00,184120.2,5975.8,249.5
2025-12-27 07:00:00,203539.5,5871.8,2725.0
2025-12-27 08:00:00,216173.8,6063.0,17819.2
2025-12-27 09:00:00,228058.5,5830.2,42307.0
2025-12-27 10:00:00,231873.8,4855.2,57113.0
2025-12-27 11:00:00,229379.5,3427.2,65155.2
2025-12-27 12:00:00,222433.2,2433.0,68776.8
2025-12-27 13:00:00,212864.8,2192.8,67517.8
2025-12-27 14:00:00,211973.8,2009.5,62678.2
2025-12-27 15:00:00,213121.2,2016.5,51671.0
2025-12-27 16:00:00,212150.8,2130.8,31891.5
2025-12-27 17:00:00,210241.8,2857.5,7738.2
2025-12-27 18:00:00,212615.0,4368.5,298.8
2025-12-27 19:00:00,204803.2,5902.0,49.8
2025-12-27 20:00:00,190296.2,6783.0,0.0
2025-12-27 21:00:00,178543.5,7278.2,0.0
2025-12-27 22:00:00,169015.5,7453.5,0.0
2025-12-27 23:00:00,161041.2,7214.8,0.0
2025-12-28 00:00:00,155688.5,7064.5,0.0
2025-12-28 01:00:00,153498.0,6749.8,0.0
2025-12-28 02:00:00,151469.2,6278.5,0.0
2025-12-28 03:00:00,150907.0,6065.5,0.0
2025-12-28 04:00:00,153861.2,5675.0,0.0
2025-12-28 05:00:00,163830.8,5541.0,64.5
2025-12-28 06:00:00,178903.0,5308.5,144.8
2025-12-28 07:00:00,197028.8,4953.8,2666.8
2025-12-28 08:00:00,210850.0,4562.0,19143.2
2025-12-28 09:00:00,222176.8,3925.5,44588.8
2025-12-28 10:00:00,225503.0,3154.2,58674.2
2025-12-28 11:00:00,222218.0,2466.0,66002.0
2025-12-28 12:00:00,215695.0,1955.8,68721.2
2025-12-28 13:00:00,207179.0,1824.8,67344.8
2025-12-28 14:00:00,202895.2,1699.0,59938.5
2025-12-28 15:00:00,201599.0,1617.2,48513.5
2025-12-28 16:00:00,197750.0,1526.5,28362.8
2025-12-28 17:00:00,196771.0,1808.8,7357.8
2025-12-28 18:00:00,200539.2,3017.2,353.5
2025-12-28 19:00:00,193681.2,4664.5,65.2
2025-12-28 20:00:00,182559.5,6235.5,0.0
2025-12-28 21:00:00,171622.8,7001.8,0.0
2025-12-28 22:00:00,161808.5,7329.0,0.0
2025-12-28 23:00:00,153867.2,7099.5,0.0
2025-12-29 00:00:00,148990.5,6652.5,0.0
2025-12-29 01:00:00,147785.5,6415.2,0.0
2025-12-29 02:00:00,145880.5,6068.2,0.0
2025-12-29 03:00:00,146364.5,5565.0,0.0
2025-12-29 04:00:00,150103.8,5519.0,0.0
2025-12-29 05:00:00,161023.2,5933.0,103.8
2025-12-29 06:00:00,180695.2,5964.8,176.2
2025-12-29 07:00:00,203798.2,6158.0,2459.8
2025-12-29 08:00:00,218405.8,5862.0,17835.8
2025-12-29 09:00:00,231784.0,5071.5,43314.0
2025-12-29 10:00:00,235482.2,3865.0,58713.2
2025-12-29 11:00:00,230489.0,2568.2,65796.2
2025-12-29 12:00:00,224625.5,1930.5,68932.8
2025-12-29 13:00:00,216125.5,1768.2,68933.5
2025-12-29 14:00:00,214004.8,1252.8,62765.8
2025-12-29 15:00:00,215400.2,1134.0,51314.8
2025-12-29 16:00:00,213250.5,1182.2,31172.2
2025-12-29 17:00:00,211188.0,1293.8,7931.2
2025-12-29 18:00:00,211697.5,2237.2,407.5
2025-12-29 19:00:00,206838.2,3126.5,64.0
2025-12-29 20:00:00,194235.2,3590.2,0.0
2025-12-29 21:00:00,181647.0,3976.8,0.0
2025-12-29 22:00:00,171030.5,3839.5,0.0
2025-12-29 23:00:00,162301.5,3843.0,0.0
2025-12-30 00:00:00,156303.5,3552.5,0.0
2025-12-30 01:00:00,154169.8,3244.5,0.0
2025-12-30 02:00:00,152449.0,2787.0,0.0
2025-12-30 03:00:00,152826.8,2530.8,0.0
2025-12-30 04:00:00,156992.2,2447.2,0.0
2025-12-30 05:00:00,167913.5,2465.5,68.5
2025-12-30 06:00:00,186749.5,2344.5,163.8
2025-12-30 07:00:00,208209.0,2157.0,2426.0
2025-12-30 08:00:00,221880.0,1892.0,17069.0
2025-12-30 09:00:00,234765.0,1672.2,41063.2
2025-12-30 10:00:00,238287.5,1291.5,57186.2
2025-12-30 11:00:00,233593.8,904.0,65500.5
2025-12-30 12:00:00,227162.5,984.8,68768.2
2025-12-30 13:00:00,217240.5,1122.5,67609.0
2025-12-30 14:00:00,214977.5,1218.0,61508.2
2025-12-30 15:00:00,214859.5,1064.2,49159.0
2025-12-30 16:00:00,212431.8,985.0,29476.8
2025-12-30 17:00:00,211918.2,1160.0,7302.2
2025-12-30 18:00:00,213369.8,1507.8,330.8
2025-12-30 19:00:00,208291.0,1709.2,73.8
2025-12-30 20:00:00,195380.2,1880.2,0.0
2025-12-30 21:00:00,183135.2,2330.0,0.0
2025-12-30 22:00:00,172902.8,2794.0,0.0
2025-12-30 23:00:00,163764.8,3159.2,0.0
2025-12-31 00:00:00,157217.5,2973.5,0.0
2025-12-31 01:00:00,155038.8,2620.5,0.0
2025-12-31 02:00:00,153270.8,2483.2,0.0
2025-12-31 03:00:00,153251.2,2332.2,0.0
2025-12-31 04:00:00,156965.2,2091.5,0.0
2025-12-31 05:00:00,167590.5,1931.0,96.0
2025-12-31 06:00:00,186108.0,1867.2,167.2
2025-12-31 07:00:00,207963.2,1662.5,2176.2
2025-12-31 08:00:00,220581.8,1705.2,14010.8
2025-12-31 09:00:00,232199.8,1609.2,30209.5
2025-12-31 10:00:00,238983.2,1461.2,45624.8
2025-12-31 11:00:00,237674.8,1962.8,53246.0
2025-12-31 12:00:00,231960.2,2513.0,55047.5
2025-12-31 13:00:00,223588.8,2934.0,54894.2
2025-12-31 14:00:00,221350.0,3369.0,46547.0
2025-12-31 15:00:00,220378.5,4023.8,37797.0
2025-12-31 16:00:00,215121.8,3782.0,21274.5
2025-12-31 17:00:00,212872.0,3401.8,6223.5
2025-12-31 18:00:00,213119.0,3304.8,418.5
2025-12-31 19:00:00,206384.8,3494.0,67.5
2025-12-31 20:00:00,193452.8,3628.5,0.0
2025-12-31 21:00:00,180976.5,4075.5,0.0
2025-12-31 22:00:00,171294.8,4417.0,0.0
2025-12-31 23:00:00,162983.2,3980.8,0.0
2026-01-01 00:00:00,156739.0,3823.5,0.0
2026-01-01 01:00:00,153885.2,3602.0,0.0
2026-01-01 02:00:00,150971.0,3598.2,0.0
2026-01-01 03:00:00,150551.8,3575.8,0.0
2026-01-01 04:00:00,153897.8,3759.0,0.0
2026-01-01 05:00:00,163656.2,3885.5,88.5
2026-01-01 06:00:00,178980.2,4052.8,132.5
2026-01-01 07:00:00,198568.8,3975.5,1577.0
2026-01-01 08:00:00,213007.5,3641.8,10083.2
2026-01-01 09:00:00,225893.2,2224.8,26460.8
2026-01-01 10:00:00,231475.5,1644.5,43360.8
2026-01-01 11:00:00,227953.0,1611.8,54482.8
2026-01-01 12:00:00,221621.8,1712.2,58882.5
2026-01-01 13:00:00,213566.8,1898.2,58151.2
2026-01-01 14:00:00,208218.2,2203.8,51614.5
2026-01-01 15:00:00,205900.8,2681.8,41439.8
2026-01-01 16:00:00,200880.8,3046.8,24333.8
2026-01-01 17:00:00,198223.5,3755.2,6724.0
2026-01-01 18:00:00,201000.2,4993.8,401.8
2026-01-01 19:00:00,194208.2,6629.8,97.8
2026-01-01 20:00:00,182918.8,7710.8,0.0
2026-01-01 21:00:00,172972.2,8191.2,0.0
2026-01-01 22:00:00,163301.0,8176.2,0.0
2026-01-01 23:00:00,155343.2,8431.5,0.0
2026-01-02 00:00:00,150413.8,8513.2,0.0
2026-01-02 01:00:00,148282.8,8505.8,0.0
2026-01-02 02:00:00,146221.8,8202.2,0.0
2026-01-02 03:00:00,146651.8,8191.0,0.0
2026-01-02 04:00:00,150117.0,8684.2,0.0
2026-01-02 05:00:00,159744.0,8614.8,76.5
2026-01-02 06:00:00,177399.0,7894.8,89.5
2026-01-02 07:00:00,200690.2,7352.8,1412.0
2026-01-02 08:00:00,216398.5,6979.8,9917.2
2026-01-02 09:00:00,226968.5,4653.0,24830.0
2026-01-02 10:00:00,234774.8,3562.2,40212.0
2026-01-02 11:00:00,234244.8,4329.8,52000.5
2026-01-02 12:00:00,229475.0,4574.5,57754.0
2026-01-02 13:00:00,219216.5,4294.0,56882.0
2026-01-02 14:00:00,216054.0,3903.2,51108.5
2026-01-02 15:00:00,213620.8,3447.2,40854.5
2026-01-02 16:00:00,209752.8,3227.8,25568.8
2026-01-02 17:00:00,209059.8,3671.2,7429.8
2026-01-02 18:00:00,211480.5,5008.5,480.0
2026-01-02 19:00:00,203775.5,7075.8,117.0
2026-01-02 20:00:00,191701.0,8737.8,0.0
2026-01-02 21:00:00,180587.8,9822.2,0.0
2026-01-02 22:00:00,170503.8,10325.5,0.0
2026-01-02 23:00:00,161719.2,10283.2,0.0
2026-01-03 00:00:00,155791.0,9954.2,0.0
2026-01-03 01:00:00,153528.0,10015.5,0.0
2026-01-03 02:00:00,151373.8,9572.2,0.0
2026-01-03 03:00:00,151164.5,8433.5,0.0
2026-01-03 04:00:00,154824.5,7430.2,0.0
2026-01-03 05:00:00,165806.0,6509.8,132.0
2026-01-03 06:00:00,182595.0,6094.2,103.5
2026-01-03 07:00:00,203609.0,6269.8,1660.8
2026-01-03 08:00:00,217974.0,5962.2,12048.0
2026-01-03 09:00:00,231357.8,5130.5,33469.8
2026-01-03 10:00:00,234874.2,5115.0,50479.8
2026-01-03 11:00:00,231255.0,5778.0,60146.8
2026-01-03 12:00:00,224485.5,5275.2,65719.2
2026-01-03 13:00:00,215504.8,4676.2,64833.0
2026-01-03 14:00:00,214511.8,3781.8,59146.0
2026-01-03 15:00:00,214602.5,3266.5,48200.2
2026-01-03 16:00:00,212156.5,3036.2,30485.2
2026-01-03 17:00:00,210669.2,3359.0,9455.8
2026-01-03 18:00:00,209896.0,4960.8,1353.5
2026-01-03 19:00:00,204446.0,7289.8,49.2
2026-01-03 20:00:00,191811.2,9051.2,0.0
2026-01-03 21:00:00,180698.0,10462.5,0.0
2026-01-03 22:00:00,169984.2,11421.5,0.0
2026-01-03 23:00:00,161549.5,12075.0,0.0
2026-01-04 00:00:00,155341.0,11892.2,0.0
2026-01-04 01:00:00,152604.2,11366.8,0.0
2026-01-04 02:00:00,149978.5,10681.0,0.0
2026-01-04 03:00:00,149959.2,9771.2,0.0
2026-01-04 04:00:00,152884.0,9081.8,0.0
2026-01-04 05:00:00,161765.8,8468.8,94.8
2026-01-04 06:00:00,175747.8,7367.8,150.2
2026-01-04 07:00:00,193212.2,6577.8,2033.0
2026-01-04 08:00:00,208669.0,5719.8,14945.5
2026-01-04 09:00:00,222676.0,4928.5,38094.8
2026-01-04 10:00:00,226283.8,4444.5,54206.8
2026-01-04 11:00:00,222435.0,4445.0,63391.0
2026-01-04 12:00:00,216314.2,4688.5,67242.8
2026-01-04 13:00:00,208433.8,4770.0,66199.0
2026-01-04 14:00:00,204452.2,5009.0,60433.0
2026-01-04 15:00:00,201868.8,5252.8,49357.2
2026-01-04 16:00:00,198154.0,5617.8,31246.8
2026-01-04 17:00:00,197962.5,6409.2,9168.0
2026-01-04 18:00:00,201949.8,7338.5,841.5
2026-01-04 19:00:00,195945.5,8820.2,159.2
2026-01-04 20:00:00,184227.2,9912.0,0.0
2026-01-04 21:00:00,173082.0,10523.0,0.0
2026-01-04 22:00:00,163148.5,10667.8,0.0
2026-01-04 23:00:00,154407.5,11148.0,0.0
2026-01-05 00:00:00,148485.2,11073.8,0.0
2026-01-05 01:00:00,145556.2,10945.8,0.0
2026-01-05 02:00:00,143373.0,10322.5,0.0
2026-01-05 03:00:00,143362.8,9476.2,0.0
2026-01-05 04:00:00,147627.0,8924.8,0.0
2026-01-05 05:00:00,159726.8,8530.2,81.8
2026-01-05 06:00:00,180206.0,8177.8,116.0
2026-01-05 07:00:00,204843.0,7979.0,2106.0
2026-01-05 08:00:00,219247.5,7281.8,12787.5
2026-01-05 09:00:00,232226.8,6576.2,29248.0
2026-01-05 10:00:00,235692.5,7112.2,41179.2
2026-01-05 11:00:00,230360.2,7632.0,49106.5
2026-01-05 12:00:00,223405.0,7180.0,51449.5
2026-01-05 13:00:00,214192.5,6627.8,50103.0
2026-01-05 14:00:00,214098.8,6122.0,45875.0
2026-01-05 15:00:00,214147.0,5917.0,43541.2
2026-01-05 16:00:00,210575.0,6160.8,31701.0
2026-01-05 17:00:00,210938.8,6855.2,9075.8
2026-01-05 18:00:00,214564.5,7736.8,587.0
2026-01-05 19:00:00,208084.8,10103.2,120.5
2026-01-05 20:00:00,196412.8,12073.5,0.0
2026-01-05 21:00:00,184358.8,13451.8,0.0
2026-01-05 22:00:00,173313.8,14138.0,0.0
2026-01-05 23:00:00,163477.0,13668.8,0.0
2026-01-06 00:00:00,158855.8,12990.0,0.0
2026-01-06 01:00:00,157258.2,11943.2,0.0
2026-01-06 02:00:00,152237.5,11256.0,0.0
2026-01-06 03:00:00,151661.5,10927.2,0.0
2026-01-06 04:00:00,154803.8,9828.2,0.0
2026-01-06 05:00:00,166568.2,9305.0,136.0
2026-01-06 06:00:00,185867.2,8876.5,182.8
2026-01-06 07:00:00,207423.2,8512.8,1750.8
2026-01-06 08:00:00,222020.0,7839.0,13018.0
2026-01-06 09:00:00,233933.0,6427.5,32503.2
2026-01-06 10:00:00,237194.8,6566.2,47455.0
2026-01-06 11:00:00,233855.8,7206.0,58447.5
2026-01-06 12:00:00,228949.2,6938.8,64401.8
2026-01-06 13:00:00,220839.5,6856.8,64759.2
2026-01-06 14:00:00,218579.8,6677.0,59893.2
2026-01-06 15:00:00,218351.5,6437.0,49078.0
2026-01-06 16:00:00,214133.5,6686.2,31143.2
2026-01-06 17:00:00,212760.8,6914.8,9143.8
2026-01-06 18:00:00,214902.5,7828.2,668.2
2026-01-06 19:00:00,210337.8,9712.8,110.2
2026-01-06 20:00:00,199140.8,11533.0,0.0
2026-01-06 21:00:00,186932.0,12976.0,0.0
2026-01-06 22:00:00,175411.8,13823.5,0.0
2026-01-06 23:00:00,164810.8,14318.5,0.0
2026-01-07 00:00:00,158410.0,14161.2,0.0
2026-01-07 01:00:00,154580.0,14017.0,0.0
2026-01-07 02:00:00,152270.2,14269.5,0.0
2026-01-07 03:00:00,152182.5,13866.0,0.0
2026-01-07 04:00:00,155317.0,13406.8,0.0
2026-01-07 05:00:00,166585.8,12754.8,88.8
2026-01-07 06:00:00,184997.0,12115.2,95.2
2026-01-07 07:00:00,209773.2,11507.8,1814.8
2026-01-07 08:00:00,223671.8,10875.8,12830.8
2026-01-07 09:00:00,233331.2,8936.5,32051.8
2026-01-07 10:00:00,237272.0,7995.5,46869.0
2026-01-07 11:00:00,233872.0,9250.8,57957.2
2026-01-07 12:00:00,228823.0,9939.5,64100.8
2026-01-07 13:00:00,217978.2,9977.8,65891.8
2026-01-07 14:00:00,214670.5,9218.8,63860.0
2026-01-07 15:00:00,215157.5,8872.0,54071.8
2026-01-07 16:00:00,212082.5,9027.0,35735.0
2026-01-07 17:00:00,212021.5,9564.5,11455.8
2026-01-07 18:00:00,215371.0,10557.0,695.0
2026-01-07 19:00:00,210822.2,13122.0,110.2
2026-01-07 20:00:00,198771.2,15267.8,0.0
2026-01-07 21:00:00,186178.0,16627.2,0.0
2026-01-07 22:00:00,174047.2,16917.2,0.0
2026-01-07 23:00:00,163813.0,16501.2,0.0
2026-01-08 00:00:00,157917.8,15463.0,0.0
2026-01-08 01:00:00,153849.0,14553.2,0.0
2026-01-08 02:00:00,151646.0,13789.2,0.0
2026-01-08 03:00:00,151192.2,13503.2,0.0
2026-01-08 04:00:00,154380.0,12889.0,0.0
2026-01-08 05:00:00,165023.2,12122.5,65.0
2026-01-08 06:00:00,184422.0,11766.5,159.8
2026-01-08 07:00:00,209719.2,11398.5,2055.5
2026-01-08 08:00:00,223869.2,10230.8,13301.0
2026-01-08 09:00:00,233019.0,7540.8,32400.2
2026-01-08 10:00:00,237914.2,6964.8,50728.2
2026-01-08 11:00:00,234235.0,7734.2,63381.0
2026-01-08 12:00:00,228189.2,7867.5,69118.8
2026-01-08 13:00:00,219469.8,7760.5,68301.5
2026-01-08 14:00:00,217834.8,7823.5,62439.5
2026-01-08 15:00:00,217412.5,7932.8,50730.8
2026-01-08 16:00:00,214861.5,7577.0,31472.0
2026-01-08 17:00:00,214021.2,7645.5,9360.5
2026-01-08 18:00:00,215944.0,8728.5,592.5
2026-01-08 19:00:00,211986.2,10970.8,99.2
2026-01-08 20:00:00,200715.0,13518.8,0.0
2026-01-08 21:00:00,188081.2,15270.0,0.0
2026-01-08 22:00:00,175760.5,15611.8,0.0
2026-01-08 23:00:00,165318.5,15352.2,0.0
2026-01-09 00:00:00,159131.8,14906.8,0.0
2026-01-09 01:00:00,155302.0,14958.5,0.0
2026-01-09 02:00:00,152576.0,14462.0,0.0
2026-01-09 03:00:00,152346.0,13848.5,0.0
2026-01-09 04:00:00,155919.2,13321.8,0.0
2026-01-09 05:00:00,167131.0,13029.0,126.2
2026-01-09 06:00:00,186832.8,12622.8,228.2
2026-01-09 07:00:00,212380.0,12240.0,2121.8
2026-01-09 08:00:00,227034.8,10835.8,15391.2
2026-01-09 09:00:00,240101.5,8552.0,37227.0
2026-01-09 10:00:00,243854.8,8205.5,54168.5
2026-01-09 11:00:00,239034.2,9403.5,66241.5
2026-01-09 12:00:00,232710.5,8888.0,70311.5
2026-01-09 13:00:00,222151.5,7772.0,69307.0
2026-01-09 14:00:00,219529.5,7205.0,65507.8
2026-01-09 15:00:00,219513.2,6989.2,55076.2
2026-01-09 16:00:00,214661.0,6820.2,36020.0
2026-01-09 17:00:00,212410.8,6991.8,11009.0
2026-01-09 18:00:00,213696.5,7855.0,727.8
2026-01-09 19:00:00,208908.5,9784.8,120.0
2026-01-09 20:00:00,200179.5,11074.0,0.0
2026-01-09 21:00:00,188254.2,11725.5,0.0
2026-01-09 22:00:00,175797.0,12150.2,0.0
2026-01-09 23:00:00,165292.8,12503.5,0.0
2026-01-10 00:00:00,159420.0,13309.2,0.0
2026-01-10 01:00:00,155735.0,13338.5,0.0
2026-01-10 02:00:00,153200.8,13153.2,0.0
2026-01-10 03:00:00,153187.5,12861.0,0.0
2026-01-10 04:00:00,156844.5,12397.5,0.0
2026-01-10 05:00:00,168120.8,11728.5,118.8
2026-01-10 06:00:00,186208.0,11517.5,172.2
2026-01-10 07:00:00,209419.8,11146.0,1549.5
2026-01-10 08:00:00,223335.0,10303.2,11335.8
2026-01-10 09:00:00,234309.5,8118.5,28551.8
2026-01-10 10:00:00,237992.0,7164.8,45993.5
2026-01-10 11:00:00,231701.8,7207.0,59718.0
2026-01-10 12:00:00,223669.5,7264.0,65431.8
2026-01-10 13:00:00,215838.8,7005.5,63807.5
2026-01-10 14:00:00,215360.5,6633.5,59039.8
2026-01-10 15:00:00,215179.8,6456.2,49161.8
2026-01-10 16:00:00,212014.5,6381.0,32479.0
2026-01-10 17:00:00,210371.0,6856.0,10004.2
2026-01-10 18:00:00,213251.8,8486.5,489.0
2026-01-10 19:00:00,209363.2,10433.8,46.5
2026-01-10 20:00:00,196953.8,11997.2,0.0
2026-01-10 21:00:00,184066.5,13219.5,0.0
2026-01-10 22:00:00,173124.2,13176.2,0.0
2026-01-10 23:00:00,163651.2,12740.2,0.0
2026-01-11 00:00:00,157304.0,12580.8,0.0
2026-01-11 01:00:00,153356.0,12501.2,0.0
2026-01-11 02:00:00,150929.5,12399.8,0.0
2026-01-11 03:00:00,150609.0,12156.0,0.0
2026-01-11 04:00:00,153651.8,11985.5,0.0
2026-01-11 05:00:00,162520.2,12025.5,28.0
2026-01-11 06:00:00,177101.0,11860.5,58.0
2026-01-11 07:00:00,196649.2,10765.5,1164.2
2026-01-11 08:00:00,213660.2,9506.8,11857.8
2026-01-11 09:00:00,227197.2,6936.8,31387.2
2026-01-11 10:00:00,231245.2,6069.5,46485.5
2026-01-11 11:00:00,227215.2,6899.8,59108.5
2026-01-11 12:00:00,218975.5,7379.0,63984.8
2026-01-11 13:00:00,209880.5,7155.2,63872.2
2026-01-11 14:00:00,204583.8,7250.5,60153.8
2026-01-11 15:00:00,201075.8,7294.2,49724.2
2026-01-11 16:00:00,197948.8,7563.2,34144.2
2026-01-11 17:00:00,195037.0,8283.8,10573.0
2026-01-11 18:00:00,201354.2,9336.2,545.0
2026-01-11 19:00:00,197549.8,11493.2,116.2
2026-01-11 20:00:00,187031.2,13160.5,0.0
2026-01-11 21:00:00,175630.2,13815.8,0.0
2026-01-11 22:00:00,164468.2,14354.0,0.0
2026-01-11 23:00:00,155513.5,14401.2,0.0
2026-01-12 00:00:00,149713.8,14195.5,0.0
2026-01-12 01:00:00,145988.5,13888.8,0.0
2026-01-12 02:00:00,143915.8,13730.0,0.0
2026-01-12 03:00:00,143999.0,13304.5,0.0
2026-01-12 04:00:00,148524.8,12942.5,0.0
2026-01-12 05:00:00,160691.0,12343.5,43.2
2026-01-12 06:00:00,181873.5,11910.5,127.0
2026-01-12 07:00:00,207183.8,11523.5,1977.2
2026-01-12 08:00:00,222552.5,9971.2,16843.8
2026-01-12 09:00:00,235676.0,8473.2,42004.0
2026-01-12 10:00:00,239168.0,6265.2,57514.5
2026-01-12 11:00:00,235248.2,5295.5,64964.8
2026-01-12 12:00:00,227089.2,4863.8,66235.5
2026-01-12 13:00:00,217323.0,4268.0,64856.8
2026-01-12 14:00:00,215422.2,3962.5,60034.0
2026-01-12 15:00:00,215038.5,3837.2,50384.0
2026-01-12 16:00:00,212612.5,4101.5,33827.8
2026-01-12 17:00:00,211249.5,4868.2,10974.2
2026-01-12 18:00:00,213118.5,6192.0,701.8
2026-01-12 19:00:00,209796.2,8036.0,94.2
2026-01-12 20:00:00,199055.8,9793.5,0.0
2026-01-12 21:00:00,186962.0,10799.8,0.0
2026-01-12 22:00:00,175213.8,11340.8,0.0
2026-01-12 23:00:00,163851.2,11407.5,0.0
2026-01-13 00:00:00,157307.8,11337.0,0.0
2026-01-13 01:00:00,154470.8,11072.8,0.0
2026-01-13 02:00:00,151983.5,10412.2,0.0
2026-01-13 03:00:00,152140.8,10024.2,0.0
2026-01-13 04:00:00,156378.5,9934.8,0.0
2026-01-13 05:00:00,168412.0,9257.0,156.8
2026-01-13 06:00:00,187491.2,9065.2,236.2
2026-01-13 07:00:00,211377.2,9280.2,1905.0
2026-01-13 08:00:00,225770.8,9094.0,15148.8
2026-01-13 09:00:00,238934.5,8614.0,39958.0
2026-01-13 10:00:00,242191.0,6674.8,56647.8
2026-01-13 11:00:00,237303.0,5132.5,65371.5
2026-01-13 12:00:00,228656.5,4406.8,68023.2
2026-01-13 13:00:00,218728.8,3924.8,67404.5
2026-01-13 14:00:00,217332.5,3648.0,62315.5
2026-01-13 15:00:00,216540.8,3724.0,51616.8
2026-01-13 16:00:00,212939.2,3321.8,35734.5
2026-01-13 17:00:00,211209.0,3424.2,11898.8
2026-01-13 18:00:00,212373.8,4515.0,693.0
2026-01-13 19:00:00,209200.5,6526.5,102.5
2026-01-13 20:00:00,197998.8,7745.2,0.0
2026-01-13 21:00:00,187103.2,8099.8,0.0
2026-01-13 22:00:00,175789.2,8604.8,0.0
2026-01-13 23:00:00,166279.8,8908.5,0.0
2026-01-14 00:00:00,159626.2,8863.5,0.0
2026-01-14 01:00:00,156199.5,8267.5,0.0
2026-01-14 02:00:00,154027.0,8140.5,0.0
2026-01-14 03:00:00,154157.8,8266.2,0.0
2026-01-14 04:00:00,157698.8,7629.2,0.0
2026-01-14 05:00:00,170562.2,6748.8,115.0
2026-01-14 06:00:00,187907.8,6064.0,192.5
2026-01-14 07:00:00,208770.5,5464.8,2222.0
2026-01-14 08:00:00,222578.2,4747.8,18226.5
2026-01-14 09:00:00,234505.8,3558.2,45204.2
2026-01-14 10:00:00,236304.0,2144.0,61355.5
2026-01-14 11:00:00,230289.2,2066.2,69462.0
2026-01-14 12:00:00,222287.0,2216.8,70903.5
2026-01-14 13:00:00,212538.5,2222.0,69213.0
2026-01-14 14:00:00,206832.8,2091.2,61637.0
2026-01-14 15:00:00,205479.0,2115.0,52904.0
2026-01-14 16:00:00,202023.8,2245.2,38451.0
2026-01-14 17:00:00,199734.2,2433.5,12753.5
2026-01-14 18:00:00,204427.2,2930.5,727.5
2026-01-14 19:00:00,201699.5,4046.0,107.0
2026-01-14 20:00:00,191042.8,4640.2,0.0
2026-01-14 21:00:00,179306.2,4754.0,0.0
2026-01-14 22:00:00,169262.0,4337.8,0.0
2026-01-14 23:00:00,159933.0,4087.5,0.0
2026-01-15 00:00:00,153968.5,3797.8,0.0
2026-01-15 01:00:00,150460.5,3401.2,0.0
2026-01-15 02:00:00,148222.5,3398.2,0.0
2026-01-15 03:00:00,147975.2,3691.8,0.0
2026-01-15 04:00:00,152501.5,3947.5,0.0
2026-01-15 05:00:00,164179.2,3867.2,60.2
2026-01-15 06:00:00,181458.5,3380.5,154.2
2026-01-15 07:00:00,203607.0,3051.5,2060.0
2026-01-15 08:00:00,219531.0,2813.8,18439.8
2026-01-15 09:00:00,230337.8,2277.2,46197.8
2026-01-15 10:00:00,230939.2,1729.5,64030.0
2026-01-15 11:00:00,223511.2,1777.2,71348.0
2026-01-15 12:00:00,214868.8,1740.0,73727.8
2026-01-15 13:00:00,205655.5,1795.8,72080.2
2026-01-15 14:00:00,203227.0,2023.5,67452.8
2026-01-15 15:00:00,202097.5,2209.0,57730.8
2026-01-15 16:00:00,197307.2,2470.2,39445.2
2026-01-15 17:00:00,196008.5,2877.2,14009.0
2026-01-15 18:00:00,203071.0,3855.5,1189.8
2026-01-15 19:00:00,199879.5,5403.8,169.8
2026-01-15 20:00:00,190039.8,5812.8,0.0
2026-01-15 21:00:00,178810.2,6225.2,0.0
2026-01-15 22:00:00,168956.5,6342.5,0.0
2026-01-15 23:00:00,159390.8,6080.8,0.0
2026-01-16 00:00:00,153716.5,5679.2,0.0
2026-01-16 01:00:00,150813.8,5207.8,0.0
2026-01-16 02:00:00,148672.8,4670.8,0.0
2026-01-16 03:00:00,148853.2,4462.0,0.0
2026-01-16 04:00:00,153221.5,4365.8,0.0
2026-01-16 05:00:00,164866.0,4267.5,250.8
2026-01-16 06:00:00,183153.2,4562.5,328.5
2026-01-16 07:00:00,207376.0,4494.2,2209.8
2026-01-16 08:00:00,222792.8,3916.0,17416.5
2026-01-16 09:00:00,235113.2,2873.2,43423.8
2026-01-16 10:00:00,236983.5,2519.8,59890.0
2026-01-16 11:00:00,231423.5,2588.5,67947.5
2026-01-16 12:00:00,223089.5,2407.5,69874.0
2026-01-16 13:00:00,214161.0,2334.0,68714.5
2026-01-16 14:00:00,211474.8,2565.2,64287.8
2026-01-16 15:00:00,210621.2,2904.8,55048.8
2026-01-16 16:00:00,207526.0,3061.0,37337.8
2026-01-16 17:00:00,205811.5,3397.0,12949.5
2026-01-16 18:00:00,208795.8,4090.5,1725.8
2026-01-16 19:00:00,204365.5,4986.0,481.0
2026-01-16 20:00:00,194551.0,5879.2,0.0
2026-01-16 21:00:00,183416.0,6198.0,0.0
2026-01-16 22:00:00,173572.5,5640.8,0.0
2026-01-16 23:00:00,164196.8,5488.5,0.0
2026-01-17 00:00:00,157713.8,5167.0,0.0
2026-01-17 01:00:00,154703.8,4910.8,0.0
2026-01-17 02:00:00,152258.5,4348.0,0.0
2026-01-17 03:00:00,152493.2,3832.5,0.0
2026-01-17 04:00:00,156192.5,3438.0,0.0
2026-01-17 05:00:00,167715.8,3332.8,34.0
2026-01-17 06:00:00,185234.5,3283.5,101.2
2026-01-17 07:00:00,205591.8,3145.8,2263.8
2026-01-17 08:00:00,220805.5,2780.5,17396.8
2026-01-17 09:00:00,232949.2,2263.0,42347.8
2026-01-17 10:00:00,234543.2,2167.2,60140.5
2026-01-17 11:00:00,228719.8,2492.2,68952.0
2026-01-17 12:00:00,221673.8,2582.0,73036.0
2026-01-17 13:00:00,213074.5,2571.8,72062.0
2026-01-17 14:00:00,210922.8,2585.8,67196.0
2026-01-17 15:00:00,210761.5,2446.5,56688.2
2026-01-17 16:00:00,208049.5,2518.8,37820.0
2026-01-17 17:00:00,204559.2,2870.2,13617.2
2026-01-17 18:00:00,210138.2,3803.5,1990.5
2026-01-17 19:00:00,205432.8,4848.0,421.5
2026-01-17 20:00:00,193890.5,5384.5,0.0
2026-01-17 21:00:00,182541.2,5978.8,0.0
2026-01-17 22:00:00,172856.8,6363.2,0.0
2026-01-17 23:00:00,164281.0,6353.0,0.0
2026-01-18 00:00:00,158720.8,5605.8,0.0
2026-01-18 01:00:00,155746.2,5125.5,0.0
2026-01-18 02:00:00,153634.5,4987.5,0.0
2026-01-18 03:00:00,153502.5,5133.0,0.0
2026-01-18 04:00:00,156992.5,5081.5,0.0
2026-01-18 05:00:00,166898.8,5075.2,71.2
2026-01-18 06:00:00,180676.2,4764.5,104.8
2026-01-18 07:00:00,201088.5,4640.0,2390.8
2026-01-18 08:00:00,215019.8,4079.5,16754.5
2026-01-18 09:00:00,227275.8,2720.0,38600.5
2026-01-18 10:00:00,229920.5,2392.0,56775.8
2026-01-18 11:00:00,223704.2,2847.2,67634.2
2026-01-18 12:00:00,215431.0,2619.0,71571.2
2026-01-18 13:00:00,207912.2,2569.0,70665.0
2026-01-18 14:00:00,202630.5,2596.2,65394.5
2026-01-18 15:00:00,199658.8,2756.2,54541.5
2026-01-18 16:00:00,195589.2,2797.5,35140.0
2026-01-18 17:00:00,191497.2,2914.8,11770.8
2026-01-18 18:00:00,198051.2,3597.0,762.5
2026-01-18 19:00:00,194539.5,4792.2,108.2
2026-01-18 20:00:00,184426.2,5352.8,0.0
2026-01-18 21:00:00,173901.8,5518.8,0.0
2026-01-18 22:00:00,164530.8,5602.0,0.0
2026-01-18 23:00:00,156472.2,5650.0,0.0
2026-01-19 00:00:00,151060.8,5319.0,0.0
2026-01-19 01:00:00,148951.5,4870.2,0.0
2026-01-19 02:00:00,147181.0,4669.0,0.0
2026-01-19 03:00:00,147875.2,4511.2,0.0
2026-01-19 04:00:00,152111.5,4238.8,0.0
2026-01-19 05:00:00,163834.2,3962.8,183.0
2026-01-19 06:00:00,186558.0,3311.2,215.8
2026-01-19 07:00:00,212207.0,2455.2,2322.0
2026-01-19 08:00:00,225516.5,1929.8,16265.0
2026-01-19 09:00:00,235471.8,1256.5,38888.5
2026-01-19 10:00:00,237020.0,909.0,58144.0
2026-01-19 11:00:00,230661.8,861.0,69097.5
2026-01-19 12:00:00,222142.0,851.8,72576.0
2026-01-19 13:00:00,212224.5,962.0,72228.5
2026-01-19 14:00:00,212084.8,1192.2,67380.2
2026-01-19 15:00:00,212499.2,1483.8,56840.0
2026-01-19 16:00:00,211988.5,1853.0,37828.8
2026-01-19 17:00:00,209978.8,2217.0,13643.0
2026-01-19 18:00:00,213873.5,2951.0,2169.5
2026-01-19 19:00:00,209430.2,4094.5,446.0
2026-01-19 20:00:00,196300.5,4920.0,0.0
2026-01-19 21:00:00,185219.2,5276.2,0.0
2026-01-19 22:00:00,174671.8,5428.5,0.0
2026-01-19 23:00:00,165448.0,5163.0,0.0
2026-01-20 00:00:00,160988.8,4532.5,0.0
2026-01-20 01:00:00,158160.5,4234.5,0.0
2026-01-20 02:00:00,156308.2,4119.8,0.0
2026-01-20 03:00:00,156368.2,4213.2,0.0
2026-01-20 04:00:00,160180.2,4573.2,0.0
2026-01-20 05:00:00,171914.0,5043.2,818.2
2026-01-20 06:00:00,193433.5,4884.5,816.5
2026-01-20 07:00:00,216639.2,4478.2,2528.0
2026-01-20 08:00:00,227808.5,4087.8,14839.5
2026-01-20 09:00:00,237962.2,3289.5,37466.0
2026-01-20 10:00:00,238314.5,2682.5,56995.5
2026-01-20 11:00:00,231834.5,2862.2,68776.0
2026-01-20 12:00:00,222742.5,2685.0,74267.8
2026-01-20 13:00:00,213390.0,2403.8,72981.5
2026-01-20 14:00:00,212417.0,2173.2,69133.2
2026-01-20 15:00:00,213831.5,2105.2,58499.5
2026-01-20 16:00:00,211668.0,2355.5,38769.5
2026-01-20 17:00:00,210831.8,2826.5,13335.8
2026-01-20 18:00:00,214056.2,3902.2,1015.8
2026-01-20 19:00:00,208865.0,6171.5,69.0
2026-01-20 20:00:00,196155.2,7803.8,0.0
2026-01-20 21:00:00,184308.5,9154.0,0.0
2026-01-20 22:00:00,173346.8,10302.8,0.0
2026-01-20 23:00:00,164365.5,10326.0,0.0
2026-01-21 00:00:00,159326.5,10245.5,0.0
2026-01-21 01:00:00,156508.2,11073.8,0.0
2026-01-21 02:00:00,154309.0,12390.8,0.0
2026-01-21 03:00:00,154978.5,12914.8,0.0
2026-01-21 04:00:00,158403.0,12596.0,0.0
2026-01-21 05:00:00,170376.0,11911.5,163.5
2026-01-21 06:00:00,192457.5,11063.2,175.0
2026-01-21 07:00:00,217556.2,10618.8,2263.0
2026-01-21 08:00:00,230325.2,9841.2,16746.8
2026-01-21 09:00:00,237852.5,7825.2,41928.5
2026-01-21 10:00:00,237836.5,6466.5,61691.5
2026-01-21 11:00:00,229536.8,6060.5,70685.0
2026-01-21 12:00:00,221856.2,4817.5,73990.0
2026-01-21 13:00:00,212807.8,3335.0,72629.5
2026-01-21 14:00:00,212164.2,2575.0,67245.5
2026-01-21 15:00:00,213430.2,2310.0,56483.5
2026-01-21 16:00:00,210469.0,2432.5,36734.8
2026-01-21 17:00:00,208506.8,3010.0,12620.8
2026-01-21 18:00:00,211032.0,4220.5,900.5
2026-01-21 19:00:00,208632.0,5845.2,50.5
2026-01-21 20:00:00,196245.2,7181.2,0.0
2026-01-21 21:00:00,184982.8,8573.8,0.0
2026-01-21 22:00:00,174517.5,10243.2,0.0
2026-01-21 23:00:00,165306.8,10657.5,0.0
2026-01-22 00:00:00,160531.5,10445.5,0.0
2026-01-22 01:00:00,157392.5,10060.5,0.0
2026-01-22 02:00:00,154969.5,8931.5,0.0
2026-01-22 03:00:00,155743.2,8756.0,0.0
2026-01-22 04:00:00,159369.0,8660.8,0.0
2026-01-22 05:00:00,171034.5,8338.5,170.8
2026-01-22 06:00:00,192704.5,7946.5,171.8
2026-01-22 07:00:00,216831.5,7832.8,2337.2
2026-01-22 08:00:00,229514.5,6639.8,15722.5
2026-01-22 09:00:00,238144.8,6009.0,38923.8
2026-01-22 10:00:00,236888.5,6215.8,58428.5
2026-01-22 11:00:00,228986.5,6133.2,67280.8
2026-01-22 12:00:00,220130.8,6372.2,71226.8
2026-01-22 13:00:00,212191.8,7013.2,68742.5
2026-01-22 14:00:00,211236.8,7632.0,59756.5
2026-01-22 15:00:00,211744.5,8072.2,47019.8
2026-01-22 16:00:00,210723.0,8614.0,29138.0
2026-01-22 17:00:00,209632.2,8993.5,10189.2
2026-01-22 18:00:00,213024.8,8567.5,1951.5
2026-01-22 19:00:00,208161.8,9473.8,82.2
2026-01-22 20:00:00,195554.0,10661.8,0.0
2026-01-22 21:00:00,182809.8,11318.2,0.0
2026-01-22 22:00:00,171449.0,10046.8,0.0
2026-01-22 23:00:00,162269.2,10792.2,0.0
2026-01-23 00:00:00,156253.5,10391.2,0.0
2026-01-23 01:00:00,153132.8,9539.5,0.0
2026-01-23 02:00:00,150729.2,11139.0,0.0
2026-01-23 03:00:00,150421.8,11532.2,0.0
2026-01-23 04:00:00,153824.0,12552.0,0.0
2026-01-23 05:00:00,164180.2,12162.0,157.5
2026-01-23 06:00:00,182810.8,12272.0,213.5
2026-01-23 07:00:00,205285.8,11684.2,2180.8
2026-01-23 08:00:00,217797.2,10298.5,18892.0
2026-01-23 09:00:00,226044.5,8437.5,46450.2
2026-01-23 10:00:00,226275.0,7625.2,65289.2
2026-01-23 11:00:00,219463.2,6009.5,72730.5
2026-01-23 12:00:00,212459.0,3793.5,74860.8
2026-01-23 13:00:00,204695.2,3145.5,72401.8
2026-01-23 14:00:00,202281.5,2904.8,71498.2
2026-01-23 15:00:00,202580.8,3300.2,62388.5
2026-01-23 16:00:00,202565.2,3578.5,44255.0
2026-01-23 17:00:00,202025.0,3335.0,17338.5
2026-01-23 18:00:00,205869.2,3831.0,1823.0
2026-01-23 19:00:00,202154.0,5237.8,180.8
2026-01-23 20:00:00,191090.2,6772.0,0.0
2026-01-23 21:00:00,179775.0,6812.5,0.0
2026-01-23 22:00:00,169888.0,6710.2,0.0
2026-01-23 23:00:00,161464.8,6268.0,0.0
2026-01-24 00:00:00,156112.5,6527.2,0.0
2026-01-24 01:00:00,153050.8,6679.2,0.0
2026-01-24 02:00:00,151275.5,7147.5,0.0
2026-01-24 03:00:00,150964.5,7718.2,0.0
2026-01-24 04:00:00,155208.2,9334.0,0.0
2026-01-24 05:00:00,165569.5,11537.2,238.8
2026-01-24 06:00:00,185233.0,13716.0,307.8
2026-01-24 07:00:00,207455.2,14474.8,1869.0
2026-01-24 08:00:00,221052.5,13562.0,17734.0
2026-01-24 09:00:00,230089.5,10560.0,43744.8
2026-01-24 10:00:00,229465.5,10237.2,59483.0
2026-01-24 11:00:00,222192.2,10050.2,65445.2
2026-01-24 12:00:00,215107.8,8643.8,67435.0
2026-01-24 13:00:00,207742.8,7479.8,65982.5
2026-01-24 14:00:00,206867.8,7055.8,61757.2
2026-01-24 15:00:00,207307.8,7502.8,52734.0
2026-01-24 16:00:00,205685.2,8306.5,36358.5
2026-01-24 17:00:00,204680.0,8455.0,13485.5
2026-01-24 18:00:00,207835.8,8768.5,1105.0
2026-01-24 19:00:00,204151.0,11367.2,81.8
2026-01-24 20:00:00,194408.5,14479.5,0.0
2026-01-24 21:00:00,183210.2,16059.0,0.0
2026-01-24 22:00:00,173440.0,17032.2,0.0
2026-01-24 23:00:00,164926.5,17414.2,0.0
2026-01-25 00:00:00,159536.5,17507.5,0.0
2026-01-25 01:00:00,156406.5,17781.2,0.0
2026-01-25 02:00:00,154011.2,17102.2,0.0
2026-01-25 03:00:00,154028.5,16271.2,0.0
2026-01-25 04:00:00,157017.0,15778.2,0.0
2026-01-25 05:00:00,166127.8,14924.2,143.0
2026-01-25 06:00:00,178374.2,14124.0,226.2
2026-01-25 07:00:00,198822.2,13957.0,1510.0
2026-01-25 08:00:00,213088.8,12814.8,16436.5
2026-01-25 09:00:00,225292.5,10266.0,43481.2
2026-01-25 10:00:00,229190.5,9364.5,62403.5
2026-01-25 11:00:00,223756.5,7459.2,70162.8
2026-01-25 12:00:00,214147.2,6977.5,71884.2
2026-01-25 13:00:00,204369.2,6359.5,69613.8
2026-01-25 14:00:00,201045.0,5365.2,65732.5
2026-01-25 15:00:00,198617.0,4799.5,55887.2
2026-01-25 16:00:00,194053.8,4709.5,37744.8
2026-01-25 17:00:00,191761.5,5309.2,14182.5
2026-01-25 18:00:00,195483.5,6723.8,1402.8
2026-01-25 19:00:00,193401.8,9415.2,163.5
2026-01-25 20:00:00,178939.8,11121.2,0.0
2026-01-25 21:00:00,174934.2,13741.8,0.0
2026-01-25 22:00:00,164998.5,14477.5,0.0
2026-01-25 23:00:00,156709.5,14901.8,0.0
2026-01-26 00:00:00,151713.2,14595.8,0.0
2026-01-26 01:00:00,149568.2,13778.8,0.0
2026-01-26 02:00:00,147752.2,13411.0,0.0
2026-01-26 03:00:00,148255.0,12630.5,0.0
2026-01-26 04:00:00,151859.2,12023.2,0.0
2026-01-26 05:00:00,162749.0,11136.5,81.0
2026-01-26 06:00:00,181340.0,10316.2,135.5
2026-01-26 07:00:00,202413.0,9806.5,1428.5
2026-01-26 08:00:00,211814.5,9071.5,13049.5
2026-01-26 09:00:00,219191.8,7236.0,34202.5
2026-01-26 10:00:00,218735.2,5467.0,51710.5
2026-01-26 11:00:00,212943.5,4514.5,60299.0
2026-01-26 12:00:00,206720.0,4004.5,62352.0
2026-01-26 13:00:00,199280.5,3558.8,60047.0
2026-01-26 14:00:00,196443.5,3463.0,54104.8
2026-01-26 15:00:00,195446.2,3654.2,46430.2
2026-01-26 16:00:00,190580.0,4437.5,32178.5
2026-01-26 17:00:00,187151.0,4815.0,13123.5
2026-01-26 18:00:00,190139.0,5357.5,1272.8
2026-01-26 19:00:00,186856.0,6632.5,94.2
2026-01-26 20:00:00,176973.8,8209.0,0.0
2026-01-26 21:00:00,167666.2,9666.2,0.0
2026-01-26 22:00:00,159504.8,10767.0,0.0
2026-01-26 23:00:00,151741.5,12051.2,0.0
2026-01-27 00:00:00,147139.0,13048.8,0.0
2026-01-27 01:00:00,144423.2,13234.0,0.0
2026-01-27 02:00:00,142763.2,13089.8,0.0
2026-01-27 03:00:00,143687.0,13115.8,0.0
2026-01-27 04:00:00,147735.2,12748.2,0.0
2026-01-27 05:00:00,158273.8,12170.0,74.2
2026-01-27 06:00:00,180612.0,11433.5,87.0
2026-01-27 07:00:00,206116.0,10234.8,1704.2
2026-01-27 08:00:00,219696.2,8504.8,15376.8
2026-01-27 09:00:00,229801.0,6800.0,40309.5
2026-01-27 10:00:00,231614.0,5931.5,58990.8
2026-01-27 11:00:00,227722.0,5610.0,67463.0
2026-01-27 12:00:00,219764.8,5320.5,69578.2
2026-01-27 13:00:00,210095.5,5699.0,68765.8
2026-01-27 14:00:00,209635.8,6036.0,64069.0
2026-01-27 15:00:00,209537.2,6259.0,54360.0
2026-01-27 16:00:00,207334.0,6193.2,37180.8
2026-01-27 17:00:00,205313.5,6365.2,14661.5
2026-01-27 18:00:00,207670.0,7110.5,1498.8
2026-01-27 19:00:00,202987.2,8872.8,125.5
2026-01-27 20:00:00,190405.0,10802.5,0.0
2026-01-27 21:00:00,179236.5,11878.2,0.0
2026-01-27 22:00:00,168633.8,12959.5,0.0
2026-01-27 23:00:00,159865.8,12986.5,0.0
2026-01-28 00:00:00,153998.0,12711.5,0.0
2026-01-28 01:00:00,151778.8,12619.8,0.0
2026-01-28 02:00:00,149937.2,12785.5,0.0
2026-01-28 03:00:00,149593.2,12419.2,0.0
2026-01-28 04:00:00,153111.2,12070.0,0.0
2026-01-28 05:00:00,164079.5,11493.8,378.5
2026-01-28 06:00:00,184364.8,10946.0,382.8
2026-01-28 07:00:00,207208.5,10210.2,2385.2
2026-01-28 08:00:00,219002.0,8908.2,17779.5
2026-01-28 09:00:00,227565.2,5999.2,44483.8
2026-01-28 10:00:00,227598.0,5251.0,63570.5
2026-01-28 11:00:00,220736.2,5982.5,71808.2
2026-01-28 12:00:00,214138.2,6287.2,72894.5
2026-01-28 13:00:00,204041.2,5784.5,69535.8
2026-01-28 14:00:00,205096.0,5534.0,66141.2
2026-01-28 15:00:00,208232.2,5400.0,60701.5
2026-01-28 16:00:00,208476.8,5436.8,43231.0
2026-01-28 17:00:00,207427.2,5947.2,18705.8
2026-01-28 18:00:00,207567.5,6727.5,5512.5
2026-01-28 19:00:00,205336.8,8552.2,322.0
2026-01-28 20:00:00,195098.2,9445.8,0.0
2026-01-28 21:00:00,183860.8,11970.0,0.0
2026-01-28 22:00:00,173452.2,13165.8,0.0
2026-01-28 23:00:00,164439.0,13788.8,0.0
2026-01-29 00:00:00,160059.8,14078.2,0.0
2026-01-29 01:00:00,156638.2,13516.5,0.0
2026-01-29 02:00:00,154303.2,13249.2,0.0
2026-01-29 03:00:00,154492.2,13340.8,0.0
2026-01-29 04:00:00,158049.2,13162.2,0.0
2026-01-29 05:00:00,168377.2,12927.8,530.5
2026-01-29 06:00:00,189730.0,12549.5,591.2
2026-01-29 07:00:00,211365.2,12541.8,2631.2
2026-01-29 08:00:00,223817.2,12365.8,18530.0
2026-01-29 09:00:00,232527.2,10375.5,44163.0
2026-01-29 10:00:00,233506.5,8572.2,62611.0
2026-01-29 11:00:00,226062.2,9123.2,70705.0
2026-01-29 12:00:00,217244.5,8524.0,73378.2
2026-01-29 13:00:00,206514.8,7535.0,69883.8
2026-01-29 14:00:00,205238.5,6420.8,66658.5
2026-01-29 15:00:00,207841.2,5855.5,56599.8
2026-01-29 16:00:00,206543.5,5816.2,37934.2
2026-01-29 17:00:00,207437.0,6371.0,15059.5
2026-01-29 18:00:00,210408.0,7599.2,2283.8
2026-01-29 19:00:00,207247.0,10472.5,492.0
2026-01-29 20:00:00,196735.8,13157.0,0.0
2026-01-29 21:00:00,185084.8,15069.2,0.0
2026-01-29 22:00:00,174597.8,15689.2,0.0
2026-01-29 23:00:00,165920.5,15641.2,0.0
2026-01-30 00:00:00,161074.2,15134.5,0.0
2026-01-30 01:00:00,158020.5,14460.8,0.0
2026-01-30 02:00:00,155994.8,14117.0,0.0
2026-01-30 03:00:00,155635.2,13581.2,0.0
2026-01-30 04:00:00,158878.5,12755.5,0.0
2026-01-30 05:00:00,170073.8,12003.8,468.8
2026-01-30 06:00:00,192404.0,11273.0,508.5
2026-01-30 07:00:00,215845.2,10975.5,2412.2
2026-01-30 08:00:00,227471.5,10031.0,16706.2
2026-01-30 09:00:00,237945.8,7577.2,42485.0
2026-01-30 10:00:00,237770.5,6253.0,59190.0
2026-01-30 11:00:00,230229.8,5509.2,67100.5
2026-01-30 12:00:00,223348.2,4586.8,73298.5
2026-01-30 13:00:00,213286.5,3338.0,72842.2
2026-01-30 14:00:00,211348.5,2972.5,68694.0
2026-01-30 15:00:00,210672.8,2845.8,58671.5
2026-01-30 16:00:00,209990.5,3340.0,41053.5
2026-01-30 17:00:00,208799.8,4089.0,16360.2
2026-01-30 18:00:00,210231.0,5110.8,1661.5
2026-01-30 19:00:00,207813.2,7431.0,127.2
2026-01-30 20:00:00,196603.2,9501.8,0.0
2026-01-30 21:00:00,185506.5,11151.2,0.0
2026-01-30 22:00:00,175835.2,12472.5,0.0
2026-01-30 23:00:00,166844.0,12595.5,0.0
2026-01-31 00:00:00,161710.5,12540.5,0.0
2026-01-31 01:00:00,158497.5,12423.2,0.0
2026-01-31 02:00:00,156123.5,12170.5,0.0
2026-01-31 03:00:00,156352.2,12222.0,0.0
2026-01-31 04:00:00,158629.8,11793.2,0.0
2026-01-31 05:00:00,169343.0,11138.2,200.8
2026-01-31 06:00:00,189894.8,10334.8,301.2
2026-01-31 07:00:00,212323.2,10079.0,2453.8
2026-01-31 08:00:00,224924.8,8721.0,17929.5
2026-01-31 09:00:00,236134.2,7258.2,43519.0
2026-01-31 10:00:00,236818.8,6461.0,61298.2
2026-01-31 11:00:00,228575.2,5625.5,69281.0
2026-01-31 12:00:00,219657.5,4706.2,72109.2
2026-01-31 13:00:00,209973.8,3926.8,71511.5
2026-01-31 14:00:00,209825.0,3390.0,67932.8
2026-01-31 15:00:00,209848.0,3122.8,58446.8
2026-01-31 16:00:00,208601.0,3313.5,41323.8
2026-01-31 17:00:00,207614.2,3591.8,16662.0
2026-01-31 18:00:00,208423.0,4431.0,1572.2
2026-01-31 19:00:00,206173.5,6192.2,141.8
2026-01-31 20:00:00,195738.2,8160.8,0.0
2026-01-31 21:00:00,185423.0,9294.2,0.0
2026-01-31 22:00:00,175776.8,9753.8,0.0
2026-01-31 23:00:00,166953.2,10111.8,0.0
2026-02-01 00:00:00,160742.2,10274.8,0.0
2026-02-01 01:00:00,157070.0,10216.8,0.0
2026-02-01 02:00:00,154677.2,10063.8,0.0
2026-02-01 03:00:00,154446.8,10008.2,0.0
2026-02-01 04:00:00,157043.8,10225.5,0.0
2026-02-01 05:00:00,165777.0,10035.8,217.5
2026-02-01 06:00:00,181192.0,9832.5,362.0
2026-02-01 07:00:00,200187.0,9028.0,2054.2
2026-02-01 08:00:00,213893.5,8361.8,14744.2
2026-02-01 09:00:00,224531.0,7470.2,36169.5
2026-02-01 10:00:00,226984.0,5678.0,53102.8
2026-02-01 11:00:00,221300.5,5010.0,64483.8
2026-02-01 12:00:00,213120.2,4823.8,69942.2
2026-02-01 13:00:00,204124.8,4418.8,70017.8
2026-02-01 14:00:00,199910.8,4068.5,65138.8
2026-02-01 15:00:00,197101.2,3955.2,54656.5
2026-02-01 16:00:00,191940.2,4325.2,37386.0
2026-02-01 17:00:00,189704.2,5070.2,15331.5
2026-02-01 18:00:00,194036.5,5592.8,2154.0
2026-02-01 19:00:00,191950.2,7528.2,296.8
2026-02-01 20:00:00,181435.8,8613.2,0.0
2026-02-01 21:00:00,171678.2,9741.2,0.0
2026-02-01 22:00:00,163137.2,10868.2,0.0
2026-02-01 23:00:00,156227.5,11484.2,0.0
2026-02-02 00:00:00,151796.8,11352.2,0.0
2026-02-02 01:00:00,149757.8,10775.0,0.0
2026-02-02 02:00:00,147698.2,10123.0,0.0
2026-02-02 03:00:00,148298.0,10429.8,0.0
2026-02-02 04:00:00,152236.8,10325.8,0.0
2026-02-02 05:00:00,164041.0,10236.8,210.0
2026-02-02 06:00:00,185686.0,10703.2,284.5
2026-02-02 07:00:00,210511.8,11501.2,2094.5
2026-02-02 08:00:00,221577.0,11000.8,14301.5
2026-02-02 09:00:00,229972.0,8877.0,37030.2
2026-02-02 10:00:00,231278.8,6638.2,54676.0
2026-02-02 11:00:00,224379.5,5675.5,65684.2
2026-02-02 12:00:00,217591.0,5172.8,71456.8
2026-02-02 13:00:00,208816.0,4671.8,71150.8
2026-02-02 14:00:00,209328.8,4218.5,66785.2
2026-02-02 15:00:00,210877.8,3918.0,57285.8
2026-02-02 16:00:00,209973.5,4138.0,40082.0
2026-02-02 17:00:00,207713.2,5549.2,15962.0
2026-02-02 18:00:00,209650.5,7270.2,1651.5
2026-02-02 19:00:00,207764.8,9609.2,167.2
2026-02-02 20:00:00,194566.2,11861.2,0.0
2026-02-02 21:00:00,184019.0,13334.2,0.0
2026-02-02 22:00:00,174651.8,13651.0,0.0
2026-02-02 23:00:00,166291.8,13174.5,0.0
2026-02-03 00:00:00,161338.5,12358.5,0.0
2026-02-03 01:00:00,158612.2,11743.2,0.0
2026-02-03 02:00:00,156498.8,11383.8,0.0
2026-02-03 03:00:00,156621.2,11450.8,0.0
2026-02-03 04:00:00,160659.5,11436.8,0.0
2026-02-03 05:00:00,171266.0,11288.8,155.5
2026-02-03 06:00:00,191939.5,11067.8,320.2
2026-02-03 07:00:00,216050.5,10517.8,2331.5
2026-02-03 08:00:00,226433.8,9468.0,17382.8
2026-02-03 09:00:00,233311.0,7870.2,43164.5
2026-02-03 10:00:00,232627.8,5339.0,61830.5
2026-02-03 11:00:00,226782.0,5030.0,70086.8
2026-02-03 12:00:00,220048.5,4592.0,73243.2
2026-02-03 13:00:00,212399.8,4633.8,72124.5
2026-02-03 14:00:00,212987.0,4616.0,66604.2
2026-02-03 15:00:00,213957.5,4562.8,54178.5
2026-02-03 16:00:00,211886.2,5070.8,36675.0
2026-02-03 17:00:00,210050.2,5513.0,16388.5
2026-02-03 18:00:00,212402.0,6699.0,4164.0
2026-02-03 19:00:00,208803.5,8946.8,1417.5
2026-02-03 20:00:00,196305.0,10835.5,0.0
2026-02-03 21:00:00,185015.2,12329.8,0.0
2026-02-03 22:00:00,175418.2,13002.5,0.0
2026-02-03 23:00:00,166663.2,13275.0,0.0
2026-02-04 00:00:00,161769.8,13385.2,0.0
2026-02-04 01:00:00,159643.5,13113.5,0.0
2026-02-04 02:00:00,157253.0,13205.0,0.0
2026-02-04 03:00:00,157440.0,13711.0,0.0
2026-02-04 04:00:00,161442.5,14536.2,0.0
2026-02-04 05:00:00,172085.8,14410.0,134.5
2026-02-04 06:00:00,192978.0,13890.5,342.5
2026-02-04 07:00:00,216783.0,13692.0,2635.2
2026-02-04 08:00:00,225752.8,11772.8,19401.2
2026-02-04 09:00:00,232676.2,9948.2,45857.5
2026-02-04 10:00:00,232688.5,8675.2,62732.8
2026-02-04 11:00:00,224330.8,8124.5,70670.0
2026-02-04 12:00:00,216831.5,8069.0,73913.0
2026-02-04 13:00:00,208780.8,8376.8,73453.0
2026-02-04 14:00:00,207807.8,8511.5,69827.5
2026-02-04 15:00:00,207839.0,8437.8,60057.8
2026-02-04 16:00:00,207461.0,9009.0,43604.8
2026-02-04 17:00:00,206296.5,10012.0,19054.2
2026-02-04 18:00:00,210182.2,11135.2,2319.0
2026-02-04 19:00:00,207794.8,12998.0,354.2
2026-02-04 20:00:00,195628.0,15320.0,0.0
2026-02-04 21:00:00,184445.2,16455.5,0.0
2026-02-04 22:00:00,175118.2,16513.0,0.0
2026-02-04 23:00:00,166625.2,16220.5,0.0
2026-02-05 00:00:00,161728.5,15679.0,0.0
2026-02-05 01:00:00,159251.2,15079.2,0.0
2026-02-05 02:00:00,157129.0,14499.0,0.0
2026-02-05 03:00:00,157113.2,13756.8,0.0
2026-02-05 04:00:00,160860.8,13447.5,0.0
2026-02-05 05:00:00,172369.0,12718.2,131.5
2026-02-05 06:00:00,193792.8,12007.5,350.5
2026-02-05 07:00:00,217512.0,11487.8,2749.5
2026-02-05 08:00:00,226066.2,10086.2,18629.2
2026-02-05 09:00:00,232797.8,8985.2,43983.5
2026-02-05 10:00:00,232464.8,7288.2,63530.5
2026-02-05 11:00:00,226548.0,6594.0,71713.0
2026-02-05 12:00:00,218989.2,6020.8,73596.0
2026-02-05 13:00:00,210336.5,5060.2,72963.5
2026-02-05 14:00:00,210425.2,4367.5,66554.5
2026-02-05 15:00:00,210379.8,3711.0,60529.0
2026-02-05 16:00:00,206012.8,3423.8,40874.5
2026-02-05 17:00:00,206061.8,3768.5,17493.5
2026-02-05 18:00:00,210094.2,4403.2,1964.0
2026-02-05 19:00:00,208677.5,5733.0,219.5
2026-02-05 20:00:00,196637.8,7013.2,0.0
2026-02-05 21:00:00,185706.0,8283.5,0.0
2026-02-05 22:00:00,176830.8,9185.8,0.0
2026-02-05 23:00:00,168910.8,9491.0,0.0
2026-02-06 00:00:00,163487.8,9342.2,0.0
2026-02-06 01:00:00,161108.5,9017.5,0.0
2026-02-06 02:00:00,158396.2,8845.2,0.0
2026-02-06 03:00:00,158601.8,8260.5,0.0
2026-02-06 04:00:00,162451.2,7908.0,0.0
2026-02-06 05:00:00,174058.8,7796.0,170.8
2026-02-06 06:00:00,194957.0,7258.8,364.2
2026-02-06 07:00:00,218201.8,6529.0,3055.8
2026-02-06 08:00:00,226548.2,5800.0,21545.8
2026-02-06 09:00:00,235771.5,5343.8,49062.8
2026-02-06 10:00:00,238576.2,4986.8,66767.2
2026-02-06 11:00:00,232332.8,5517.8,74011.0
2026-02-06 12:00:00,224452.5,3864.8,77429.2
2026-02-06 13:00:00,212819.8,4609.2,77769.5
2026-02-06 14:00:00,211213.2,4169.5,74110.0
2026-02-06 15:00:00,211293.5,3972.2,64850.8
2026-02-06 16:00:00,208881.2,4292.0,47095.8
2026-02-06 17:00:00,206754.2,4772.0,20062.2
2026-02-06 18:00:00,209757.0,5634.2,2318.2
2026-02-06 19:00:00,207986.8,7150.2,244.5
2026-02-06 20:00:00,196172.0,8142.8,0.0
2026-02-06 21:00:00,185501.2,8936.5,0.0
2026-02-06 22:00:00,177266.8,9039.2,0.0
2026-02-06 23:00:00,169852.2,8622.8,0.0
2026-02-07 00:00:00,164951.0,8179.0,0.0
2026-02-07 01:00:00,162693.5,7707.8,0.0
2026-02-07 02:00:00,159957.5,6849.8,0.0
2026-02-07 03:00:00,160152.8,6223.0,0.0
2026-02-07 04:00:00,163355.8,6076.5,0.0
2026-02-07 05:00:00,172506.2,6074.8,201.8
2026-02-07 06:00:00,191598.2,5850.0,382.2
2026-02-07 07:00:00,213304.8,5886.0,3288.2
2026-02-07 08:00:00,224216.8,5838.0,21695.2
2026-02-07 09:00:00,233174.0,5001.8,49555.0
2026-02-07 10:00:00,233350.2,4068.8,67762.2
2026-02-07 11:00:00,226303.0,3882.5,75603.2
2026-02-07 12:00:00,218925.2,3043.8,78269.0
2026-02-07 13:00:00,210208.8,2520.5,77411.0
2026-02-07 14:00:00,208404.8,2478.2,74348.8
2026-02-07 15:00:00,208676.2,2611.5,63892.8
2026-02-07 16:00:00,207069.5,2999.5,45708.8
2026-02-07 17:00:00,205838.8,3440.8,18960.2
2026-02-07 18:00:00,209190.5,4475.0,2429.8
2026-02-07 19:00:00,207491.0,5871.8,384.2
2026-02-07 20:00:00,196983.8,6656.0,0.0
2026-02-07 21:00:00,186574.2,6975.0,0.0
2026-02-07 22:00:00,177903.0,6809.2,0.0
2026-02-07 23:00:00,169935.2,6931.2,0.0
2026-02-08 00:00:00,165706.8,7609.2,0.0
2026-02-08 01:00:00,163536.5,7766.0,0.0
2026-02-08 02:00:00,161102.5,7611.8,0.0
2026-02-08 03:00:00,161294.2,7407.2,0.0
2026-02-08 04:00:00,164182.2,7168.8,0.0
2026-02-08 05:00:00,172341.5,6498.5,253.0
2026-02-08 06:00:00,185845.5,6049.2,687.5
2026-02-08 07:00:00,203405.8,5691.2,3603.2
2026-02-08 08:00:00,214499.5,4454.2,22743.0
2026-02-08 09:00:00,224018.5,3437.8,50665.5
2026-02-08 10:00:00,226103.5,3085.8,69474.2
2026-02-08 11:00:00,220302.8,3306.2,77154.0
2026-02-08 12:00:00,212643.8,2672.8,79186.2
2026-02-08 13:00:00,206135.2,2602.2,77747.8
2026-02-08 14:00:00,200646.2,2611.0,72435.2
2026-02-08 15:00:00,199291.5,2810.0,65623.0
2026-02-08 16:00:00,194267.0,3028.8,47291.2
2026-02-08 17:00:00,191419.0,2983.5,20166.8
2026-02-08 18:00:00,195389.5,3271.0,2013.2
2026-02-08 19:00:00,195781.2,3954.5,236.2
2026-02-08 20:00:00,185840.5,4332.0,0.0
2026-02-08 21:00:00,175763.2,4493.2,0.0
2026-02-08 22:00:00,168598.8,4501.0,0.0
2026-02-08 23:00:00,161322.0,4468.2,0.0
2026-02-09 00:00:00,157611.0,4602.0,0.0
2026-02-09 01:00:00,156669.8,4875.5,0.0
2026-02-09 02:00:00,155192.2,4944.2,0.0
2026-02-09 03:00:00,155761.0,5303.8,0.0
2026-02-09 04:00:00,159959.0,5276.5,0.0
2026-02-09 05:00:00,170466.8,5175.0,76.8
2026-02-09 06:00:00,191988.0,5145.2,214.2
2026-02-09 07:00:00,215121.2,4663.2,2375.0
2026-02-09 08:00:00,225374.8,4063.2,20950.0
2026-02-09 09:00:00,235668.2,3012.8,45500.5
2026-02-09 10:00:00,238190.0,2799.0,61044.0
2026-02-09 11:00:00,233644.0,2600.5,72769.8
2026-02-09 12:00:00,224952.8,2422.8,75775.8
2026-02-09 13:00:00,215585.0,2634.5,76070.0
2026-02-09 14:00:00,215800.2,3099.5,72682.2
2026-02-09 15:00:00,218191.5,3656.0,63312.5
2026-02-09 16:00:00,213944.2,4420.5,45225.5
2026-02-09 17:00:00,210496.2,4978.2,19217.0
2026-02-09 18:00:00,211210.0,5681.2,2183.0
2026-02-09 19:00:00,208677.5,6910.5,142.5
2026-02-09 20:00:00,197288.0,7905.5,0.0
2026-02-09 21:00:00,186494.0,8238.2,0.0
2026-02-09 22:00:00,177479.8,8217.8,0.0
2026-02-09 23:00:00,169459.8,7875.8,0.0
2026-02-10 00:00:00,165343.8,7033.0,0.0
2026-02-10 01:00:00,163930.8,6404.2,0.0
2026-02-10 02:00:00,161542.2,6324.0,0.0
2026-02-10 03:00:00,161840.8,6057.0,0.0
2026-02-10 04:00:00,165254.0,5824.2,0.0
2026-02-10 05:00:00,176798.0,5668.0,0.0
2026-02-10 06:00:00,197230.2,5202.5,199.5
2026-02-10 07:00:00,218223.0,4730.2,2938.8
2026-02-10 08:00:00,228659.5,4032.0,20763.8
2026-02-10 09:00:00,237527.0,3055.0,47364.8
2026-02-10 10:00:00,239753.5,2850.0,66137.5
2026-02-10 11:00:00,233484.0,3024.5,74383.8
2026-02-10 12:00:00,226108.5,3002.2,77927.8
2026-02-10 13:00:00,215631.0,2870.5,76662.2
2026-02-10 14:00:00,215371.2,3128.5,71731.5
2026-02-10 15:00:00,217566.0,3519.8,62199.5
2026-02-10 16:00:00,213938.0,3977.8,43750.5
2026-02-10 17:00:00,210475.5,4803.8,19269.8
2026-02-10 18:00:00,210689.5,6071.0,2380.2
2026-02-10 19:00:00,208923.8,7610.8,280.0
2026-02-10 20:00:00,196909.8,9207.0,0.0
2026-02-10 21:00:00,186004.2,10328.0,0.0
2026-02-10 22:00:00,177702.2,10207.0,0.0
2026-02-10 23:00:00,169795.8,9624.8,0.0
2026-02-11 00:00:00,166250.2,9646.8,0.0
2026-02-11 01:00:00,164709.8,10001.8,0.0
2026-02-11 02:00:00,162289.5,9901.2,0.0
2026-02-11 03:00:00,162470.2,9962.5,0.0
2026-02-11 04:00:00,165660.5,9340.0,0.0
2026-02-11 05:00:00,176697.2,8758.0,117.2
2026-02-11 06:00:00,197976.0,8609.8,443.8
2026-02-11 07:00:00,218985.0,8670.0,3265.5
2026-02-11 08:00:00,228195.2,7970.8,19782.5
2026-02-11 09:00:00,236602.5,7303.8,44982.5
2026-02-11 10:00:00,238244.0,7218.0,64076.2
2026-02-11 11:00:00,232957.2,8014.0,72994.2
2026-02-11 12:00:00,224426.5,8643.8,75734.0
2026-02-11 13:00:00,215130.8,8944.0,74598.8
2026-02-11 14:00:00,215361.0,8711.8,70895.2
2026-02-11 15:00:00,216973.8,8687.8,62592.2
2026-02-11 16:00:00,214115.5,9235.5,44891.8
2026-02-11 17:00:00,210525.5,9682.5,19613.5
2026-02-11 18:00:00,210732.2,9767.0,2303.5
2026-02-11 19:00:00,209686.5,11266.8,285.8
2026-02-11 20:00:00,197084.2,13471.8,0.0
2026-02-11 21:00:00,186317.2,15954.0,0.0
2026-02-11 22:00:00,177648.5,16876.2,0.0
2026-02-11 23:00:00,169761.0,16497.5,0.0
2026-02-12 00:00:00,166020.8,16419.5,0.0
2026-02-12 01:00:00,164363.0,15438.0,0.0
2026-02-12 02:00:00,162396.5,14188.5,0.0
2026-02-12 03:00:00,163013.8,13209.2,0.0
2026-02-12 04:00:00,166459.2,12218.5,0.0
2026-02-12 05:00:00,178411.5,11361.2,253.2
2026-02-12 06:00:00,198423.5,10817.0,567.8
2026-02-12 07:00:00,219345.5,10205.0,3699.2
2026-02-12 08:00:00,227131.5,9299.2,21493.2
2026-02-12 09:00:00,233718.5,7602.8,47606.0
2026-02-12 10:00:00,237650.2,5855.5,66587.8
2026-02-12 11:00:00,230058.8,5296.0,74711.2
2026-02-12 12:00:00,222656.2,4514.2,76824.0
2026-02-12 13:00:00,213432.0,5034.0,73600.0
2026-02-12 14:00:00,215115.5,4124.2,69393.8
2026-02-12 15:00:00,218532.2,3462.2,60553.2
2026-02-12 16:00:00,216708.2,3367.5,42972.0
2026-02-12 17:00:00,211481.2,3878.8,19390.0
2026-02-12 18:00:00,211074.5,5098.2,2676.2
2026-02-12 19:00:00,209709.0,6982.5,309.0
2026-02-12 20:00:00,197688.2,9094.5,0.0
2026-02-12 21:00:00,186872.5,10546.8,0.0
2026-02-12 22:00:00,178201.0,11086.5,0.0
2026-02-12 23:00:00,170877.8,10764.2,0.0
2026-02-13 00:00:00,167415.5,10053.2,0.0
2026-02-13 01:00:00,165951.8,9916.0,0.0
2026-02-13 02:00:00,163922.8,9680.8,0.0
2026-02-13 03:00:00,164521.0,9511.8,0.0
2026-02-13 04:00:00,167930.8,8476.2,0.0
2026-02-13 05:00:00,180050.8,7781.8,301.0
2026-02-13 06:00:00,200561.0,7381.2,756.0
2026-02-13 07:00:00,221174.0,6689.8,4228.5
2026-02-13 08:00:00,230595.5,5565.5,24709.5
2026-02-13 09:00:00,239881.5,3941.8,52267.8
2026-02-13 10:00:00,242265.2,3732.8,69233.2
2026-02-13 11:00:00,236487.5,3961.5,75750.2
2026-02-13 12:00:00,228600.2,2857.8,77172.5
2026-02-13 13:00:00,219897.0,3138.5,77305.5
2026-02-13 14:00:00,219563.0,3289.5,74284.8
2026-02-13 15:00:00,220457.2,3484.0,66067.8
2026-02-13 16:00:00,217229.8,4262.8,48650.0
2026-02-13 17:00:00,211867.5,4472.0,23398.2
2026-02-13 18:00:00,211729.2,4934.0,3208.8
2026-02-13 19:00:00,210762.0,5921.0,372.2
2026-02-13 20:00:00,198863.5,6939.8,0.0
2026-02-13 21:00:00,188424.0,7896.8,0.0
2026-02-13 22:00:00,179852.8,8468.5,0.0
2026-02-13 23:00:00,173008.2,8127.2,0.0
2026-02-14 00:00:00,169307.2,7548.2,0.0
2026-02-14 01:00:00,167942.8,7053.0,0.0
2026-02-14 02:00:00,165578.8,7012.5,0.0
2026-02-14 03:00:00,165790.2,6508.0,0.0
2026-02-14 04:00:00,169417.0,6004.2,0.0
2026-02-14 05:00:00,179969.0,5832.5,220.0
2026-02-14 06:00:00,197785.2,5925.8,683.8
2026-02-14 07:00:00,216952.5,5682.5,4207.8
2026-02-14 08:00:00,227176.0,5074.5,25461.8
2026-02-14 09:00:00,235531.5,4767.5,52684.2
2026-02-14 10:00:00,237555.0,4464.8,69136.8
2026-02-14 11:00:00,232464.5,4283.5,76365.2
2026-02-14 12:00:00,225422.0,3585.5,78586.0
2026-02-14 13:00:00,217614.0,2899.5,77865.0
2026-02-14 14:00:00,219411.2,2766.5,74585.0
2026-02-14 15:00:00,220696.0,3092.0,65673.2
2026-02-14 16:00:00,217702.2,3529.8,48450.5
2026-02-14 17:00:00,212495.0,3925.2,23277.8
2026-02-14 18:00:00,212674.5,4316.8,3302.0
2026-02-14 19:00:00,211674.8,4802.0,371.2
2026-02-14 20:00:00,199379.0,5095.8,0.0
2026-02-14 21:00:00,188582.0,5549.5,0.0
2026-02-14 22:00:00,181241.2,5725.2,0.0
2026-02-14 23:00:00,174459.0,5708.2,0.0
2026-02-15 00:00:00,170353.5,5435.0,0.0
2026-02-15 01:00:00,168319.5,4560.0,0.0
2026-02-15 02:00:00,166382.0,3853.2,0.0
2026-02-15 03:00:00,167029.8,3409.0,0.0
2026-02-15 04:00:00,170933.2,3103.8,0.0
2026-02-15 05:00:00,181503.0,2974.5,62.5
2026-02-15 06:00:00,195631.5,2644.2,432.5
2026-02-15 07:00:00,212349.2,2678.5,3731.8
2026-02-15 08:00:00,224991.2,2593.0,24234.0
2026-02-15 09:00:00,234974.0,2019.2,51557.8
2026-02-15 10:00:00,235651.0,1724.8,68484.8
2026-02-15 11:00:00,228684.8,1515.2,76574.2
2026-02-15 12:00:00,219874.8,1832.2,78875.2
2026-02-15 13:00:00,213063.0,2101.2,78745.8
2026-02-15 14:00:00,208578.8,2140.2,74786.0
2026-02-15 15:00:00,206397.5,2513.2,65004.5
2026-02-15 16:00:00,200551.2,3292.2,47195.5
2026-02-15 17:00:00,193613.8,3699.8,22581.5
2026-02-15 18:00:00,192913.0,4674.8,3017.0
2026-02-15 19:00:00,192159.5,5750.0,296.8
2026-02-15 20:00:00,182735.5,5941.8,0.0
2026-02-15 21:00:00,174964.0,6140.0,0.0
2026-02-15 22:00:00,169904.2,6381.0,0.0
2026-02-15 23:00:00,163915.5,6426.2,0.0
2026-02-16 00:00:00,160917.8,6061.8,0.0
2026-02-16 01:00:00,159937.8,5372.0,0.0
2026-02-16 02:00:00,158051.8,4878.2,0.0
2026-02-16 03:00:00,158714.8,4754.5,0.0
2026-02-16 04:00:00,162616.5,4828.2,0.0
2026-02-16 05:00:00,174228.5,5100.8,205.2
2026-02-16 06:00:00,192344.2,5213.2,569.2
2026-02-16 07:00:00,213687.0,5292.5,3674.5
2026-02-16 08:00:00,224182.0,4807.8,23375.2
2026-02-16 09:00:00,234419.2,3666.0,49789.2
2026-02-16 10:00:00,236800.2,3201.8,66442.0
2026-02-16 11:00:00,230870.0,3378.0,74579.5
2026-02-16 12:00:00,223829.2,3647.5,77181.5
2026-02-16 13:00:00,217365.2,3817.2,76918.5
2026-02-16 14:00:00,218533.5,5062.0,73131.5
2026-02-16 15:00:00,220137.5,4932.8,63663.0
2026-02-16 16:00:00,217336.2,4861.0,46329.8
2026-02-16 17:00:00,211859.2,5371.5,21942.2
2026-02-16 18:00:00,210714.0,5820.2,2825.0
2026-02-16 19:00:00,209377.8,7102.8,139.2
2026-02-16 20:00:00,197481.5,8394.0,0.0
2026-02-16 21:00:00,187559.2,9210.0,0.0
2026-02-16 22:00:00,179493.2,10093.0,0.0
2026-02-16 23:00:00,172271.8,10138.5,0.0
2026-02-17 00:00:00,168646.2,9433.2,0.0
2026-02-17 01:00:00,167149.0,8842.2,0.0
2026-02-17 02:00:00,165377.2,8286.2,0.0
2026-02-17 03:00:00,165712.2,7998.0,0.0
2026-02-17 04:00:00,169128.0,7651.5,0.0
2026-02-17 05:00:00,180057.0,7027.8,75.2
2026-02-17 06:00:00,199230.8,6480.2,377.8
2026-02-17 07:00:00,218708.8,6382.2,3834.2
2026-02-17 08:00:00,229328.0,5381.0,22884.8
2026-02-17 09:00:00,238357.2,4844.8,48796.5
2026-02-17 10:00:00,241903.2,4843.5,65919.5
2026-02-17 11:00:00,235185.0,4141.0,74015.5
2026-02-17 12:00:00,227813.2,3449.2,76664.2
2026-02-17 13:00:00,218113.5,3185.2,76366.0
2026-02-17 14:00:00,219847.5,2754.2,72461.2
2026-02-17 15:00:00,221002.8,2869.5,63149.5
2026-02-17 16:00:00,216491.8,3329.8,46084.2
2026-02-17 17:00:00,211868.0,4037.8,21630.8
2026-02-17 18:00:00,211042.0,5285.0,3580.5
2026-02-17 19:00:00,209559.5,7241.5,274.2
2026-02-17 20:00:00,197392.5,9852.0,0.0
2026-02-17 21:00:00,186915.8,11067.5,0.0
2026-02-17 22:00:00,179402.5,11622.5,0.0
2026-02-17 23:00:00,173015.0,11111.0,0.0
2026-02-18 00:00:00,169305.0,11191.2,0.0
2026-02-18 01:00:00,167354.2,11490.0,0.0
2026-02-18 02:00:00,165346.5,11348.8,0.0
2026-02-18 03:00:00,165253.8,11286.5,0.0
2026-02-18 04:00:00,168173.2,11639.5,0.0
2026-02-18 05:00:00,178712.0,10973.5,178.2
2026-02-18 06:00:00,197857.8,10516.0,554.8
2026-02-18 07:00:00,219016.2,9716.5,3345.2
2026-02-18 08:00:00,229038.0,8244.5,19234.8
2026-02-18 09:00:00,237518.0,7056.8,43098.8
2026-02-18 10:00:00,237895.5,5812.8,63227.0
2026-02-18 11:00:00,232146.2,4178.5,72821.2
2026-02-18 12:00:00,223507.8,2982.2,75588.2
2026-02-18 13:00:00,214557.8,2890.8,74348.8
2026-02-18 14:00:00,216976.0,3109.2,69932.2
2026-02-18 15:00:00,218607.0,3182.2,57679.8
2026-02-18 16:00:00,215289.2,3419.0,39683.0
2026-02-18 17:00:00,210766.0,4049.5,18226.8
2026-02-18 18:00:00,210638.8,5199.2,2396.0
2026-02-18 19:00:00,209780.8,7050.0,109.0
2026-02-18 20:00:00,196869.2,9164.0,0.0
2026-02-18 21:00:00,186005.8,11096.5,0.0
2026-02-18 22:00:00,178074.8,11416.0,0.0
2026-02-18 23:00:00,171236.2,11002.0,0.0
2026-02-19 00:00:00,167480.2,10221.0,0.0
2026-02-19 01:00:00,166118.0,9238.8,0.0
2026-02-19 02:00:00,164147.5,8357.5,0.0
2026-02-19 03:00:00,165640.8,7535.5,0.0
2026-02-19 04:00:00,170872.2,7618.8,0.0
2026-02-19 05:00:00,180422.8,7853.8,179.2
2026-02-19 06:00:00,196592.0,8411.5,164.2
2026-02-19 07:00:00,215782.0,8734.0,3302.0
2026-02-19 08:00:00,225083.2,8293.2,22278.8
2026-02-19 09:00:00,232950.2,6617.5,48446.8
2026-02-19 10:00:00,233114.5,5913.5,66594.2
2026-02-19 11:00:00,228626.8,5381.8,75449.2
2026-02-19 12:00:00,220150.8,4582.2,77422.0
2026-02-19 13:00:00,212839.2,4489.0,75719.8
2026-02-19 14:00:00,215629.5,4631.0,72197.5
2026-02-19 15:00:00,218220.2,4655.0,62482.8
2026-02-19 16:00:00,215440.2,5217.5,44698.2
2026-02-19 17:00:00,210003.8,6172.2,20819.8
2026-02-19 18:00:00,208893.0,7282.2,2803.5
2026-02-19 19:00:00,207610.2,9322.2,71.0
2026-02-19 20:00:00,194634.8,11302.2,0.0
2026-02-19 21:00:00,185528.5,13319.2,0.0
2026-02-19 22:00:00,178643.2,14027.0,0.0
2026-02-19 23:00:00,171912.8,14677.0,0.0
2026-02-20 00:00:00,168546.5,15420.8,0.0
2026-02-20 01:00:00,166487.8,15524.0,0.0
2026-02-20 02:00:00,164503.5,14570.8,0.0
2026-02-20 03:00:00,165846.5,13843.8,0.0
2026-02-20 04:00:00,171812.5,13443.2,0.0
2026-02-20 05:00:00,181904.5,13111.5,154.8
2026-02-20 06:00:00,197953.2,12714.5,199.0
2026-02-20 07:00:00,216364.5,11926.0,3654.2
2026-02-20 08:00:00,225705.5,10205.8,22479.5
2026-02-20 09:00:00,234518.2,7720.2,47724.5
2026-02-20 10:00:00,237246.2,6853.2,65230.0
2026-02-20 11:00:00,232318.2,6902.8,72001.2
2026-02-20 12:00:00,224804.8,7222.8,73754.2
2026-02-20 13:00:00,214713.2,6649.2,72499.2
2026-02-20 14:00:00,216914.5,6129.5,68923.0
2026-02-20 15:00:00,218955.5,6031.0,59552.5
2026-02-20 16:00:00,215972.5,6588.8,43205.5
2026-02-20 17:00:00,210275.8,7147.5,20785.0
2026-02-20 18:00:00,209026.5,8087.5,3490.2
2026-02-20 19:00:00,208729.0,9767.8,95.8
2026-02-20 20:00:00,196575.8,12014.8,0.0
2026-02-20 21:00:00,186828.0,13584.0,0.0
2026-02-20 22:00:00,179582.5,14304.2,0.0
2026-02-20 23:00:00,173059.2,14070.5,0.0
2026-02-21 00:00:00,169969.0,13351.0,0.0
2026-02-21 01:00:00,168418.8,11864.0,0.0
2026-02-21 02:00:00,166663.0,10356.0,0.0
2026-02-21 03:00:00,168141.0,9416.2,0.0
2026-02-21 04:00:00,173349.5,8495.8,0.0
2026-02-21 05:00:00,182861.2,7798.2,168.5
2026-02-21 06:00:00,197741.0,7320.0,279.0
2026-02-21 07:00:00,214294.0,6744.5,4029.8
2026-02-21 08:00:00,224330.8,5621.5,25076.8
2026-02-21 09:00:00,232412.0,4658.2,51670.0
2026-02-21 10:00:00,234970.5,4145.0,67954.2
2026-02-21 11:00:00,230215.5,3497.5,74869.2
2026-02-21 12:00:00,222730.5,2611.0,76631.0
2026-02-21 13:00:00,214394.0,2276.5,75819.2
2026-02-21 14:00:00,217488.0,2263.2,71275.5
2026-02-21 15:00:00,220870.5,2604.5,62137.5
2026-02-21 16:00:00,217653.0,3074.5,46285.5
2026-02-21 17:00:00,211173.0,3794.8,23981.8
2026-02-21 18:00:00,209525.8,3986.2,5031.0
2026-02-21 19:00:00,209878.8,4686.8,758.8
2026-02-21 20:00:00,198224.2,5531.5,0.0
2026-02-21 21:00:00,188993.8,5808.2,0.0
2026-02-21 22:00:00,181848.8,5936.5,0.0
2026-02-21 23:00:00,175667.2,6029.8,0.0
2026-02-22 00:00:00,172673.2,5673.8,0.0
2026-02-22 01:00:00,171154.0,4842.2,0.0
2026-02-22 02:00:00,169767.0,3862.5,0.0
2026-02-22 03:00:00,170780.8,3245.2,0.0
2026-02-22 04:00:00,175412.2,2666.0,0.0
2026-02-22 05:00:00,182114.8,2463.8,97.5
2026-02-22 06:00:00,192985.0,2197.0,493.2
2026-02-22 07:00:00,206427.2,1972.5,4597.0
2026-02-22 08:00:00,214276.0,1813.2,24794.8
2026-02-22 09:00:00,222497.0,1556.8,50050.8
2026-02-22 10:00:00,226572.5,1415.2,65973.0
2026-02-22 11:00:00,220992.2,1445.8,73252.8
2026-02-22 12:00:00,214264.8,1875.8,76350.0
2026-02-22 13:00:00,206866.8,2255.8,75822.5
2026-02-22 14:00:00,205567.5,2719.5,71117.0
2026-02-22 15:00:00,205069.5,3092.2,61743.8
2026-02-22 16:00:00,200791.8,3383.5,45007.2
2026-02-22 17:00:00,194872.2,3828.8,21506.5
2026-02-22 18:00:00,196991.8,4127.0,3328.2
2026-02-22 19:00:00,198561.2,5300.5,340.0
2026-02-22 20:00:00,189166.2,6002.5,0.0
2026-02-22 21:00:00,181799.8,5870.8,0.0
2026-02-22 22:00:00,176119.0,5871.0,0.0
2026-02-22 23:00:00,169921.5,5430.8,0.0
2026-02-23 00:00:00,166280.2,5146.5,0.0
2026-02-23 01:00:00,165907.0,4887.0,0.0
2026-02-23 02:00:00,163953.0,4720.0,0.0
2026-02-23 03:00:00,164809.0,4250.0,0.0
2026-02-23 04:00:00,170626.0,3908.0,0.0
2026-02-23 05:00:00,180354.8,3569.0,213.0
2026-02-23 06:00:00,198140.8,3077.5,211.0
2026-02-23 07:00:00,214942.5,2354.0,3783.8
2026-02-23 08:00:00,225400.2,1969.8,23547.5
2026-02-23 09:00:00,235360.5,1703.8,56070.2
2026-02-23 10:00:00,238466.2,1706.0,65295.8
2026-02-23 11:00:00,233986.8,1611.8,73091.5
2026-02-23 12:00:00,226949.8,1413.0,75486.5
2026-02-23 13:00:00,218000.2,1413.2,73288.0
2026-02-23 14:00:00,221509.2,1795.8,67814.0
2026-02-23 15:00:00,222336.5,2180.2,59613.2
2026-02-23 16:00:00,216607.0,2407.0,43997.0
2026-02-23 17:00:00,209547.8,2702.8,21531.2
2026-02-23 18:00:00,208007.5,3136.5,3490.2
2026-02-23 19:00:00,209666.5,3625.8,261.8
2026-02-23 20:00:00,199143.5,4150.0,0.0
2026-02-23 21:00:00,190611.0,4126.2,0.0
2026-02-23 22:00:00,184687.2,4524.0,0.0
2026-02-23 23:00:00,177881.0,4499.0,0.0
2026-02-24 00:00:00,173144.0,4266.0,0.0
2026-02-24 01:00:00,170279.5,4097.5,0.0
2026-02-24 02:00:00,167628.5,3822.8,0.0
2026-02-24 03:00:00,167685.0,3701.2,0.0
2026-02-24 04:00:00,171209.0,3533.5,0.0
2026-02-24 05:00:00,180164.0,3606.2,234.2
2026-02-24 06:00:00,195193.5,4326.5,295.2
2026-02-24 07:00:00,213364.8,4987.2,4036.5
2026-02-24 08:00:00,221726.2,4709.5,24377.5
2026-02-24 09:00:00,229578.0,4325.8,50111.2
2026-02-24 10:00:00,232115.2,3958.2,67083.5
2026-02-24 11:00:00,227775.5,3461.0,74209.8
2026-02-24 12:00:00,221229.5,3010.0,76090.0
2026-02-24 13:00:00,214729.2,2615.0,75087.5
2026-02-24 14:00:00,218623.0,2495.0,70809.8
2026-02-24 15:00:00,221194.8,2968.5,62205.8
2026-02-24 16:00:00,216861.2,3642.2,45813.8
2026-02-24 17:00:00,210356.2,4005.8,22444.2
2026-02-24 18:00:00,209704.2,4781.2,3575.2
2026-02-24 19:00:00,211143.0,5173.8,240.0
2026-02-24 20:00:00,200286.0,5449.5,0.0
2026-02-24 21:00:00,191405.0,5275.8,0.0
2026-02-24 22:00:00,184850.0,5490.2,0.0
2026-02-24 23:00:00,178496.5,4942.2,0.0
2026-02-25 00:00:00,173748.2,4859.0,0.0
2026-02-25 01:00:00,171386.2,4561.2,0.0
2026-02-25 02:00:00,169224.5,4110.5,0.0
2026-02-25 03:00:00,170287.5,3913.2,0.0
2026-02-25 04:00:00,174866.5,3700.2,0.0
2026-02-25 05:00:00,183163.5,3389.2,105.0
2026-02-25 06:00:00,198307.2,3129.2,205.2
2026-02-25 07:00:00,214557.5,2861.2,4069.5
2026-02-25 08:00:00,224500.8,2282.2,24433.2
2026-02-25 09:00:00,232504.0,1465.0,50598.2
2026-02-25 10:00:00,234291.0,957.8,67580.2
2026-02-25 11:00:00,230469.8,953.5,74793.2
2026-02-25 12:00:00,223701.0,993.8,76315.2
2026-02-25 13:00:00,215774.2,1263.2,74401.5
2026-02-25 14:00:00,219760.8,1867.0,69524.2
2026-02-25 15:00:00,220970.2,2812.8,60601.2
2026-02-25 16:00:00,215206.0,4242.2,44107.2
2026-02-25 17:00:00,208827.2,4069.5,21370.0
2026-02-25 18:00:00,208248.8,4382.5,3197.5
2026-02-25 19:00:00,209152.2,5261.8,93.0
2026-02-25 20:00:00,198827.5,6129.8,0.0
2026-02-25 21:00:00,190281.5,6445.8,0.0
2026-02-25 22:00:00,184004.0,6142.2,0.0
2026-02-25 23:00:00,178302.0,5844.8,0.0
2026-02-26 00:00:00,174410.0,5606.8,0.0
2026-02-26 01:00:00,172657.2,4917.2,0.0
2026-02-26 02:00:00,170791.0,4816.2,0.0
2026-02-26 03:00:00,171508.5,5269.2,0.0
2026-02-26 04:00:00,175408.8,5235.2,0.0
2026-02-26 05:00:00,183393.0,4957.2,167.5
2026-02-26 06:00:00,199180.2,4589.2,295.0
2026-02-26 07:00:00,213102.5,4058.0,4302.8
2026-02-26 08:00:00,222737.5,3014.0,26374.2
2026-02-26 09:00:00,230619.5,1809.2,53663.0
2026-02-26 10:00:00,232636.8,1527.0,70379.5
2026-02-26 11:00:00,228912.2,1246.8,76978.0
2026-02-26 12:00:00,222096.2,1068.8,77807.8
2026-02-26 13:00:00,214124.5,1244.0,75906.8
2026-02-26 14:00:00,216982.8,1685.8,70832.0
2026-02-26 15:00:00,219303.0,2352.5,61574.2
2026-02-26 16:00:00,215923.2,3219.0,45575.8
2026-02-26 17:00:00,210976.5,4177.8,22873.0
2026-02-26 18:00:00,210158.5,5034.0,3851.2
2026-02-26 19:00:00,211726.0,5558.2,314.8
2026-02-26 20:00:00,201682.0,5980.5,0.0
2026-02-26 21:00:00,192805.2,6732.2,0.0
2026-02-26 22:00:00,186633.8,7262.0,0.0
2026-02-26 23:00:00,180623.2,7296.0,0.0
2026-02-27 00:00:00,176874.5,7570.0,0.0
2026-02-27 01:00:00,174741.5,7219.0,0.0
2026-02-27 02:00:00,172717.5,6541.8,0.0
2026-02-27 03:00:00,173287.8,5873.8,0.0
2026-02-27 04:00:00,178403.0,5411.5,0.0
2026-02-27 05:00:00,187373.0,4792.8,566.0
2026-02-27 06:00:00,203328.0,4475.8,696.5
2026-02-27 07:00:00,218316.5,3809.2,4710.2
2026-02-27 08:00:00,227018.5,2978.2,25609.5
2026-02-27 09:00:00,235448.5,2397.8,50309.8
2026-02-27 10:00:00,239703.0,1868.0,67373.5
2026-02-27 11:00:00,236363.5,2155.0,75017.2
2026-02-27 12:00:00,228452.5,2369.5,77007.8
2026-02-27 13:00:00,217294.8,2713.2,74016.0
2026-02-27 14:00:00,219952.2,3216.5,69729.2
2026-02-27 15:00:00,222346.5,3787.5,59994.2
2026-02-27 16:00:00,217254.5,4377.2,44407.5
2026-02-27 17:00:00,211514.2,5294.0,22256.5
2026-02-27 18:00:00,210204.5,6382.8,3496.2
2026-02-27 19:00:00,212170.8,7118.2,166.2
2026-02-27 20:00:00,201650.2,8135.2,0.0
2026-02-27 21:00:00,192311.5,9174.2,0.0
2026-02-27 22:00:00,186154.2,9685.2,0.0
2026-02-27 23:00:00,180253.0,9850.0,0.0
2026-02-28 00:00:00,176145.2,9573.2,0.0
2026-02-28 01:00:00,174450.0,9604.8,0.0
2026-02-28 02:00:00,171634.2,9107.0,0.0
2026-02-28 03:00:00,172803.5,8413.0,0.0
2026-02-28 04:00:00,178006.2,7447.0,0.0
2026-02-28 05:00:00,187680.2,6512.8,204.5
2026-02-28 06:00:00,200652.5,5629.5,671.5
2026-02-28 07:00:00,214438.0,4849.8,4829.0
2026-02-28 08:00:00,222230.0,3561.8,25943.8
2026-02-28 09:00:00,229065.2,3580.0,50477.8
2026-02-28 10:00:00,233456.5,2063.5,69083.0
2026-02-28 11:00:00,229317.2,1715.2,77087.8
2026-02-28 12:00:00,222448.0,1970.8,78868.5
2026-02-28 13:00:00,213359.0,2386.2,77607.8
2026-02-28 14:00:00,216780.5,2663.5,73274.8
2026-02-28 15:00:00,219323.2,3027.5,63710.8
2026-02-28 16:00:00,216585.0,3593.8,47589.0
2026-02-28 17:00:00,211042.5,4298.8,24095.2
2026-02-28 18:00:00,208748.5,4900.0,3999.8
2026-02-28 19:00:00,211298.5,5873.5,99.2
2026-02-28 20:00:00,201652.2,6580.8,0.0
2026-02-28 21:00:00,193151.0,7089.8,0.0
2026-02-28 22:00:00,187999.5,7316.8,0.0
2026-02-28 23:00:00,182714.0,7278.5,0.0
2026-03-01 00:00:00,178870.2,7186.2,0.0
2026-03-01 01:00:00,176969.0,7185.5,0.0
2026-03-01 02:00:00,174924.2,7041.0,0.0
2026-03-01 03:00:00,175316.5,7101.5,0.0
2026-03-01 04:00:00,180104.2,6670.2,0.0
2026-03-01 05:00:00,186842.5,6096.8,149.8
2026-03-01 06:00:00,195170.8,5777.0,304.2
2026-03-01 07:00:00,206780.5,5273.8,4733.2
2026-03-01 08:00:00,212034.2,4149.8,25556.0
2026-03-01 09:00:00,217229.8,3734.5,50419.8
2026-03-01 10:00:00,222214.0,2200.2,68372.5
2026-03-01 11:00:00,219920.0,1311.8,77336.5
2026-03-01 12:00:00,214772.2,1168.5,79518.2
2026-03-01 13:00:00,207571.5,1316.0,77742.2
2026-03-01 14:00:00,205936.0,1619.5,73351.8
2026-03-01 15:00:00,205583.0,1996.2,64233.0
2026-03-01 16:00:00,202695.0,2388.0,47406.5
2026-03-01 17:00:00,197745.2,2681.8,23581.2
2026-03-01 18:00:00,197026.0,2966.8,3875.5
2026-03-01 19:00:00,200257.8,3543.2,190.5
2026-03-01 20:00:00,192265.2,3965.2,0.0
2026-03-01 21:00:00,186647.8,4479.0,0.0
2026-03-01 22:00:00,182389.8,4776.2,0.0
2026-03-01 23:00:00,177125.8,5309.5,0.0
2026-03-02 00:00:00,173561.2,5504.2,0.0
2026-03-02 01:00:00,171832.5,4526.5,0.0
2026-03-02 02:00:00,169729.8,3866.5,0.0
2026-03-02 03:00:00,170520.0,3894.5,0.0
2026-03-02 04:00:00,175388.2,4115.5,0.0
2026-03-02 05:00:00,183702.5,4461.2,157.5
2026-03-02 06:00:00,199330.8,4445.2,307.8
2026-03-02 07:00:00,214713.5,4014.0,4861.0
2026-03-02 08:00:00,219853.0,2946.5,26303.0
2026-03-02 09:00:00,229479.0,3465.2,50275.2
2026-03-02 10:00:00,233278.0,1997.0,67516.2
2026-03-02 11:00:00,230285.5,1195.5,76589.8
2026-03-02 12:00:00,223717.8,3170.0,78795.0
2026-03-02 13:00:00,215765.5,1730.2,77772.2
2026-03-02 14:00:00,216874.2,1506.5,74274.8
2026-03-02 15:00:00,219359.2,1834.8,65053.8
2026-03-02 16:00:00,215458.8,2277.5,47498.2
2026-03-02 17:00:00,212005.0,2699.0,23999.5
2026-03-02 18:00:00,209880.2,3251.2,3975.2
2026-03-02 19:00:00,209247.2,4010.8,206.2
2026-03-02 20:00:00,199331.5,5176.8,0.0
2026-03-02 21:00:00,192073.2,5728.5,0.0
2026-03-02 22:00:00,187579.0,5791.2,0.0
2026-03-02 23:00:00,182056.2,5326.2,0.0
2026-03-03 00:00:00,177794.0,4938.5,0.0
2026-03-03 01:00:00,176210.2,4459.2,0.0
2026-03-03 02:00:00,173857.2,4174.8,0.0
2026-03-03 03:00:00,173727.0,4195.8,0.0
2026-03-03 04:00:00,178305.8,3841.2,0.0
2026-03-03 05:00:00,185406.5,3597.8,192.8
2026-03-03 06:00:00,195329.8,3655.5,382.8
2026-03-03 07:00:00,208338.5,3405.5,5838.5
2026-03-03 08:00:00,213580.8,2742.2,30231.2
2026-03-03 09:00:00,222578.5,3202.2,55134.2
2026-03-03 10:00:00,224047.0,2129.0,71954.8
2026-03-03 11:00:00,220004.8,2521.0,79530.0
2026-03-03 12:00:00,214002.2,3102.2,81238.0
2026-03-03 13:00:00,208065.0,2945.5,80700.2
2026-03-03 14:00:00,208362.0,3195.8,77713.0
2026-03-03 15:00:00,209088.8,3394.2,69409.5
2026-03-03 16:00:00,204985.2,3698.2,52369.5
2026-03-03 17:00:00,200171.2,3944.8,27193.0
2026-03-03 18:00:00,200776.5,4414.0,5690.8
2026-03-03 19:00:00,208802.2,4733.0,586.8
2026-03-03 20:00:00,197711.0,5162.8,0.0
2026-03-03 21:00:00,188065.5,5243.5,0.0
2026-03-03 22:00:00,182700.0,5187.0,0.0
2026-03-03 23:00:00,176970.2,4982.5,0.0
2026-03-04 00:00:00,173075.5,5161.0,0.0
2026-03-04 01:00:00,171465.5,5044.2,0.0
2026-03-04 02:00:00,169405.5,4843.8,0.0
2026-03-04 03:00:00,169537.8,4767.8,0.0
2026-03-04 04:00:00,172165.0,5044.5,0.0
2026-03-04 05:00:00,178559.0,5174.5,1174.2
2026-03-04 06:00:00,189530.2,4639.0,1352.2
2026-03-04 07:00:00,201166.2,4139.2,7231.5
2026-03-04 08:00:00,203335.5,4302.0,32370.2
2026-03-04 09:00:00,207762.0,3621.2,56668.8
2026-03-04 10:00:00,206094.2,2571.0,73440.5
2026-03-04 11:00:00,202537.5,3479.0,75896.8
2026-03-04 12:00:00,199183.0,3817.2,75395.8
2026-03-04 13:00:00,195446.8,4136.2,74252.0
2026-03-04 14:00:00,193354.2,4336.8,69971.5
2026-03-04 15:00:00,194013.2,4597.8,64937.8
2026-03-04 16:00:00,190435.8,4751.5,50597.2
2026-03-04 17:00:00,183272.2,4603.2,26479.5
2026-03-04 18:00:00,179307.0,4956.2,4697.5
2026-03-04 19:00:00,182157.5,5381.0,437.8
2026-03-04 20:00:00,176239.0,5625.5,0.0
2026-03-04 21:00:00,171067.2,6233.8,0.0
2026-03-04 22:00:00,167081.0,6995.2,0.0
2026-03-04 23:00:00,161934.2,7504.8,0.0
2026-03-05 00:00:00,158724.0,7134.8,0.0
2026-03-05 01:00:00,157791.0,6881.8,0.0
2026-03-05 02:00:00,156271.2,6527.2,0.0
2026-03-05 03:00:00,157235.5,6212.8,0.0
2026-03-05 04:00:00,161714.5,6018.2,0.0
2026-03-05 05:00:00,168801.2,5411.2,594.8
2026-03-05 06:00:00,183947.5,4962.2,723.0
2026-03-05 07:00:00,198991.5,4722.5,6800.8
2026-03-05 08:00:00,207240.2,4151.0,32255.8
2026-03-05 09:00:00,218526.8,3419.2,57477.8
2026-03-05 10:00:00,220246.0,3256.0,71856.8
2026-03-05 11:00:00,218818.2,4520.5,77527.0
2026-03-05 12:00:00,212700.5,6285.2,72659.5
2026-03-05 13:00:00,206061.0,6129.8,77714.8
2026-03-05 14:00:00,207025.8,6704.8,73332.2
2026-03-05 15:00:00,210771.8,7041.5,68106.5
2026-03-05 16:00:00,209735.2,7117.2,51490.5
2026-03-05 17:00:00,206007.8,7199.0,28203.0
2026-03-05 18:00:00,204106.5,7050.8,5281.0
2026-03-05 19:00:00,207426.2,6837.8,214.8
2026-03-05 20:00:00,199570.2,7421.0,0.0
2026-03-05 21:00:00,193222.8,7331.2,0.0
2026-03-05 22:00:00,188861.2,7167.8,0.0
2026-03-05 23:00:00,184418.5,6979.0,0.0
2026-03-06 00:00:00,181473.2,7082.2,0.0
2026-03-06 01:00:00,179046.0,7466.2,0.0
2026-03-06 02:00:00,176956.5,7720.8,0.0
2026-03-06 03:00:00,177813.5,7797.5,0.0
2026-03-06 04:00:00,181814.5,7796.2,0.0
2026-03-06 05:00:00,189413.5,7463.5,204.8
2026-03-06 06:00:00,202234.0,6687.0,374.8
2026-03-06 07:00:00,215104.5,6232.2,7094.5
2026-03-06 08:00:00,220023.2,4289.0,33571.2
2026-03-06 09:00:00,229296.0,3682.2,55636.5
2026-03-06 10:00:00,232974.2,3635.2,75184.0
2026-03-06 11:00:00,231106.5,3677.0,81290.8
2026-03-06 12:00:00,227297.0,3881.8,82286.2
2026-03-06 13:00:00,219468.5,3554.2,81601.8
2026-03-06 14:00:00,221259.0,3754.5,78914.0
2026-03-06 15:00:00,224080.2,3903.0,72575.5
2026-03-06 16:00:00,223255.0,3834.5,56861.2
2026-03-06 17:00:00,216802.0,3733.5,29761.0
2026-03-06 18:00:00,213517.8,4128.2,5240.8
2026-03-06 19:00:00,215111.0,5344.2,145.2
2026-03-06 20:00:00,207385.8,6251.5,0.0
2026-03-06 21:00:00,201536.5,6604.0,0.0
2026-03-06 22:00:00,197643.0,6359.8,0.0
2026-03-06 23:00:00,193108.8,6406.2,0.0
2026-03-07 00:00:00,189210.8,6714.0,0.0
2026-03-07 01:00:00,187248.8,6433.5,0.0
2026-03-07 02:00:00,185430.5,6255.8,0.0
2026-03-07 03:00:00,185263.8,5925.5,0.0
2026-03-07 04:00:00,188950.5,5759.8,0.0
2026-03-07 05:00:00,194064.5,5443.8,116.0
2026-03-07 06:00:00,203401.5,4998.8,230.2
2026-03-07 07:00:00,215775.5,4440.8,6742.0
2026-03-07 08:00:00,223236.2,3378.8,33229.5
2026-03-07 09:00:00,233885.0,2143.2,59203.2
2026-03-07 10:00:00,237450.8,2239.5,73831.8
2026-03-07 11:00:00,233807.2,2246.2,79307.5
2026-03-07 12:00:00,228300.0,2284.8,80100.5
2026-03-07 13:00:00,220663.2,2440.8,79289.0
2026-03-07 14:00:00,224147.0,2409.8,75867.0
2026-03-07 15:00:00,228149.5,2640.8,67933.0
2026-03-07 16:00:00,224956.2,3739.8,51953.5
2026-03-07 17:00:00,217174.2,3277.2,27736.2
2026-03-07 18:00:00,213542.8,3466.2,4966.0
2026-03-07 19:00:00,214770.2,3790.5,88.5
2026-03-07 20:00:00,208334.2,4158.0,0.0
2026-03-07 21:00:00,202965.2,4290.5,0.0
2026-03-07 22:00:00,200751.8,4121.8,0.0
2026-03-07 23:00:00,196912.0,3900.8,0.0
2026-03-08 00:00:00,192930.8,3717.5,0.0
2026-03-08 01:00:00,190931.8,3699.2,0.0
2026-03-08 02:00:00,188569.2,3649.2,0.0
2026-03-08 03:00:00,188222.8,3156.2,0.0
2026-03-08 04:00:00,190406.2,2771.2,0.0
2026-03-08 05:00:00,194557.8,2649.2,141.8
2026-03-08 06:00:00,200920.2,2622.2,237.8
2026-03-08 07:00:00,207948.2,2650.0,6445.0
2026-03-08 08:00:00,212829.8,2113.5,31612.2
2026-03-08 09:00:00,220658.2,1455.0,56103.2
2026-03-08 10:00:00,222804.8,1705.8,70582.8
2026-03-08 11:00:00,220777.8,1948.2,77236.8
2026-03-08 12:00:00,216313.2,2581.8,79347.8
2026-03-08 13:00:00,210900.5,2951.0,78699.5
2026-03-08 14:00:00,211060.5,3157.8,75015.8
2026-03-08 15:00:00,212056.5,3411.5,66126.0
2026-03-08 16:00:00,208010.8,3992.8,51325.5
2026-03-08 17:00:00,201982.2,4346.5,27100.5
2026-03-08 18:00:00,202804.8,4576.8,4786.8
2026-03-08 19:00:00,207603.2,5239.5,168.8
2026-03-08 20:00:00,201144.2,5776.0,0.0
2026-03-08 21:00:00,197993.0,6028.0,0.0
2026-03-08 22:00:00,196084.2,6308.2,0.0
2026-03-08 23:00:00,191563.5,7111.2,0.0
2026-03-09 00:00:00,187682.5,6947.2,0.0
2026-03-09 01:00:00,185490.5,6624.8,0.0
2026-03-09 02:00:00,182360.0,6566.2,0.0
2026-03-09 03:00:00,182302.8,6531.2,0.0
2026-03-09 04:00:00,185712.2,6589.2,0.0
2026-03-09 05:00:00,192225.0,6077.8,223.5
2026-03-09 06:00:00,202595.5,5146.0,291.5
2026-03-09 07:00:00,213649.8,4347.5,6922.0
2026-03-09 08:00:00,220904.5,3388.8,32623.2
2026-03-09 09:00:00,232216.0,2277.2,57859.0
2026-03-09 10:00:00,235670.5,2469.2,70973.8
2026-03-09 11:00:00,233537.2,4007.5,77571.2
2026-03-09 12:00:00,227910.5,4998.2,79280.0
2026-03-09 13:00:00,221399.0,5330.8,77585.0
2026-03-09 14:00:00,225736.8,6036.2,73603.5
2026-03-09 15:00:00,229617.0,6875.0,64969.8
2026-03-09 16:00:00,225254.8,8214.5,50018.5
2026-03-09 17:00:00,218690.2,9108.2,26695.0
2026-03-09 18:00:00,216988.5,9182.2,5004.5
2026-03-09 19:00:00,219415.0,9507.0,287.0
2026-03-09 20:00:00,212544.2,11141.5,0.0
2026-03-09 21:00:00,206860.0,12533.8,0.0
2026-03-09 22:00:00,203560.5,13216.0,0.0
2026-03-09 23:00:00,198985.5,12345.8,0.0
2026-03-10 00:00:00,195911.2,11001.5,0.0
2026-03-10 01:00:00,194099.0,10051.5,0.0
2026-03-10 02:00:00,190792.5,9130.0,0.0
2026-03-10 03:00:00,190318.2,8434.5,0.0
2026-03-10 04:00:00,193214.8,8523.5,0.0
2026-03-10 05:00:00,198944.8,8660.2,296.2
2026-03-10 06:00:00,208313.8,8311.5,355.8
2026-03-10 07:00:00,215647.2,7643.0,6819.5
2026-03-10 08:00:00,222404.8,6575.0,30995.5
2026-03-10 09:00:00,230648.5,5689.8,56188.0
2026-03-10 10:00:00,233973.2,6155.2,70669.2
2026-03-10 11:00:00,231299.2,7568.2,76435.0
2026-03-10 12:00:00,226514.2,8500.8,77592.5
2026-03-10 13:00:00,218541.0,9461.8,76421.0
2026-03-10 14:00:00,224092.5,9845.0,73657.5
2026-03-10 15:00:00,228953.8,10378.2,64426.2
2026-03-10 16:00:00,226220.8,10876.0,48396.8
2026-03-10 17:00:00,220431.0,11423.2,25015.2
2026-03-10 18:00:00,218727.2,10853.5,4432.8
2026-03-10 19:00:00,222187.8,10074.8,228.0
2026-03-10 20:00:00,214668.8,11110.8,0.0
2026-03-10 21:00:00,209718.0,11494.5,0.0
2026-03-10 22:00:00,207034.2,11346.5,0.0
2026-03-10 23:00:00,202521.5,11483.2,0.0
2026-03-11 00:00:00,199059.5,11434.0,0.0
2026-03-11 01:00:00,196753.8,10944.5,0.0
2026-03-11 02:00:00,193161.2,10797.2,0.0
2026-03-11 03:00:00,192439.2,10311.5,0.0
2026-03-11 04:00:00,194024.5,9974.0,0.0
2026-03-11 05:00:00,200227.0,10287.5,277.5
2026-03-11 06:00:00,210322.0,10127.8,444.5
2026-03-11 07:00:00,219605.8,9735.5,7560.5
2026-03-11 08:00:00,223299.5,7919.2,32996.5
2026-03-11 09:00:00,231950.0,5414.5,57103.0
2026-03-11 10:00:00,235450.2,5264.5,71192.8
2026-03-11 11:00:00,234326.2,6119.2,76692.2
2026-03-11 12:00:00,229848.2,6621.2,77419.2
2026-03-11 13:00:00,224964.0,6743.8,77778.0
2026-03-11 14:00:00,228495.5,7390.0,74875.0
2026-03-11 15:00:00,231468.2,7841.8,65368.2
2026-03-11 16:00:00,228371.8,8327.5,48639.8
2026-03-11 17:00:00,221389.8,8653.2,24650.5
2026-03-11 18:00:00,218246.8,8379.0,3981.5
2026-03-11 19:00:00,219603.5,8474.0,0.0
2026-03-11 20:00:00,213073.2,9181.8,0.0
2026-03-11 21:00:00,208536.5,10114.8,0.0
2026-03-11 22:00:00,206666.2,10181.8,0.0
2026-03-11 23:00:00,203431.5,9177.0,0.0
2026-03-12 00:00:00,199956.8,8013.8,0.0
2026-03-12 01:00:00,196674.5,6862.2,0.0
2026-03-12 02:00:00,193440.8,6248.8,0.0
2026-03-12 03:00:00,192714.5,5726.8,0.0
2026-03-12 04:00:00,194455.0,5270.0,0.0
2026-03-12 05:00:00,198949.2,5100.5,112.2
2026-03-12 06:00:00,206515.5,4518.2,321.2
2026-03-12 07:00:00,216481.8,4217.5,7362.8
2026-03-12 08:00:00,223814.2,3760.2,30176.8
2026-03-12 09:00:00,233057.0,2719.5,53798.0
2026-03-12 10:00:00,234378.2,2618.5,68641.8
2026-03-12 11:00:00,232401.2,3230.8,76686.8
2026-03-12 12:00:00,226384.5,4082.0,78227.8
2026-03-12 13:00:00,219747.8,4641.5,78577.2
2026-03-12 14:00:00,223533.0,5086.8,72138.5
2026-03-12 15:00:00,230262.5,5430.2,64991.5
2026-03-12 16:00:00,229617.2,5558.0,50430.2
2026-03-12 17:00:00,222196.8,5626.5,27091.5
2026-03-12 18:00:00,217837.2,5560.0,5264.8
2026-03-12 19:00:00,217237.8,5965.5,298.8
2026-03-12 20:00:00,212238.8,6838.8,0.0
2026-03-12 21:00:00,208280.5,7046.5,0.0
2026-03-12 22:00:00,206538.0,6921.2,0.0
2026-03-12 23:00:00,204756.0,7031.8,0.0
2026-03-13 00:00:00,201055.0,6753.0,0.0
2026-03-13 01:00:00,197939.8,6399.2,0.0
2026-03-13 02:00:00,194303.2,6394.0,0.0
2026-03-13 03:00:00,193182.8,5976.2,0.0
2026-03-13 04:00:00,196211.0,5835.8,0.0
2026-03-13 05:00:00,202012.2,5660.5,163.2
2026-03-13 06:00:00,209575.8,4871.0,451.0
2026-03-13 07:00:00,217718.8,4276.2,7083.0
2026-03-13 08:00:00,224350.2,3208.0,30391.2
2026-03-13 09:00:00,233465.2,3407.2,42367.8
2026-03-13 10:00:00,236081.2,2435.0,65043.2
2026-03-13 11:00:00,234392.2,2213.5,76956.8
2026-03-13 12:00:00,230224.2,3072.0,67193.0
2026-03-13 13:00:00,222301.8,3426.0,77512.0
2026-03-13 14:00:00,223080.5,4480.0,72887.2
2026-03-13 15:00:00,225612.8,5277.5,63633.8
2026-03-13 16:00:00,227313.5,6028.0,47620.5
2026-03-13 17:00:00,220863.8,6692.5,24402.2
2026-03-13 18:00:00,218331.8,7108.8,4460.8
2026-03-13 19:00:00,218594.2,7149.8,161.8
2026-03-13 20:00:00,212442.2,7473.5,0.0
2026-03-13 21:00:00,208654.5,8525.8,0.0
2026-03-13 22:00:00,206334.8,9239.0,0.0
2026-03-13 23:00:00,203415.8,9408.8,0.0
2026-03-14 00:00:00,198955.5,8386.0,0.0
2026-03-14 01:00:00,195515.2,7643.2,0.0
2026-03-14 02:00:00,192577.2,7488.5,0.0
2026-03-14 03:00:00,191904.5,6847.2,0.0
2026-03-14 04:00:00,194790.8,5888.2,18.2
2026-03-14 05:00:00,199730.5,5604.8,47.5
2026-03-14 06:00:00,205692.8,5497.5,413.6
2026-03-14 07:00:00,213952.2,5470.2,8504.4
2026-03-14 08:00:00,218285.8,4376.0,32136.0
2026-03-14 09:00:00,226040.8,3999.8,55857.7
2026-03-14 10:00:00,228737.0,2879.8,69637.4
2026-03-14 11:00:00,226019.2,3617.2,76606.0
2026-03-14 12:00:00,222310.8,5491.0,78301.1
2026-03-14 13:00:00,217172.5,5784.8,77184.0
2026-03-14 14:00:00,219878.8,5965.5,71574.0
2026-03-14 15:00:00,224129.2,7142.0,60935.1
2026-03-14 16:00:00,224440.2,8323.0,43385.6
2026-03-14 17:00:00,218025.5,9456.2,20802.9
2026-03-14 18:00:00,215851.0,10362.0,3425.9
2026-03-14 19:00:00,217275.0,10792.2,236.0
2026-03-14 20:00:00,209953.8,11799.0,0.0
2026-03-14 21:00:00,206027.2,12889.2,0.0
2026-03-14 22:00:00,205873.5,12271.8,0.0
2026-03-14 23:00:00,203476.0,11709.8,0.0
2026-03-15 00:00:00,199919.8,11132.8,0.0
2026-03-15 01:00:00,196887.8,10739.5,0.0
2026-03-15 02:00:00,193608.0,10523.5,0.0
2026-03-15 03:00:00,192409.0,10012.8,0.0
2026-03-15 04:00:00,194525.5,9520.5,0.0
2026-03-15 05:00:00,197057.2,8950.0,232.8
2026-03-15 06:00:00,200358.2,8526.2,398.2
2026-03-15 07:00:00,205229.2,8109.0,6977.2
2026-03-15 08:00:00,207616.8,6023.8,30406.8
2026-03-15 09:00:00,214133.0,3979.5,54824.0
2026-03-15 10:00:00,213044.0,3415.0,69822.2
2026-03-15 11:00:00,207750.8,4021.0,74830.5
2026-03-15 12:00:00,202230.5,4501.5,72406.0
2026-03-15 13:00:00,196928.8,4823.8,70350.5
2026-03-15 14:00:00,198269.2,5028.5,68238.2
2026-03-15 15:00:00,201071.8,5601.0,62043.2
2026-03-15 16:00:00,200744.5,6036.2,47829.8
2026-03-15 17:00:00,194424.5,6201.0,24845.0
2026-03-15 18:00:00,193099.8,6221.0,4510.0
2026-03-15 19:00:00,198382.2,7878.0,184.5
2026-03-15 20:00:00,192405.5,9482.2,0.0
2026-03-15 21:00:00,188087.5,11012.2,0.0
2026-03-15 22:00:00,186763.5,11536.8,0.0
2026-03-15 23:00:00,183739.5,10036.5,0.0
2026-03-16 00:00:00,180241.2,9359.8,0.0
2026-03-16 01:00:00,178224.0,8801.5,0.0
2026-03-16 02:00:00,175231.2,8129.2,0.0
2026-03-16 03:00:00,174906.8,8278.0,0.0
2026-03-16 04:00:00,178163.5,8388.0,0.0
2026-03-16 05:00:00,185773.5,7516.2,166.8
2026-03-16 06:00:00,195376.5,6519.5,366.8
2026-03-16 07:00:00,206466.8,6199.5,7673.8
2026-03-16 08:00:00,212272.0,4694.5,32555.5
2026-03-16 09:00:00,221272.8,3417.8,55840.0
2026-03-16 10:00:00,222479.8,3678.2,70095.2
2026-03-16 11:00:00,217551.0,3850.8,76108.0
2026-03-16 12:00:00,212498.2,3716.8,77191.2
2026-03-16 13:00:00,207686.0,4068.8,74719.5
2026-03-16 14:00:00,209543.2,4762.0,70815.8
2026-03-16 15:00:00,217157.5,5497.0,62250.5
2026-03-16 16:00:00,218864.0,6689.5,45721.0
2026-03-16 17:00:00,212270.0,7686.2,24050.0
2026-03-16 18:00:00,210447.5,8363.8,5283.0
2026-03-16 19:00:00,212990.5,9504.0,187.5
2026-03-16 20:00:00,204286.8,10681.2,0.0
2026-03-16 21:00:00,196571.5,10781.0,0.0
2026-03-16 22:00:00,193522.2,10117.2,0.0
2026-03-16 23:00:00,189307.0,9909.2,0.0
2026-03-17 00:00:00,185400.2,10294.5,0.0
2026-03-17 01:00:00,182292.8,10167.8,0.0
2026-03-17 02:00:00,179493.2,8906.0,0.0
2026-03-17 03:00:00,178015.0,8019.5,0.0
2026-03-17 04:00:00,181343.0,7480.8,0.0
2026-03-17 05:00:00,188515.2,6775.5,330.5
2026-03-17 06:00:00,198343.8,6045.2,467.5
2026-03-17 07:00:00,208677.0,5147.5,7632.2
2026-03-17 08:00:00,211913.5,3865.5,27914.8
2026-03-17 09:00:00,219219.0,2465.8,52648.5
2026-03-17 10:00:00,220361.5,2106.5,62893.0
2026-03-17 11:00:00,218182.2,2212.8,74448.5
2026-03-17 12:00:00,213411.0,2414.2,76468.8
2026-03-17 13:00:00,206667.8,2880.8,74237.5
2026-03-17 14:00:00,210695.0,3371.2,66613.8
2026-03-17 15:00:00,217853.8,4292.0,56948.5
2026-03-17 16:00:00,219789.5,5392.5,40094.0
2026-03-17 17:00:00,214003.5,7489.0,21471.8
2026-03-17 18:00:00,210417.8,8832.5,4970.5
2026-03-17 19:00:00,212836.2,10250.2,304.8
2026-03-17 20:00:00,204583.2,10910.2,0.0
2026-03-17 21:00:00,199234.8,11254.2,0.0
2026-03-17 22:00:00,196996.2,11048.0,0.0
2026-03-17 23:00:00,192378.2,10237.5,0.0
2026-03-18 00:00:00,186804.5,9986.0,0.0
2026-03-18 01:00:00,183109.8,8422.2,0.0
2026-03-18 02:00:00,179672.5,7479.8,0.0
2026-03-18 03:00:00,178637.2,6773.0,0.0
2026-03-18 04:00:00,181382.5,6878.2,0.0
2026-03-18 05:00:00,188106.2,6582.0,245.5
2026-03-18 06:00:00,197624.0,5955.0,505.8
2026-03-18 07:00:00,207357.8,5488.0,7555.8
2026-03-18 08:00:00,210585.0,3883.5,26924.0
2026-03-18 09:00:00,218364.5,2539.0,42872.8
2026-03-18 10:00:00,221430.8,1789.8,55470.2
2026-03-18 11:00:00,218160.0,1476.8,59796.0
2026-03-18 12:00:00,214161.0,1931.5,59582.5
2026-03-18 13:00:00,208638.2,3408.8,58402.0
2026-03-18 14:00:00,211691.0,3702.0,52824.8
2026-03-18 15:00:00,215525.2,4361.0,43201.0
2026-03-18 16:00:00,213347.5,5761.8,27003.8
2026-03-18 17:00:00,208456.8,7749.0,15463.0
2026-03-18 18:00:00,203794.0,7769.5,3372.8
2026-03-18 19:00:00,203744.0,9727.5,205.8
2026-03-18 20:00:00,193745.0,10333.0,0.0
2026-03-18 21:00:00,187161.8,9288.0,0.0
2026-03-18 22:00:00,185492.8,8132.8,0.0
2026-03-18 23:00:00,182487.0,8221.0,0.0
2026-03-19 00:00:00,178510.5,8516.8,0.0
2026-03-19 01:00:00,175295.0,8396.5,0.0
2026-03-19 02:00:00,172138.0,8898.2,0.0
2026-03-19 03:00:00,171215.5,8345.0,0.0
2026-03-19 04:00:00,173998.2,7016.8,0.0
2026-03-19 05:00:00,178993.8,6494.0,191.0
2026-03-19 06:00:00,186767.2,6781.8,498.0
2026-03-19 07:00:00,195649.0,6732.5,6278.5
2026-03-19 08:00:00,199507.5,4678.5,22312.5
2026-03-19 09:00:00,206721.2,3070.8,44282.2
2026-03-19 10:00:00,207790.0,2330.8,59965.2
2026-03-19 11:00:00,203979.5,1936.5,67921.2
2026-03-19 12:00:00,199708.2,2635.2,66009.2
2026-03-19 13:00:00,195381.2,4067.0,63927.2
2026-03-19 14:00:00,200566.5,4444.0,59415.8
2026-03-19 15:00:00,203476.5,6091.8,45125.0
2026-03-19 16:00:00,201546.8,6976.2,27168.5
2026-03-19 17:00:00,195843.0,5085.0,12611.0
2026-03-19 18:00:00,192772.2,4505.5,2968.0
2026-03-19 19:00:00,194866.2,5908.5,581.5
2026-03-19 20:00:00,185717.8,6454.5,0.0
2026-03-19 21:00:00,181016.5,6188.2,0.0
2026-03-19 22:00:00,177331.5,5976.5,0.0
2026-03-19 23:00:00,172238.2,6453.5,0.0
2026-03-20 00:00:00,168987.8,6208.5,0.0
2026-03-20 01:00:00,166495.5,5296.5,0.0
2026-03-20 02:00:00,164817.8,5516.5,0.0
2026-03-20 03:00:00,164846.8,4985.2,0.0
2026-03-20 04:00:00,167502.2,4304.0,0.0
2026-03-20 05:00:00,173499.8,3447.8,470.5
2026-03-20 06:00:00,181753.2,2658.5,721.2
2026-03-20 07:00:00,190500.2,1946.8,8363.5
2026-03-20 08:00:00,192576.8,1555.5,32856.0
2026-03-20 09:00:00,196379.2,1337.2,55037.8
2026-03-20 10:00:00,197421.0,1213.0,67499.2
2026-03-20 11:00:00,195989.8,1197.5,69542.8
2026-03-20 12:00:00,192808.2,1338.2,69689.5
2026-03-20 13:00:00,186396.0,1798.2,64900.0
2026-03-20 14:00:00,187397.8,2638.5,62519.0
2026-03-20 15:00:00,192475.0,3479.0,59296.2
2026-03-20 16:00:00,193778.2,3989.5,47208.8
2026-03-20 17:00:00,191439.8,3949.0,26463.5
2026-03-20 18:00:00,193380.8,3545.8,5778.8
2026-03-20 19:00:00,198140.0,3423.3,441.7
2026-03-20 20:00:00,189669.8,3759.2,0.0
2026-03-20 21:00:00,182589.2,3779.8,0.0
2026-03-20 22:00:00,178840.5,3935.0,0.0
2026-03-20 23:00:00,174028.0,4315.5,0.0
2026-03-21 00:00:00,169910.8,5054.0,0.0
2026-03-21 01:00:00,166222.5,4853.0,0.0
2026-03-21 02:00:00,162766.8,4113.8,0.0
2026-03-21 03:00:00,162294.8,4164.5,0.0
2026-03-21 04:00:00,164440.0,4531.2,0.0
2026-03-21 05:00:00,172460.8,4652.8,286.0
2026-03-21 06:00:00,185741.2,4861.8,591.5
2026-03-21 07:00:00,197350.5,4233.5,9808.2
2026-03-21 08:00:00,198130.5,3734.8,31848.5
2026-03-21 09:00:00,199227.8,2718.2,38035.2
2026-03-21 10:00:00,197657.8,3079.0,54070.8
2026-03-21 11:00:00,194659.5,3208.2,68408.0
2026-03-21 12:00:00,189515.0,2745.0,64515.0
2026-03-21 13:00:00,183129.8,2640.8,60872.2
2026-03-21 14:00:00,183782.0,2764.8,56999.2
2026-03-21 15:00:00,187508.0,2867.2,49583.2
2026-03-21 16:00:00,190461.2,3030.0,35286.5
2026-03-21 17:00:00,188381.5,3352.0,17487.0
2026-03-21 18:00:00,189598.0,4162.0,4381.8
2026-03-21 19:00:00,195732.2,4668.2,385.8
2026-03-21 20:00:00,188328.0,4535.2,0.0
2026-03-21 21:00:00,182440.8,4492.2,0.0
2026-03-21 22:00:00,179345.0,4812.5,0.0
2026-03-21 23:00:00,175352.0,5255.0,0.0
2026-03-22 00:00:00,172593.8,5838.8,0.0
2026-03-22 01:00:00,169907.8,5800.2,0.0
2026-03-22 02:00:00,167238.5,6145.2,0.0
2026-03-22 03:00:00,166320.0,6399.0,0.0
2026-03-22 04:00:00,168088.2,6220.0,0.0
2026-03-22 05:00:00,174657.8,5778.8,231.0
2026-03-22 06:00:00,183665.0,5132.2,831.8
2026-03-22 07:00:00,190291.0,4777.2,9848.2
2026-03-22 08:00:00,191699.5,3207.2,34728.8
2026-03-22 09:00:00,193100.0,2155.0,55968.2
2026-03-22 10:00:00,189436.0,1635.5,61805.8
2026-03-22 11:00:00,185170.0,1580.8,61108.2
2026-03-22 12:00:00,180067.8,1373.0,59301.0
2026-03-22 13:00:00,174702.0,1630.2,54041.8
2026-03-22 14:00:00,175091.8,2287.8,53174.0
2026-03-22 15:00:00,178656.8,3227.8,51183.5
2026-03-22 16:00:00,180925.0,3831.0,41451.0
2026-03-22 17:00:00,177733.2,4384.0,20715.8
2026-03-22 18:00:00,181560.5,5118.8,4371.8
2026-03-22 19:00:00,191167.0,5160.5,270.2
2026-03-22 20:00:00,185800.2,5007.8,0.0
2026-03-22 21:00:00,180621.5,5490.5,0.0
2026-03-22 22:00:00,178593.8,5640.8,0.0
2026-03-22 23:00:00,175419.2,5113.2,0.0
2026-03-23 00:00:00,172772.2,5062.5,0.0
2026-03-23 01:00:00,169955.0,4830.5,0.0
2026-03-23 02:00:00,167837.0,5011.8,0.0
2026-03-23 03:00:00,167053.2,5073.2,0.0
2026-03-23 04:00:00,169587.2,5769.8,0.0
2026-03-23 05:00:00,177802.0,5962.2,157.2
2026-03-23 06:00:00,191534.2,6124.8,665.2
2026-03-23 07:00:00,202533.8,5546.0,9952.5
2026-03-23 08:00:00,203948.0,3921.2,34437.0
2026-03-23 09:00:00,208214.0,3342.2,53828.2
2026-03-23 10:00:00,208568.5,3196.2,70414.0
2026-03-23 11:00:00,205070.8,3176.0,75930.8
2026-03-23 12:00:00,200224.8,3196.8,75721.0
2026-03-23 13:00:00,194424.0,2993.8,72038.0
2026-03-23 14:00:00,197146.2,3324.0,69673.0
2026-03-23 15:00:00,202453.8,3807.5,63619.2
2026-03-23 16:00:00,205342.8,4480.8,48800.5
2026-03-23 17:00:00,201869.0,5374.5,26625.8
2026-03-23 18:00:00,203283.8,6098.5,5994.0
2026-03-23 19:00:00,209018.2,6536.8,414.8
2026-03-23 20:00:00,201324.5,6917.5,0.0
2026-03-23 21:00:00,195285.0,8360.2,0.0
2026-03-23 22:00:00,192948.8,8025.2,0.0
2026-03-23 23:00:00,189304.8,6964.2,0.0
2026-03-24 00:00:00,185086.8,6378.2,0.0
2026-03-24 01:00:00,181479.8,6194.2,0.0
2026-03-24 02:00:00,178571.5,5495.8,0.0
2026-03-24 03:00:00,177815.5,4966.0,0.0
2026-03-24 04:00:00,180176.2,4622.5,0.0
2026-03-24 05:00:00,187900.5,3926.5,163.8
2026-03-24 06:00:00,199565.2,3208.0,751.5
2026-03-24 07:00:00,208548.2,2959.0,10318.2
2026-03-24 08:00:00,209801.2,2426.8,33603.2
2026-03-24 09:00:00,214809.8,2018.5,55271.5
2026-03-24 10:00:00,213844.5,1732.2,68908.2
2026-03-24 11:00:00,210107.5,1391.5,75861.8
2026-03-24 12:00:00,206245.2,1270.5,76689.2
2026-03-24 13:00:00,200670.5,1522.5,73644.8
2026-03-24 14:00:00,203543.2,2018.0,70153.5
2026-03-24 15:00:00,208703.8,2643.2,58465.8
2026-03-24 16:00:00,211551.0,3536.0,42544.5
2026-03-24 17:00:00,206110.5,4230.5,21727.2
2026-03-24 18:00:00,204882.0,4890.2,5256.0
2026-03-24 19:00:00,209784.0,5955.8,459.5
2026-03-24 20:00:00,203898.0,6663.2,0.0
2026-03-24 21:00:00,199015.2,8018.5,0.0
2026-03-24 22:00:00,198547.5,8432.0,0.0
2026-03-24 23:00:00,195157.5,8229.8,0.0
2026-03-25 00:00:00,190963.2,7524.0,0.0
2026-03-25 01:00:00,187171.0,7687.2,0.0
2026-03-25 02:00:00,183929.2,7400.8,0.0
2026-03-25 03:00:00,182973.5,7072.8,0.0
2026-03-25 04:00:00,184650.8,6208.2,0.0
2026-03-25 05:00:00,191931.0,5328.0,154.0
2026-03-25 06:00:00,202432.8,4397.8,581.8
2026-03-25 07:00:00,210688.8,3747.8,9911.2
2026-03-25 08:00:00,211882.2,2553.2,32376.0
2026-03-25 09:00:00,217183.0,1796.0,55701.2
2026-03-25 10:00:00,215804.0,1301.2,66584.8
2026-03-25 11:00:00,213626.8,1279.5,72527.8
2026-03-25 12:00:00,211106.8,1667.2,75439.2
2026-03-25 13:00:00,204996.5,2311.8,72908.8
2026-03-25 14:00:00,208216.0,3719.0,69318.8
2026-03-25 15:00:00,212822.5,3655.2,41764.8
2026-03-25 16:00:00,212727.2,6310.8,41868.8
2026-03-25 17:00:00,208574.2,6891.8,22790.5
2026-03-25 18:00:00,208098.8,7172.2,8335.2
2026-03-25 19:00:00,215473.8,7648.5,2049.5
2026-03-25 20:00:00,208455.5,8661.5,0.0
2026-03-25 21:00:00,203453.0,9995.8,0.0
2026-03-25 22:00:00,201763.0,10157.0,0.0
2026-03-25 23:00:00,198026.5,8844.8,0.0
2026-03-26 00:00:00,194296.2,7624.0,0.0
2026-03-26 01:00:00,190509.2,6811.2,0.0
2026-03-26 02:00:00,186779.2,5942.5,0.0
2026-03-26 03:00:00,185696.5,5362.2,0.0
2026-03-26 04:00:00,188119.0,5038.2,0.0
2026-03-26 05:00:00,194973.0,5091.2,163.2
2026-03-26 06:00:00,203113.5,4744.0,634.8
2026-03-26 07:00:00,210690.0,4299.0,10539.2
2026-03-26 08:00:00,211488.0,3605.8,35720.2
2026-03-26 09:00:00,219126.0,3466.8,57415.5
2026-03-26 10:00:00,221842.5,3169.5,71188.8
2026-03-26 11:00:00,218510.0,2738.2,75535.8
2026-03-26 12:00:00,213136.5,2681.2,76015.0
2026-03-26 13:00:00,206138.5,3402.5,72006.2
2026-03-26 14:00:00,210529.0,4867.8,65509.0
2026-03-26 15:00:00,217267.5,6052.2,56965.5
2026-03-26 16:00:00,217928.2,7340.2,42518.5
2026-03-26 17:00:00,212124.5,8816.0,24273.0
2026-03-26 18:00:00,211433.5,8786.5,5349.5
2026-03-26 19:00:00,218258.2,9107.0,256.2
2026-03-26 20:00:00,211158.8,9424.2,0.0
2026-03-26 21:00:00,206897.2,10581.2,0.0
2026-03-26 22:00:00,205975.0,10848.0,0.0
2026-03-26 23:00:00,202964.5,9836.5,0.0
2026-03-27 00:00:00,,,
2026-03-27 01:00:00,,,
2026-03-27 02:00:00,,,
2026-03-27 03:00:00,,,
2026-03-27 04:00:00,,,
2026-03-27 05:00:00,,,
2026-03-27 06:00:00,,,
2026-03-27 07:00:00,,,
2026-03-27 08:00:00,,,
2026-03-27 09:00:00,,,
2026-03-27 10:00:00,,,
2026-03-27 11:00:00,,,
2026-03-27 12:00:00,,,
2026-03-27 13:00:00,,,
2026-03-27 14:00:00,,,
2026-03-27 15:00:00,,,
2026-03-27 16:00:00,,,
2026-03-27 17:00:00,,,
2026-03-27 18:00:00,,,
2026-03-27 19:00:00,,,
2026-03-27 20:00:00,,,
2026-03-27 21:00:00,,,
2026-03-27 22:00:00,,,
2026-03-27 23:00:00,,,
2026-03-28 00:00:00,191368.8,9874.2,0.0
2026-03-28 01:00:00,186578.8,10076.2,0.0
2026-03-28 02:00:00,182731.0,8732.8,0.0
2026-03-28 03:00:00,181304.0,7824.5,0.0
2026-03-28 04:00:00,182881.5,7453.8,0.0
2026-03-28 05:00:00,189061.5,7485.2,83.8
2026-03-28 06:00:00,197338.2,7898.5,1181.0
2026-03-28 07:00:00,203798.5,7594.2,12156.0
2026-03-28 08:00:00,204590.2,6153.5,37497.0
2026-03-28 09:00:00,213133.5,7031.2,57999.8
2026-03-28 10:00:00,216033.2,7634.0,66694.8
2026-03-28 11:00:00,214012.2,8114.2,74609.5
2026-03-28 12:00:00,210222.2,8782.2,75221.2
2026-03-28 13:00:00,203399.8,9702.5,70524.8
2026-03-28 14:00:00,205416.8,10079.2,67287.8
2026-03-28 15:00:00,210508.2,10759.5,63660.8
2026-03-28 16:00:00,212123.5,12603.5,48696.0
2026-03-28 17:00:00,207513.5,14377.8,26278.0
2026-03-28 18:00:00,207367.8,15117.0,6405.5
2026-03-28 19:00:00,214921.0,14824.5,678.0
2026-03-28 20:00:00,208894.2,13459.0,0.0
2026-03-28 21:00:00,204871.8,13766.0,0.0
2026-03-28 22:00:00,204912.2,14312.5,0.0
2026-03-28 23:00:00,202598.8,14678.2,0.0
2026-03-29 00:00:00,198665.2,14614.5,0.0
2026-03-29 01:00:00,194235.5,13947.0,0.0
2026-03-29 02:00:00,190974.8,13820.5,0.0
2026-03-29 03:00:00,188868.5,13301.0,0.0
2026-03-29 04:00:00,188940.0,13314.8,0.0
2026-03-29 05:00:00,192738.5,12550.2,211.0
2026-03-29 06:00:00,196923.5,11510.5,1283.0
2026-03-29 07:00:00,199189.8,10206.8,12048.0
2026-03-29 08:00:00,199193.2,8675.2,35349.0
2026-03-29 09:00:00,203585.2,9373.0,56644.0
2026-03-29 10:00:00,202795.2,8293.5,63968.8
2026-03-29 11:00:00,200180.0,7866.8,68099.8
2026-03-29 12:00:00,198039.5,7647.8,67398.0
2026-03-29 13:00:00,193995.8,7778.2,64049.0
2026-03-29 14:00:00,196340.2,8034.5,63698.8
2026-03-29 15:00:00,200063.8,8922.2,61516.5
2026-03-29 16:00:00,200790.2,10305.5,48488.2
2026-03-29 17:00:00,195923.5,11279.8,27228.5
2026-03-29 18:00:00,195697.5,11730.2,7226.8
2026-03-29 19:00:00,205447.0,11344.2,796.2
2026-03-29 20:00:00,203896.5,9944.0,0.0
2026-03-29 21:00:00,200999.8,8745.0,0.0
2026-03-29 22:00:00,201868.8,8477.2,0.0
2026-03-29 23:00:00,199807.8,8378.5,0.0
2026-03-30 00:00:00,195168.5,8364.8,0.0
2026-03-30 01:00:00,191240.5,8151.2,0.0
2026-03-30 02:00:00,187463.8,7931.2,0.0
2026-03-30 03:00:00,185620.5,7481.2,0.0
2026-03-30 04:00:00,187085.8,7255.2,0.0
2026-03-30 05:00:00,192927.0,7432.5,416.2
2026-03-30 06:00:00,201849.8,7389.5,1512.8
2026-03-30 07:00:00,207417.5,7196.5,9051.0
2026-03-30 08:00:00,210144.0,6146.2,26905.8
2026-03-30 09:00:00,221767.8,5948.8,49278.0
2026-03-30 10:00:00,225820.0,5956.5,64076.8
2026-03-30 11:00:00,223161.0,5835.0,71805.8
2026-03-30 12:00:00,218627.8,5683.5,73665.2
2026-03-30 13:00:00,214419.8,6035.5,74420.0
2026-03-30 14:00:00,219555.0,6590.8,70270.0
2026-03-30 15:00:00,222998.5,7563.5,58994.5
2026-03-30 16:00:00,220823.8,8769.5,44682.2
2026-03-30 17:00:00,211526.0,10291.5,25089.5
2026-03-30 18:00:00,207787.0,10288.2,6872.2
2026-03-30 19:00:00,213171.0,10869.5,681.5
2026-03-30 20:00:00,208408.8,10627.0,0.0
2026-03-30 21:00:00,204274.2,9600.8,0.0
2026-03-30 22:00:00,202411.8,8966.0,0.0
2026-03-30 23:00:00,198930.8,8522.8,0.0
2026-03-31 00:00:00,193325.8,8276.2,0.0
2026-03-31 01:00:00,188939.0,7706.8,0.0
2026-03-31 02:00:00,184716.2,7234.8,0.0
2026-03-31 03:00:00,182451.2,7108.0,0.0
2026-03-31 04:00:00,182607.2,5837.2,0.0
2026-03-31 05:00:00,187037.0,5272.2,243.5
2026-03-31 06:00:00,194912.0,5306.0,1289.8
2026-03-31 07:00:00,201219.8,4828.5,11288.5
2026-03-31 08:00:00,204430.2,3848.0,33609.8
2026-03-31 09:00:00,212380.8,3764.8,54440.2
2026-03-31 10:00:00,213925.8,3682.2,67878.2
2026-03-31 11:00:00,212789.8,3634.5,72225.0
2026-03-31 12:00:00,210531.0,3259.2,75532.5
2026-03-31 13:00:00,205191.8,3817.2,73337.5
2026-03-31 14:00:00,209384.0,5200.5,67676.5
2026-03-31 15:00:00,214101.2,6455.2,57876.0
2026-03-31 16:00:00,214777.5,7909.5,41705.2
2026-03-31 17:00:00,210792.2,8107.0,23279.5
2026-03-31 18:00:00,208743.0,8802.0,8713.8
2026-03-31 19:00:00,214037.0,9788.2,830.0
2026-03-31 20:00:00,207623.5,10698.0,0.0
2026-03-31 21:00:00,203475.2,9504.8,0.0
2026-03-31 22:00:00,203675.5,8727.0,0.0
2026-03-31 23:00:00,200003.0,7694.5,0.0
2026-04-01 00:00:00,194421.5,6805.8,0.0
2026-04-01 01:00:00,188940.8,6792.8,0.0
2026-04-01 02:00:00,184729.8,5853.5,0.0
2026-04-01 03:00:00,182301.0,4711.5,0.0
2026-04-01 04:00:00,183950.0,3913.2,0.0
2026-04-01 05:00:00,190490.5,3678.5,151.0
2026-04-01 06:00:00,199440.2,3190.0,913.0
2026-04-01 07:00:00,203734.2,2450.2,11442.2
2026-04-01 08:00:00,203938.0,1582.5,33836.8
2026-04-01 09:00:00,208842.0,1521.8,53286.2
2026-04-01 10:00:00,210103.2,1644.0,66678.0
2026-04-01 11:00:00,209823.0,1969.0,75122.0
2026-04-01 12:00:00,206734.5,2413.8,75170.5
2026-04-01 13:00:00,203396.0,3336.5,73241.0
2026-04-01 14:00:00,208357.8,4623.0,70668.2
2026-04-01 15:00:00,212643.2,5752.8,55421.0
2026-04-01 16:00:00,213246.2,6573.8,38251.8
2026-04-01 17:00:00,208256.2,7098.5,19723.8
2026-04-01 18:00:00,208368.2,7603.5,5563.0
2026-04-01 19:00:00,215229.2,8507.0,346.0
2026-04-01 20:00:00,210203.0,8903.5,0.0
2026-04-01 21:00:00,206048.5,9600.2,0.0
2026-04-01 22:00:00,205516.2,8801.5,0.0
2026-04-01 23:00:00,202469.2,7632.8,0.0
2026-04-02 00:00:00,197643.0,6920.5,0.0
2026-04-02 01:00:00,192685.2,6764.5,0.0
2026-04-02 02:00:00,188715.2,7010.5,0.0
2026-04-02 03:00:00,186957.8,7611.0,0.0
2026-04-02 04:00:00,187983.5,7443.2,0.0
2026-04-02 05:00:00,194073.5,6786.0,224.0
2026-04-02 06:00:00,202522.2,5361.2,1007.0
2026-04-02 07:00:00,206557.2,3919.8,13223.8
2026-04-02 08:00:00,207378.2,2316.5,35533.2
2026-04-02 09:00:00,214724.0,2532.2,57708.8
2026-04-02 10:00:00,216115.5,4098.2,71151.0
2026-04-02 11:00:00,211858.2,5600.0,73960.8
2026-04-02 12:00:00,207204.5,6171.5,75690.2
2026-04-02 13:00:00,202282.5,6087.5,71409.8
2026-04-02 14:00:00,206929.2,6887.0,69210.0
2026-04-02 15:00:00,212099.2,8069.0,53917.8
2026-04-02 16:00:00,214429.8,8443.5,40204.0
2026-04-02 17:00:00,209209.5,9435.5,20293.5
2026-04-02 18:00:00,208771.0,10472.8,5450.0
2026-04-02 19:00:00,213929.5,9435.2,721.0
2026-04-02 20:00:00,211148.0,9210.2,0.0
2026-04-02 21:00:00,206996.2,8196.0,0.0
2026-04-02 22:00:00,205713.5,6565.8,0.0
2026-04-02 23:00:00,203194.8,5246.0,0.0
2026-04-03 00:00:00,199717.2,4894.8,0.0
2026-04-03 01:00:00,195093.2,4968.0,0.0
2026-04-03 02:00:00,190734.0,3317.2,0.0
2026-04-03 03:00:00,188882.5,3037.5,0.0
2026-04-03 04:00:00,189576.0,3059.8,0.0
2026-04-03 05:00:00,193430.2,3565.5,48.5
2026-04-03 06:00:00,197962.2,4274.5,1373.2
2026-04-03 07:00:00,200608.2,4342.2,10758.0
2026-04-03 08:00:00,203408.5,2739.2,31262.0
2026-04-03 09:00:00,211734.5,2516.2,51937.8
2026-04-03 10:00:00,213054.8,3825.0,64535.2
2026-04-03 11:00:00,210836.2,4738.5,68699.8
2026-04-03 12:00:00,207410.5,5925.0,70035.5
2026-04-03 13:00:00,202846.0,7862.5,66474.5
2026-04-03 14:00:00,207802.5,9689.5,61601.8
2026-04-03 15:00:00,213383.2,10691.0,53122.8
2026-04-03 16:00:00,212490.8,10523.5,37559.2
2026-04-03 17:00:00,206834.8,10872.8,22002.0
2026-04-03 18:00:00,204852.0,10628.5,7560.8
2026-04-03 19:00:00,212423.0,9764.2,894.8
2026-04-03 20:00:00,207403.2,9424.8,0.0
2026-04-03 21:00:00,203607.0,9283.2,0.0
2026-04-03 22:00:00,203707.5,7903.0,0.0
2026-04-03 23:00:00,201790.8,6940.2,0.0
2026-04-04 00:00:00,198712.5,6757.5,0.0
2026-04-04 01:00:00,195158.0,5887.0,0.0
2026-04-04 02:00:00,191214.8,4932.5,0.0
2026-04-04 03:00:00,189231.2,4371.2,0.0
2026-04-04 04:00:00,189919.5,4085.2,0.0
2026-04-04 05:00:00,194918.0,3753.8,227.0
2026-04-04 06:00:00,200778.8,3542.2,1577.2
2026-04-04 07:00:00,204203.0,3116.0,12754.8
2026-04-04 08:00:00,204215.0,2748.5,38443.2
2026-04-04 09:00:00,210872.2,2686.2,61280.2
2026-04-04 10:00:00,209166.2,2531.8,71973.8
2026-04-04 11:00:00,207140.2,2535.0,74720.8
2026-04-04 12:00:00,205872.8,2502.5,73458.5
2026-04-04 13:00:00,201838.8,3034.2,71080.2
2026-04-04 14:00:00,207165.5,4147.5,66751.8
2026-04-04 15:00:00,212968.5,6095.0,57494.2
2026-04-04 16:00:00,211076.0,7556.2,45002.8
2026-04-04 17:00:00,206274.0,8760.0,27718.8
2026-04-04 18:00:00,206829.5,9672.5,8200.0
2026-04-04 19:00:00,214033.5,10351.0,1109.0
2026-04-04 20:00:00,207322.2,10823.8,0.0
2026-04-04 21:00:00,201576.0,11014.0,0.0
2026-04-04 22:00:00,200607.0,10483.0,0.0
2026-04-04 23:00:00,197308.0,10718.2,0.0
2026-04-05 00:00:00,192797.2,10439.2,0.0
2026-04-05 01:00:00,188391.5,9993.8,0.0
2026-04-05 02:00:00,184345.8,10355.5,0.0
2026-04-05 03:00:00,181578.0,10812.2,0.0
2026-04-05 04:00:00,180931.5,10358.5,0.0
2026-04-05 05:00:00,184736.2,9509.5,313.2
2026-04-05 06:00:00,189161.5,8559.8,1991.8
2026-04-05 07:00:00,191446.2,7270.8,14633.0
2026-04-05 08:00:00,191181.2,5216.2,40516.8
2026-04-05 09:00:00,194497.5,4993.5,60505.5
2026-04-05 10:00:00,192026.2,4540.8,63782.0
2026-04-05 11:00:00,187705.5,4144.5,61387.5
2026-04-05 12:00:00,185350.8,4030.5,58370.8
2026-04-05 13:00:00,182918.8,4441.5,58559.2
2026-04-05 14:00:00,184316.5,5200.8,57482.5
2026-04-05 15:00:00,188829.0,7112.2,54555.2
2026-04-05 16:00:00,188707.5,9411.0,46662.8
2026-04-05 17:00:00,185365.0,10625.5,27092.5
2026-04-05 18:00:00,188213.8,10656.2,8328.0
2026-04-05 19:00:00,199286.0,11112.0,992.5
2026-04-05 20:00:00,197452.5,12927.5,0.0
2026-04-05 21:00:00,194810.2,12887.5,0.0
2026-04-05 22:00:00,194775.8,13526.0,0.0
2026-04-05 23:00:00,191770.0,14755.5,0.0
2026-04-06 00:00:00,187652.5,14461.5,0.0
2026-04-06 01:00:00,183053.0,13283.5,0.0
2026-04-06 02:00:00,180111.0,12263.2,0.0
2026-04-06 03:00:00,177890.2,11838.0,0.0
2026-04-06 04:00:00,178741.0,11211.0,0.0
2026-04-06 05:00:00,185373.8,10299.8,366.8
2026-04-06 06:00:00,195508.5,8988.2,1747.8
2026-04-06 07:00:00,199572.2,7787.8,14228.2
2026-04-06 08:00:00,199245.8,5641.0,40093.0
2026-04-06 09:00:00,206081.8,6894.2,63507.5
2026-04-06 10:00:00,205885.8,6655.2,72520.2
2026-04-06 11:00:00,202994.2,6265.2,72517.0
2026-04-06 12:00:00,199878.5,6403.5,69190.5
2026-04-06 13:00:00,195431.2,6787.0,66058.5
2026-04-06 14:00:00,198661.5,8333.5,64738.2
2026-04-06 15:00:00,204698.0,10200.2,63828.2
2026-04-06 16:00:00,204839.0,11809.8,51142.5
2026-04-06 17:00:00,203364.8,13675.5,29268.0
2026-04-06 18:00:00,205957.5,16667.0,7096.2
2026-04-06 19:00:00,213595.2,17973.2,517.8
2026-04-06 20:00:00,208945.2,17158.2,0.0
2026-04-06 21:00:00,203444.8,16202.8,0.0
2026-04-06 22:00:00,202376.5,15967.5,0.0
2026-04-06 23:00:00,199590.5,16522.8,0.0
2026-04-07 00:00:00,194834.8,17224.5,0.0
2026-04-07 01:00:00,189940.5,17752.2,0.0
2026-04-07 02:00:00,185615.5,17729.2,0.0
2026-04-07 03:00:00,183580.0,17791.2,0.0
2026-04-07 04:00:00,184650.2,16854.5,0.0
2026-04-07 05:00:00,191449.5,16120.8,296.5
2026-04-07 06:00:00,200208.0,15673.8,1101.2
2026-04-07 07:00:00,202009.0,14658.8,11047.8
2026-04-07 08:00:00,202234.5,13885.2,31043.2
2026-04-07 09:00:00,207547.2,14148.0,49638.8
2026-04-07 10:00:00,207492.8,12650.8,62074.5
2026-04-07 11:00:00,204512.5,11809.5,66105.2
2026-04-07 12:00:00,200975.2,11632.8,65336.5
2026-04-07 13:00:00,194467.0,11956.8,59664.5
2026-04-07 14:00:00,196053.0,12856.0,60291.2
2026-04-07 15:00:00,200583.8,14372.5,56125.8
2026-04-07 16:00:00,200985.0,14893.0,46081.8
2026-04-07 17:00:00,198877.8,14912.2,25626.0
2026-04-07 18:00:00,198316.5,16160.0,6671.2
2026-04-07 19:00:00,204970.5,15614.0,441.2
2026-04-07 20:00:00,198817.5,15184.8,0.0
2026-04-07 21:00:00,195023.0,15536.2,0.0
2026-04-07 22:00:00,192373.2,15179.2,0.0
2026-04-07 23:00:00,189749.2,14704.2,0.0
2026-04-08 00:00:00,185488.2,14780.0,0.0
2026-04-08 01:00:00,180830.2,14565.2,0.0
2026-04-08 02:00:00,177013.5,14047.5,0.0
2026-04-08 03:00:00,175309.5,13376.8,0.0
2026-04-08 04:00:00,176336.5,13075.5,0.0
2026-04-08 05:00:00,182242.0,12367.5,176.8
2026-04-08 06:00:00,192273.5,11050.8,1088.5
2026-04-08 07:00:00,195803.2,9116.8,14409.5
2026-04-08 08:00:00,196272.5,7789.8,41397.2
2026-04-08 09:00:00,201342.8,8738.0,62743.0
2026-04-08 10:00:00,202696.0,7522.0,68563.5
2026-04-08 11:00:00,200697.2,6868.0,67954.0
2026-04-08 12:00:00,198268.5,6692.0,67276.2
2026-04-08 13:00:00,192860.5,6866.8,62474.8
2026-04-08 14:00:00,195410.2,7696.8,63919.0
2026-04-08 15:00:00,198974.5,9180.0,60923.8
2026-04-08 16:00:00,200824.2,9995.8,49457.2
2026-04-08 17:00:00,200977.5,10259.5,28681.2
2026-04-08 18:00:00,203499.5,10580.5,7385.8
2026-04-08 19:00:00,211178.0,9685.5,295.0
2026-04-08 20:00:00,205336.2,8817.5,0.0
2026-04-08 21:00:00,200128.8,9161.0,0.0
2026-04-08 22:00:00,198545.8,8413.0,0.0
2026-04-08 23:00:00,194433.2,7643.0,0.0
2026-04-09 00:00:00,189400.0,7346.5,0.0
2026-04-09 01:00:00,184657.0,7279.0,0.0
2026-04-09 02:00:00,180912.8,7544.5,0.0
2026-04-09 03:00:00,179096.8,7200.0,0.0
2026-04-09 04:00:00,179847.2,6326.8,0.0
2026-04-09 05:00:00,186869.8,5223.2,226.8
2026-04-09 06:00:00,198461.0,4465.2,1244.2
2026-04-09 07:00:00,201462.2,3666.5,15026.8
2026-04-09 08:00:00,199702.0,2447.8,43251.2
2026-04-09 09:00:00,205487.0,2224.2,66215.5
2026-04-09 10:00:00,206800.2,2097.5,73445.5
2026-04-09 11:00:00,205051.2,1831.0,74882.2
2026-04-09 12:00:00,201030.0,1603.0,70453.5
2026-04-09 13:00:00,196067.0,1935.5,65977.2
2026-04-09 14:00:00,200615.0,2782.5,68775.0
2026-04-09 15:00:00,205352.0,3943.8,65463.5
2026-04-09 16:00:00,204642.2,4846.2,52654.2
2026-04-09 17:00:00,202933.0,5546.5,30412.2
2026-04-09 18:00:00,206817.2,5924.2,7856.5
2026-04-09 19:00:00,214921.0,7243.8,316.5
2026-04-09 20:00:00,210112.2,8895.5,0.0
2026-04-09 21:00:00,205464.0,9052.5,0.0
2026-04-09 22:00:00,203790.2,8800.5,0.0
2026-04-09 23:00:00,199488.0,9190.8,0.0
2026-04-10 00:00:00,193774.2,9230.0,0.0
2026-04-10 01:00:00,188945.2,9742.8,0.0
2026-04-10 02:00:00,185186.2,10111.8,0.0
2026-04-10 03:00:00,183213.5,9651.2,0.0
2026-04-10 04:00:00,184398.5,9129.8,0.0
2026-04-10 05:00:00,191673.0,8733.8,301.0
2026-04-10 06:00:00,201966.2,8716.2,1460.5
2026-04-10 07:00:00,204201.2,7628.2,15099.5
2026-04-10 08:00:00,202807.2,4733.8,43249.8
2026-04-10 09:00:00,207450.2,4121.2,64522.0
2026-04-10 10:00:00,207050.0,4090.2,73104.2
2026-04-10 11:00:00,203745.5,3659.8,71968.0
2026-04-10 12:00:00,198545.8,3130.2,66381.5
2026-04-10 13:00:00,193731.5,2994.0,65509.2
2026-04-10 14:00:00,198242.2,3269.5,64724.8
2026-04-10 15:00:00,205365.0,3737.5,64741.8
2026-04-10 16:00:00,206187.5,4201.0,52594.0
2026-04-10 17:00:00,204522.0,4363.8,29787.2
2026-04-10 18:00:00,208573.2,4740.5,7334.0
2026-04-10 19:00:00,217658.0,5533.8,480.2
2026-04-10 20:00:00,215324.8,6188.8,0.0
2026-04-10 21:00:00,211157.0,7309.0,0.0
2026-04-10 22:00:00,210606.0,8236.0,0.0
2026-04-10 23:00:00,206564.5,8100.0,0.0
2026-04-11 00:00:00,201214.2,7654.8,0.0
2026-04-11 01:00:00,196284.2,7274.5,0.0
2026-04-11 02:00:00,192966.2,7002.2,0.0
2026-04-11 03:00:00,190973.2,7052.5,0.0
2026-04-11 04:00:00,191897.2,7151.5,0.0
2026-04-11 05:00:00,196955.2,6524.0,225.2
2026-04-11 06:00:00,202321.5,6061.2,1331.2
2026-04-11 07:00:00,205255.2,5206.0,15220.5
2026-04-11 08:00:00,201505.5,3165.5,42970.8
2026-04-11 09:00:00,210299.2,2929.2,65211.8
2026-04-11 10:00:00,209489.8,2614.8,73172.8
2026-04-11 11:00:00,206947.2,2387.2,74734.5
2026-04-11 12:00:00,203848.5,2718.2,72350.8
2026-04-11 13:00:00,199440.8,3165.8,67808.0
2026-04-11 14:00:00,204886.8,4008.8,70821.5
2026-04-11 15:00:00,210997.0,5630.2,65460.2
2026-04-11 16:00:00,210798.5,7089.5,50484.5
2026-04-11 17:00:00,207094.8,7632.5,28244.2
2026-04-11 18:00:00,209853.5,8036.2,7002.8
2026-04-11 19:00:00,219460.8,8410.8,402.5
2026-04-11 20:00:00,216336.2,8947.2,0.0
2026-04-11 21:00:00,213549.0,9008.5,0.0
2026-04-11 22:00:00,213658.5,8778.8,0.0
2026-04-11 23:00:00,210758.5,8951.5,0.0
2026-04-12 00:00:00,206534.0,9146.5,0.0
2026-04-12 01:00:00,201907.8,9330.5,0.0
2026-04-12 02:00:00,197558.2,9164.0,0.0
2026-04-12 03:00:00,195127.8,8624.8,0.0
2026-04-12 04:00:00,195541.5,7548.5,0.0
2026-04-12 05:00:00,198982.2,6784.0,154.5
2026-04-12 06:00:00,201293.2,5974.2,1451.2
2026-04-12 07:00:00,200025.0,5007.8,16414.2
2026-04-12 08:00:00,198524.5,3518.0,45473.5
2026-04-12 09:00:00,204932.2,2897.5,65763.0
2026-04-12 10:00:00,205389.0,2693.2,71240.8
2026-04-12 11:00:00,202788.8,2288.2,73411.5
2026-04-12 12:00:00,198528.0,2052.2,71994.2
2026-04-12 13:00:00,193706.8,2359.5,66235.0
2026-04-12 14:00:00,196324.8,2962.2,66707.5
2026-04-12 15:00:00,200056.2,3647.5,64659.5
2026-04-12 16:00:00,199016.2,3933.8,53052.0
2026-04-12 17:00:00,194300.2,4023.8,29983.8
2026-04-12 18:00:00,196242.5,4752.5,7381.5
2026-04-12 19:00:00,211521.0,6019.0,412.0
2026-04-12 20:00:00,211421.0,6862.5,0.0
2026-04-12 21:00:00,210768.5,7736.8,0.0
2026-04-12 22:00:00,212334.2,8209.8,0.0
2026-04-12 23:00:00,210124.8,8255.8,0.0
2026-04-13 00:00:00,205665.5,8189.0,0.0
2026-04-13 01:00:00,200561.0,8013.5,0.0
2026-04-13 02:00:00,196879.5,8132.5,0.0
2026-04-13 03:00:00,194254.5,8052.2,0.0
2026-04-13 04:00:00,195113.0,8122.2,0.0
2026-04-13 05:00:00,199938.0,7268.2,243.8
2026-04-13 06:00:00,205433.5,6363.0,1572.5
2026-04-13 07:00:00,207693.2,5259.5,16802.5
2026-04-13 08:00:00,208001.8,3451.8,45472.2
2026-04-13 09:00:00,218335.2,2727.0,66976.2
2026-04-13 10:00:00,220241.0,2566.0,78282.2
2026-04-13 11:00:00,216195.0,2383.5,81940.8
2026-04-13 12:00:00,212571.2,3167.0,80716.0
2026-04-13 13:00:00,206968.8,4410.2,74512.5
2026-04-13 14:00:00,213709.5,5785.5,73708.2
2026-04-13 15:00:00,219645.8,6931.2,66389.5
2026-04-13 16:00:00,219580.2,8153.0,51377.8
2026-04-13 17:00:00,216178.8,9515.2,28700.5
2026-04-13 18:00:00,217868.8,10838.0,7375.2
2026-04-13 19:00:00,226097.8,10681.0,544.0
2026-04-13 20:00:00,223077.0,10355.0,0.0
2026-04-13 21:00:00,221101.2,10295.2,0.0
2026-04-13 22:00:00,222147.2,10258.8,0.0
2026-04-13 23:00:00,219754.8,10827.2,0.0
2026-04-14 00:00:00,214443.0,11139.2,0.0
2026-04-14 01:00:00,209896.8,10448.2,0.0
2026-04-14 02:00:00,205939.2,9774.0,0.0
2026-04-14 03:00:00,203971.5,9489.0,0.0
2026-04-14 04:00:00,204426.2,8732.8,0.0
2026-04-14 05:00:00,208141.2,8265.5,390.5
2026-04-14 06:00:00,209902.5,7928.8,1628.5
2026-04-14 07:00:00,210213.0,6763.2,15864.8
2026-04-14 08:00:00,210849.2,4502.0,43051.5
2026-04-14 09:00:00,220030.5,4139.2,64861.8
2026-04-14 10:00:00,221779.8,4329.8,76681.5
2026-04-14 11:00:00,220409.0,4374.2,79780.2
2026-04-14 12:00:00,216456.8,4724.2,76569.8
2026-04-14 13:00:00,211383.5,5469.5,73574.0
2026-04-14 14:00:00,215752.0,6418.2,72658.2
2026-04-14 15:00:00,220761.5,7203.0,66806.8
2026-04-14 16:00:00,219992.8,8576.5,52109.0
2026-04-14 17:00:00,215640.5,9727.8,29379.0
2026-04-14 18:00:00,216932.8,9796.8,7637.0
2026-04-14 19:00:00,226714.5,9421.2,593.5
2026-04-14 20:00:00,224869.8,9462.8,0.0
2026-04-14 21:00:00,222884.0,9748.0,0.0
2026-04-14 22:00:00,225121.2,10388.0,0.0
2026-04-14 23:00:00,222843.5,11202.5,0.0
2026-04-15 00:00:00,217839.0,11721.5,0.0
2026-04-15 01:00:00,213388.5,11441.5,0.0
2026-04-15 02:00:00,208514.2,11217.2,0.0
2026-04-15 03:00:00,204874.8,11227.0,0.0
2026-04-15 04:00:00,205082.8,10519.5,0.0
2026-04-15 05:00:00,208761.2,9076.8,311.5
2026-04-15 06:00:00,212248.8,7622.2,1857.2
2026-04-15 07:00:00,210952.0,5869.0,16916.2
2026-04-15 08:00:00,209424.0,3371.0,45257.5
2026-04-15 09:00:00,220357.2,2570.0,66667.5
2026-04-15 10:00:00,222125.2,2378.5,76568.8
2026-04-15 11:00:00,220298.2,2511.0,81206.5
2026-04-15 12:00:00,217241.2,2707.0,79510.8
2026-04-15 13:00:00,212098.2,3474.5,73340.2
2026-04-15 14:00:00,219293.2,4913.0,74434.2
2026-04-15 15:00:00,226905.0,6589.0,66044.2
2026-04-15 16:00:00,226214.0,7766.8,51957.0
2026-04-15 17:00:00,222559.5,8692.2,29509.2
2026-04-15 18:00:00,221892.2,9576.0,7669.5
2026-04-15 19:00:00,229074.0,10237.8,603.0
2026-04-15 20:00:00,228298.2,10700.8,0.0
2026-04-15 21:00:00,226808.5,10522.8,0.0
2026-04-15 22:00:00,227902.8,10354.5,0.0
2026-04-15 23:00:00,224734.5,10381.0,0.0
2026-04-16 00:00:00,221329.0,9846.2,0.0
2026-04-16 01:00:00,217285.0,9222.2,0.0
2026-04-16 02:00:00,213265.2,9324.2,0.0
2026-04-16 03:00:00,210629.2,9234.8,0.0
2026-04-16 04:00:00,210241.8,8755.5,0.0
2026-04-16 05:00:00,213327.5,8142.8,386.5
2026-04-16 06:00:00,216512.0,7523.8,1814.0
2026-04-16 07:00:00,215592.5,6451.0,16405.5
2026-04-16 08:00:00,214610.2,4306.5,44310.0
2026-04-16 09:00:00,226742.8,3292.8,65996.5
2026-04-16 10:00:00,228415.8,3261.0,76756.0
2026-04-16 11:00:00,224915.8,3173.2,81215.8
2026-04-16 12:00:00,221722.5,3769.0,80003.5
2026-04-16 13:00:00,217725.2,5046.5,76863.8
2026-04-16 14:00:00,225496.5,6254.8,72366.5
2026-04-16 15:00:00,233034.2,6957.2,63413.2
2026-04-16 16:00:00,231704.2,7404.0,46908.8
2026-04-16 17:00:00,226358.0,7440.2,25171.5
2026-04-16 18:00:00,225366.0,8539.0,6579.0
2026-04-16 19:00:00,231059.5,8700.0,387.2
2026-04-16 20:00:00,229568.5,8668.0,0.0
2026-04-16 21:00:00,227749.8,8977.5,0.0
2026-04-16 22:00:00,230438.0,9499.5,0.0
2026-04-16 23:00:00,229339.5,10008.0,0.0
2026-04-17 00:00:00,223843.5,9690.2,0.0
2026-04-17 01:00:00,219350.0,9104.8,0.0
2026-04-17 02:00:00,214748.2,8024.5,0.0
2026-04-17 03:00:00,211954.2,7465.5,0.0
2026-04-17 04:00:00,211678.5,7060.2,0.0
2026-04-17 05:00:00,213216.8,6454.8,234.8
2026-04-17 06:00:00,215771.5,5973.0,1565.8
2026-04-17 07:00:00,217324.0,5274.0,16963.8
2026-04-17 08:00:00,218501.5,3453.8,44807.0
2026-04-17 09:00:00,228956.5,3484.8,62640.8
2026-04-17 10:00:00,232873.2,3809.8,74464.5
2026-04-17 11:00:00,230645.0,4072.8,78862.5
2026-04-17 12:00:00,228518.5,4357.0,78540.0
2026-04-17 13:00:00,224315.0,5193.5,76918.5
2026-04-17 14:00:00,231863.8,5998.0,71657.2
2026-04-17 15:00:00,237693.2,6901.2,64132.8
2026-04-17 16:00:00,234136.8,7393.0,50233.0
2026-04-17 17:00:00,225778.2,8253.2,30470.8
2026-04-17 18:00:00,223802.0,8147.2,8143.5
2026-04-17 19:00:00,230283.0,7770.5,244.8
2026-04-17 20:00:00,227228.2,8534.0,0.0
2026-04-17 21:00:00,227207.8,9147.5,0.0
2026-04-17 22:00:00,230186.2,10216.0,0.0
2026-04-17 23:00:00,227779.2,10398.0,0.0
2026-04-18 00:00:00,222407.5,9658.5,0.0
2026-04-18 01:00:00,218689.8,9232.2,0.0
2026-04-18 02:00:00,214616.0,9157.0,0.0
2026-04-18 03:00:00,211562.2,8589.2,0.0
2026-04-18 04:00:00,211398.8,8134.0,0.0
2026-04-18 05:00:00,213473.0,7952.2,16.5
2026-04-18 06:00:00,215025.2,7165.2,1495.8
2026-04-18 07:00:00,214761.0,5744.2,17679.2
2026-04-18 08:00:00,215397.2,3285.2,47285.0
2026-04-18 09:00:00,224509.0,2354.0,66994.2
2026-04-18 10:00:00,227038.5,1960.8,74275.5
2026-04-18 11:00:00,226939.2,1741.0,79021.8
2026-04-18 12:00:00,225058.8,2105.5,79147.5
2026-04-18 13:00:00,221980.0,2748.5,75103.0
2026-04-18 14:00:00,229846.8,3769.2,70142.5
2026-04-18 15:00:00,237867.2,5116.0,62066.5
2026-04-18 16:00:00,234262.0,6523.8,48744.0
2026-04-18 17:00:00,226712.0,7192.8,27580.5
2026-04-18 18:00:00,225116.0,7319.5,7892.2
2026-04-18 19:00:00,229308.5,7796.0,319.8
2026-04-18 20:00:00,229363.0,8535.0,0.0
2026-04-18 21:00:00,228933.5,9228.5,0.0
2026-04-18 22:00:00,231299.0,10068.8,0.0
2026-04-18 23:00:00,228672.5,10204.8,0.0
2026-04-19 00:00:00,224327.0,9719.8,0.0
2026-04-19 01:00:00,221333.8,9407.5,0.0
2026-04-19 02:00:00,216647.8,8298.2,0.0
2026-04-19 03:00:00,213563.8,7524.2,0.0
2026-04-19 04:00:00,212587.2,6910.5,0.0
2026-04-19 05:00:00,213374.5,5982.5,516.0
2026-04-19 06:00:00,211326.5,5738.0,1833.2
2026-04-19 07:00:00,208402.2,4604.8,17682.5
2026-04-19 08:00:00,207628.2,2819.2,46264.8
2026-04-19 09:00:00,216113.2,2209.8,66288.8
2026-04-19 10:00:00,216753.8,2016.5,75016.5
2026-04-19 11:00:00,214823.8,1895.8,77772.8
2026-04-19 12:00:00,211949.0,2491.8,76442.8
2026-04-19 13:00:00,209990.2,3539.5,73653.8
2026-04-19 14:00:00,214480.0,5060.0,72099.2
2026-04-19 15:00:00,220161.0,6610.8,62983.5
2026-04-19 16:00:00,216310.0,8455.2,49605.5
2026-04-19 17:00:00,207654.8,9543.8,28959.0
2026-04-19 18:00:00,206097.8,10123.8,7859.5
2026-04-19 19:00:00,215809.8,9846.5,525.5
2026-04-19 20:00:00,216764.0,11160.8,0.0
2026-04-19 21:00:00,218360.5,11956.2,0.0
2026-04-19 22:00:00,222642.0,12003.0,0.0
2026-04-19 23:00:00,221754.5,12247.0,0.0
2026-04-20 00:00:00,217050.2,13129.8,0.0
2026-04-20 01:00:00,213190.2,11677.8,0.0
2026-04-20 02:00:00,208339.0,9316.0,0.0
2026-04-20 03:00:00,205731.8,8022.8,0.0
2026-04-20 04:00:00,206586.0,6410.2,0.0
2026-04-20 05:00:00,209065.8,5618.5,605.8
2026-04-20 06:00:00,211223.5,4831.0,2237.8
2026-04-20 07:00:00,209250.2,3695.8,17304.5
2026-04-20 08:00:00,210369.0,2477.0,44385.0
2026-04-20 09:00:00,222261.2,2002.8,65738.0
2026-04-20 10:00:00,227011.5,2086.8,76377.0
2026-04-20 11:00:00,227034.8,2458.8,79252.2
2026-04-20 12:00:00,225261.5,2725.5,80179.2
2026-04-20 13:00:00,222151.5,3535.8,79675.5
2026-04-20 14:00:00,227914.8,3939.5,74352.5
2026-04-20 15:00:00,235719.8,4878.5,62451.2
2026-04-20 16:00:00,233418.2,6562.2,47936.8
2026-04-20 17:00:00,226344.5,8022.2,28072.8
2026-04-20 18:00:00,224210.2,8368.0,6992.0
2026-04-20 19:00:00,231282.2,8587.5,335.0
2026-04-20 20:00:00,230087.5,9559.0,0.0
2026-04-20 21:00:00,228644.8,10032.2,0.0
2026-04-20 22:00:00,232611.5,10524.2,0.0
2026-04-20 23:00:00,232501.2,11334.2,0.0
2026-04-21 00:00:00,227028.2,11473.2,0.0
2026-04-21 01:00:00,222490.5,11502.0,0.0
2026-04-21 02:00:00,217750.8,10678.5,0.0
2026-04-21 03:00:00,214571.8,9795.0,0.0
2026-04-21 04:00:00,213377.5,9112.0,0.0
2026-04-21 05:00:00,215275.8,8408.8,121.0
2026-04-21 06:00:00,216415.5,7829.5,2041.0
2026-04-21 07:00:00,214690.8,6301.8,18413.5
2026-04-21 08:00:00,214017.5,4468.8,46215.5
2026-04-21 09:00:00,223880.8,3789.2,66291.5
2026-04-21 10:00:00,227214.8,4021.8,76070.8
2026-04-21 11:00:00,225574.2,3687.0,80079.2
2026-04-21 12:00:00,221519.8,3562.5,79854.8
2026-04-21 13:00:00,218404.5,4313.5,76720.8
2026-04-21 14:00:00,225706.0,5307.0,73758.5
2026-04-21 15:00:00,232262.5,6862.8,62237.5
2026-04-21 16:00:00,230926.0,7890.2,47217.0
2026-04-21 17:00:00,224648.0,9790.8,27019.5
2026-04-21 18:00:00,224304.8,10565.5,7937.5
2026-04-21 19:00:00,233527.0,10902.5,663.2
2026-04-21 20:00:00,231330.0,12264.8,0.0
2026-04-21 21:00:00,230096.8,14004.8,0.0
2026-04-21 22:00:00,234680.8,14060.0,0.0
2026-04-21 23:00:00,234904.8,13810.0,0.0
2026-04-22 00:00:00,229564.0,13687.5,0.0
2026-04-22 01:00:00,224244.8,13226.5,0.0
2026-04-22 02:00:00,219011.5,11484.2,0.0
2026-04-22 03:00:00,215315.5,9129.8,0.0
2026-04-22 04:00:00,214772.0,7338.2,0.0
2026-04-22 05:00:00,216679.8,6637.0,401.8
2026-04-22 06:00:00,216487.0,6465.2,2284.5
2026-04-22 07:00:00,213788.5,5976.8,19097.2
2026-04-22 08:00:00,214453.5,3987.0,47660.5
2026-04-22 09:00:00,223960.0,3744.0,67944.5
2026-04-22 10:00:00,227528.5,4503.0,73424.5
2026-04-22 11:00:00,225878.5,5280.8,78699.0
2026-04-22 12:00:00,224159.8,5545.2,78676.0
2026-04-22 13:00:00,220829.5,6757.0,76008.8
2026-04-22 14:00:00,226419.5,7712.2,74442.5
2026-04-22 15:00:00,235929.8,8155.5,64064.2
2026-04-22 16:00:00,237066.8,9651.2,52744.0
2026-04-22 17:00:00,232326.5,10274.8,30548.0
2026-04-22 18:00:00,230515.5,9954.5,8737.0
2026-04-22 19:00:00,238290.8,9415.5,802.0
2026-04-22 20:00:00,236206.2,8911.8,0.0
2026-04-22 21:00:00,234704.8,8766.8,0.0
2026-04-22 22:00:00,236883.2,8790.2,0.0
2026-04-22 23:00:00,235018.5,8891.2,0.0
2026-04-23 00:00:00,229934.2,8902.5,0.0
2026-04-23 01:00:00,226021.5,8611.8,0.0
2026-04-23 02:00:00,222991.2,8214.8,0.0
2026-04-23 03:00:00,220133.2,8066.8,0.0
2026-04-23 04:00:00,219169.2,7884.2,0.0
2026-04-23 05:00:00,220026.0,7421.2,52.5
2026-04-23 06:00:00,218195.5,6712.8,2030.2
2026-04-23 07:00:00,216253.2,5362.0,18010.8
2026-04-23 08:00:00,215275.0,3366.5,45914.8
2026-04-23 09:00:00,224303.5,2607.8,66602.0
2026-04-23 10:00:00,227527.2,2499.8,76415.2
2026-04-23 11:00:00,227173.8,2813.8,80883.2
2026-04-23 12:00:00,224782.0,3494.2,80694.8
2026-04-23 13:00:00,222698.8,4778.8,78350.0
2026-04-23 14:00:00,230452.5,6250.5,74905.2
2026-04-23 15:00:00,238196.2,8205.5,64426.2
2026-04-23 16:00:00,236173.0,9506.0,49467.8
2026-04-23 17:00:00,229834.2,9897.0,28913.2
2026-04-23 18:00:00,227136.0,9929.2,7799.2
2026-04-23 19:00:00,235018.2,10004.2,306.2
2026-04-23 20:00:00,233310.2,10159.5,0.0
2026-04-23 21:00:00,233157.8,9822.0,0.0
2026-04-23 22:00:00,235728.8,9644.0,0.0
2026-04-23 23:00:00,235274.5,9516.5,0.0
2026-04-24 00:00:00,230178.5,9310.5,0.0
2026-04-24 01:00:00,225323.2,8853.5,0.0
2026-04-24 02:00:00,221186.2,9309.8,0.0
2026-04-24 03:00:00,218458.5,9750.5,0.0
2026-04-24 04:00:00,217377.8,10026.5,0.0
2026-04-24 05:00:00,218037.0,10187.0,260.5
2026-04-24 06:00:00,218772.5,8874.0,2041.5
2026-04-24 07:00:00,221349.5,6789.8,17761.5
2026-04-24 08:00:00,225577.0,3920.2,44791.2
2026-04-24 09:00:00,236047.5,2891.0,64957.8
2026-04-24 10:00:00,239698.2,3002.0,74455.5
2026-04-24 11:00:00,238330.2,3362.5,79551.2
2026-04-24 12:00:00,236148.5,3743.2,81038.0
2026-04-24 13:00:00,234738.0,4658.5,78184.8
2026-04-24 14:00:00,244179.2,6072.0,72805.0
2026-04-24 15:00:00,250941.8,7555.5,62193.2
2026-04-24 16:00:00,247822.2,8278.8,48023.8
2026-04-24 17:00:00,237853.8,9532.8,27874.0
2026-04-24 18:00:00,230419.0,9205.2,7320.0
2026-04-24 19:00:00,235815.2,8360.8,444.2
2026-04-24 20:00:00,233953.8,8481.2,0.0
2026-04-24 21:00:00,233381.8,9397.2,0.0
2026-04-24 22:00:00,238549.0,10248.2,0.0
2026-04-24 23:00:00,238813.2,10082.0,0.0
2026-04-25 00:00:00,234143.8,9464.8,0.0
2026-04-25 01:00:00,228611.2,8675.8,0.0
2026-04-25 02:00:00,224805.2,7788.8,0.0
2026-04-25 03:00:00,222014.0,7006.8,0.0
2026-04-25 04:00:00,220037.0,6559.8,0.0
2026-04-25 05:00:00,219653.5,6234.5,60.2
2026-04-25 06:00:00,220130.0,5634.0,2051.8
2026-04-25 07:00:00,222326.8,4564.2,16733.2
2026-04-25 08:00:00,227341.5,2868.5,42671.8
2026-04-25 09:00:00,236889.5,2281.2,62722.8
2026-04-25 10:00:00,240735.0,1954.0,72502.0
2026-04-25 11:00:00,240635.5,1806.2,77929.2
2026-04-25 12:00:00,239093.8,2238.0,80436.8
2026-04-25 13:00:00,238456.0,2951.2,77622.8
2026-04-25 14:00:00,247255.5,3694.5,70127.0
2026-04-25 15:00:00,254967.0,4507.5,60048.5
2026-04-25 16:00:00,250692.2,6045.5,43944.2
2026-04-25 17:00:00,238039.5,6804.8,25342.0
2026-04-25 18:00:00,230516.5,7349.2,6913.5
2026-04-25 19:00:00,236432.0,7034.5,503.8
2026-04-25 20:00:00,235251.0,6830.2,0.0
2026-04-25 21:00:00,234691.8,7193.0,0.0
2026-04-25 22:00:00,239571.8,7790.2,0.0
2026-04-25 23:00:00,239880.5,8508.5,0.0
2026-04-26 00:00:00,235271.2,9030.0,0.0
2026-04-26 01:00:00,230904.0,9247.5,0.0
2026-04-26 02:00:00,225341.2,9328.2,0.0
2026-04-26 03:00:00,223060.0,8933.0,0.0
2026-04-26 04:00:00,221475.5,8758.2,0.0
2026-04-26 05:00:00,221450.8,8702.0,218.8
2026-04-26 06:00:00,220190.0,8267.8,2010.2
2026-04-26 07:00:00,216905.8,7617.2,15500.5
2026-04-26 08:00:00,216650.2,5630.2,39752.5
2026-04-26 09:00:00,225085.0,5140.2,56650.0
2026-04-26 10:00:00,227414.2,4921.5,64504.0
2026-04-26 11:00:00,226300.5,4388.5,71394.8
2026-04-26 12:00:00,225513.2,3738.0,79295.2
2026-04-26 13:00:00,224744.5,4711.2,76240.0
2026-04-26 14:00:00,229127.2,5866.8,69928.2
2026-04-26 15:00:00,234027.5,7002.2,59178.0
2026-04-26 16:00:00,230158.8,7962.0,45792.5
2026-04-26 17:00:00,219927.0,9396.0,24979.8
2026-04-26 18:00:00,214829.5,9818.8,6771.2
2026-04-26 19:00:00,224739.2,9729.8,378.8
2026-04-26 20:00:00,227958.0,10606.5,0.0
2026-04-26 21:00:00,229556.8,11290.0,0.0
2026-04-26 22:00:00,235554.2,11479.0,0.0
2026-04-26 23:00:00,235066.8,11644.2,0.0
2026-04-27 00:00:00,230887.2,11922.8,0.0
2026-04-27 01:00:00,226379.2,12225.5,0.0
2026-04-27 02:00:00,222053.8,12740.0,0.0
2026-04-27 03:00:00,218307.0,13045.8,0.0
2026-04-27 04:00:00,216236.2,12962.8,0.0
2026-04-27 05:00:00,216741.2,13317.5,305.0
2026-04-27 06:00:00,217105.0,13488.8,2503.5
2026-04-27 07:00:00,216892.2,12797.5,18823.5
2026-04-27 08:00:00,220848.5,9831.2,45707.0
2026-04-27 09:00:00,234177.2,8504.2,63985.0
2026-04-27 10:00:00,240451.0,9235.0,74195.5
2026-04-27 11:00:00,241803.8,9838.0,79173.5
2026-04-27 12:00:00,241507.0,9864.2,78285.2
2026-04-27 13:00:00,239842.2,10341.8,75625.8
2026-04-27 14:00:00,247312.8,10747.2,70404.5
2026-04-27 15:00:00,254243.5,11361.8,61459.8
2026-04-27 16:00:00,248939.0,12209.5,45543.2
2026-04-27 17:00:00,236412.8,13497.0,26688.5
2026-04-27 18:00:00,228915.8,14791.8,8260.8
2026-04-27 19:00:00,233794.0,14934.0,743.0
2026-04-27 20:00:00,230814.8,14762.0,0.0
2026-04-27 21:00:00,229571.5,14351.8,0.0
2026-04-27 22:00:00,234816.0,13959.5,0.0
2026-04-27 23:00:00,237225.5,14996.5,0.0
2026-04-28 00:00:00,234738.0,14560.0,0.0
2026-04-28 01:00:00,229749.8,14299.0,0.0
2026-04-28 02:00:00,224755.2,13451.0,0.0
2026-04-28 03:00:00,220357.2,12281.0,0.0
2026-04-28 04:00:00,217570.0,11242.8,0.0
2026-04-28 05:00:00,217594.0,10899.5,465.8
2026-04-28 06:00:00,216998.0,10561.5,2576.2
2026-04-28 07:00:00,214759.0,9264.2,18403.8
2026-04-28 08:00:00,218177.0,8139.2,45219.2
2026-04-28 09:00:00,229835.5,7694.5,63546.2
2026-04-28 10:00:00,234106.2,7898.8,71968.8
2026-04-28 11:00:00,235184.2,8694.5,77751.0
2026-04-28 12:00:00,236455.8,9428.2,78118.2
2026-04-28 13:00:00,237425.0,10327.8,76103.2
2026-04-28 14:00:00,245585.2,11104.5,71226.2
2026-04-28 15:00:00,252395.5,12219.2,61471.5
2026-04-28 16:00:00,248388.8,13814.0,46856.8
2026-04-28 17:00:00,238135.5,14912.5,27396.2
2026-04-28 18:00:00,231660.0,14591.2,8627.0
2026-04-28 19:00:00,239362.5,14378.5,689.0
2026-04-28 20:00:00,239645.8,14405.5,0.0
2026-04-28 21:00:00,239604.5,15963.2,0.0
2026-04-28 22:00:00,242588.2,16034.2,0.0
2026-04-28 23:00:00,240842.5,15549.2,0.0
2026-04-29 00:00:00,236140.2,15098.0,0.0
2026-04-29 01:00:00,229315.5,14036.0,0.0
2026-04-29 02:00:00,222994.2,13895.0,0.0
2026-04-29 03:00:00,218081.0,13959.2,0.0
2026-04-29 04:00:00,214423.2,13195.5,0.0
2026-04-29 05:00:00,213599.5,11796.2,264.8
2026-04-29 06:00:00,211087.2,11086.5,2688.0
2026-04-29 07:00:00,208169.8,8879.8,17452.8
2026-04-29 08:00:00,210524.0,7551.8,41831.2
2026-04-29 09:00:00,222728.5,7743.5,62387.0
2026-04-29 10:00:00,228402.8,8128.8,72801.2
2026-04-29 11:00:00,230720.0,8574.5,77929.0
2026-04-29 12:00:00,231254.8,9155.5,77908.0
2026-04-29 13:00:00,229740.2,10154.5,75690.2
2026-04-29 14:00:00,235413.5,11428.2,70314.0
2026-04-29 15:00:00,240563.8,12138.2,61003.2
2026-04-29 16:00:00,234988.2,12943.5,45806.5
2026-04-29 17:00:00,222212.2,13332.8,26526.5
2026-04-29 18:00:00,214686.8,13912.0,7602.5
2026-04-29 19:00:00,220302.5,14336.8,591.8
2026-04-29 20:00:00,218817.0,14499.0,0.0
2026-04-29 21:00:00,217300.5,14282.5,0.0
2026-04-29 22:00:00,222402.8,13839.2,0.0
2026-04-29 23:00:00,222790.2,14868.8,0.0
2026-04-30 00:00:00,217804.8,14834.0,0.0
2026-04-30 01:00:00,211456.8,15059.8,0.0
2026-04-30 02:00:00,205763.2,13579.2,0.0
2026-04-30 03:00:00,200846.2,12794.0,0.0
2026-04-30 04:00:00,199165.8,11977.0,0.0
2026-04-30 05:00:00,200503.2,11347.2,271.0
2026-04-30 06:00:00,201044.0,10394.2,2501.5
2026-04-30 07:00:00,199450.5,9281.2,17232.8
2026-04-30 08:00:00,201421.8,9319.5,41007.5
2026-04-30 09:00:00,213282.0,8627.8,60491.2
2026-04-30 10:00:00,221086.2,8425.8,71882.8
2026-04-30 11:00:00,222618.2,8671.2,74816.0
2026-04-30 12:00:00,224198.0,9926.5,74730.0
2026-04-30 13:00:00,222961.5,10882.5,73791.0
2026-04-30 14:00:00,228376.0,12679.2,70676.8
2026-04-30 15:00:00,233056.5,14819.0,59398.2
2026-04-30 16:00:00,225527.2,16981.0,47780.2
2026-04-30 17:00:00,213166.2,18960.0,28180.0
2026-04-30 18:00:00,205830.8,18761.5,9437.0
2026-04-30 19:00:00,208252.2,18040.0,1102.0
2026-04-30 20:00:00,205027.0,16887.8,0.0
2026-04-30 21:00:00,204569.8,16169.2,0.0
2026-04-30 22:00:00,208884.8,16490.2,0.0
2026-04-30 23:00:00,208427.5,17625.8,0.0
2026-05-01 00:00:00,203035.0,17771.0,0.0
2026-05-01 01:00:00,198123.0,17093.5,0.0
2026-05-01 02:00:00,192959.8,15977.2,0.0
2026-05-01 03:00:00,188695.8,15339.5,0.0
2026-05-01 04:00:00,187019.2,14603.0,0.0
2026-05-01 05:00:00,189493.2,13984.8,358.5
2026-05-01 06:00:00,187920.5,13757.2,2890.8
2026-05-01 07:00:00,184813.0,12320.0,17412.8
2026-05-01 08:00:00,185937.0,11166.8,34498.5
2026-05-01 09:00:00,191077.2,11112.0,40010.5
2026-05-01 10:00:00,195648.0,10425.2,53747.8
2026-05-01 11:00:00,197818.0,10115.2,55848.5
2026-05-01 12:00:00,199870.0,10549.8,56967.2
2026-05-01 13:00:00,199667.8,11029.2,58922.8
2026-05-01 14:00:00,204466.5,12436.0,61597.5
2026-05-01 15:00:00,209251.8,14451.8,62853.0
2026-05-01 16:00:00,206953.0,16547.8,50125.8
2026-05-01 17:00:00,202509.0,18747.8,29195.2
2026-05-01 18:00:00,199706.2,19276.2,8464.2
2026-05-01 19:00:00,209386.2,18259.0,606.2
2026-05-01 20:00:00,211176.8,17985.8,0.0
2026-05-01 21:00:00,212485.5,17327.2,0.0
2026-05-01 22:00:00,217317.8,16472.5,0.0
2026-05-01 23:00:00,216095.0,16983.5,0.0
2026-05-02 00:00:00,210261.8,17246.0,0.0
2026-05-02 01:00:00,204415.0,17359.5,0.0
2026-05-02 02:00:00,198870.5,16389.2,0.0
2026-05-02 03:00:00,195537.0,15413.0,0.0
2026-05-02 04:00:00,194023.5,14101.2,0.0
2026-05-02 05:00:00,196338.2,13459.8,356.5
2026-05-02 06:00:00,196355.2,13584.8,2844.8
2026-05-02 07:00:00,195177.0,12597.8,20042.5
2026-05-02 08:00:00,198424.8,11194.5,45876.5
2026-05-02 09:00:00,210653.5,10986.8,65122.8
2026-05-02 10:00:00,216679.8,11141.0,74417.0
2026-05-02 11:00:00,217301.0,10985.8,76041.8
2026-05-02 12:00:00,217822.8,11201.8,75263.5
2026-05-02 13:00:00,217121.2,11822.0,73344.0
2026-05-02 14:00:00,222969.5,13623.2,72263.2
2026-05-02 15:00:00,227794.0,16038.2,61187.5
2026-05-02 16:00:00,223016.5,17876.5,43097.0
2026-05-02 17:00:00,213441.5,18907.5,24670.8
2026-05-02 18:00:00,208997.5,19390.2,8532.5
2026-05-02 19:00:00,217470.2,18245.8,653.5
2026-05-02 20:00:00,217010.0,17642.2,0.0
2026-05-02 21:00:00,216328.2,17633.5,0.0
2026-05-02 22:00:00,219391.5,17882.0,0.0
2026-05-02 23:00:00,219110.2,17331.0,0.0
2026-05-03 00:00:00,214636.8,18380.8,0.0
2026-05-03 01:00:00,207694.5,18762.2,0.0
2026-05-03 02:00:00,201978.2,18603.5,0.0
2026-05-03 03:00:00,197859.8,17984.0,0.0
2026-05-03 04:00:00,194700.8,17431.2,0.0
2026-05-03 05:00:00,193926.2,16071.8,294.5
2026-05-03 06:00:00,191002.5,14927.2,2805.2
2026-05-03 07:00:00,185849.0,13422.0,19357.0
2026-05-03 08:00:00,185338.2,12490.8,39718.8
2026-05-03 09:00:00,187897.5,12035.8,46515.5
2026-05-03 10:00:00,190042.5,11837.2,51702.0
2026-05-03 11:00:00,192279.0,11612.2,52556.0
2026-05-03 12:00:00,193592.2,11663.8,54088.5
2026-05-03 13:00:00,194661.5,12083.8,54200.8
2026-05-03 14:00:00,200820.8,12733.2,59488.0
2026-05-03 15:00:00,207740.2,14350.8,61578.5
2026-05-03 16:00:00,205938.8,16115.8,49289.5
2026-05-03 17:00:00,200707.0,17740.2,28373.0
2026-05-03 18:00:00,198933.0,18887.8,8470.2
2026-05-03 19:00:00,208805.0,19738.2,555.2
2026-05-03 20:00:00,211319.5,20102.0,0.0
2026-05-03 21:00:00,211736.0,19926.5,0.0
2026-05-03 22:00:00,214511.0,19786.2,0.0
2026-05-03 23:00:00,211252.8,19566.8,0.0
2026-05-04 00:00:00,202268.2,18240.5,0.0
2026-05-04 01:00:00,195147.8,16723.5,0.0
2026-05-04 02:00:00,188640.2,15503.5,0.0
2026-05-04 03:00:00,184039.5,14531.0,0.0
2026-05-04 04:00:00,181581.5,13493.8,0.0
2026-05-04 05:00:00,184164.2,12058.8,329.5
2026-05-04 06:00:00,184970.8,10511.5,2730.2
2026-05-04 07:00:00,187277.5,9236.0,18134.8
2026-05-04 08:00:00,191236.2,9202.5,43194.2
2026-05-04 09:00:00,200091.5,8099.2,60828.8
2026-05-04 10:00:00,203946.8,7196.2,64656.0
2026-05-04 11:00:00,207379.2,7123.5,69799.0
2026-05-04 12:00:00,209494.5,7441.5,72705.2
2026-05-04 13:00:00,209102.5,7680.8,74282.5
2026-05-04 14:00:00,214295.2,8562.5,69479.0
2026-05-04 15:00:00,220519.5,9724.8,56810.8
2026-05-04 16:00:00,218088.5,11574.8,43620.5
2026-05-04 17:00:00,209060.2,13538.2,25312.0
2026-05-04 18:00:00,202760.0,13994.2,7009.8
2026-05-04 19:00:00,207930.5,14422.5,415.8
2026-05-04 20:00:00,206216.2,14787.0,0.0
2026-05-04 21:00:00,204769.8,13878.8,0.0
2026-05-04 22:00:00,206725.2,13319.5,0.0
2026-05-04 23:00:00,203939.5,12434.5,0.0
2026-05-05 00:00:00,197123.8,11360.2,0.0
2026-05-05 01:00:00,191767.5,10467.0,0.0
2026-05-05 02:00:00,186888.5,10176.0,0.0
2026-05-05 03:00:00,183488.0,9211.2,0.0
2026-05-05 04:00:00,182511.2,8745.0,0.0
2026-05-05 05:00:00,185557.2,8172.5,182.0
2026-05-05 06:00:00,187197.0,7051.5,2505.0
2026-05-05 07:00:00,187252.2,4964.5,18395.8
2026-05-05 08:00:00,191704.0,4389.5,43665.8
2026-05-05 09:00:00,201304.0,3946.2,63947.0
2026-05-05 10:00:00,206759.2,3160.0,73501.5
2026-05-05 11:00:00,208987.5,3106.2,75234.5
2026-05-05 12:00:00,210073.0,3850.5,76456.5
2026-05-05 13:00:00,208806.5,4104.8,74595.8
2026-05-05 14:00:00,215620.2,4761.2,72473.0
2026-05-05 15:00:00,220944.5,6251.2,59962.5
2026-05-05 16:00:00,218575.8,7601.2,47233.0
2026-05-05 17:00:00,211724.5,8720.5,28563.5
2026-05-05 18:00:00,207134.2,9856.0,8393.5
2026-05-05 19:00:00,213644.5,10921.8,655.8
2026-05-05 20:00:00,210972.5,12022.8,0.0
2026-05-05 21:00:00,208423.0,12318.0,0.0
2026-05-05 22:00:00,211086.0,11299.0,0.0
2026-05-05 23:00:00,209534.8,10030.5,0.0
2026-05-06 00:00:00,204168.2,10363.8,0.0
2026-05-06 01:00:00,197962.5,8249.0,0.0
2026-05-06 02:00:00,192635.8,6931.2,0.0
2026-05-06 03:00:00,189898.2,6269.5,0.0
2026-05-06 04:00:00,188790.2,6332.2,0.0
2026-05-06 05:00:00,191624.2,5807.0,330.0
2026-05-06 06:00:00,192897.8,4824.5,3175.2
2026-05-06 07:00:00,191869.0,4222.2,20113.8
2026-05-06 08:00:00,194748.2,3860.2,45613.5
2026-05-06 09:00:00,203459.5,3669.5,64612.5
2026-05-06 10:00:00,208185.5,3981.2,75377.8
2026-05-06 11:00:00,209341.0,3907.0,77567.8
2026-05-06 12:00:00,210603.0,4171.2,77302.5
2026-05-06 13:00:00,208615.5,4593.8,73797.8
2026-05-06 14:00:00,214847.2,5379.2,70982.8
2026-05-06 15:00:00,221551.8,6379.2,60410.2
2026-05-06 16:00:00,220847.0,7200.5,47222.0
2026-05-06 17:00:00,215146.0,7763.2,27423.8
2026-05-06 18:00:00,210870.2,8657.2,8138.2
2026-05-06 19:00:00,219186.5,8776.8,456.5
2026-05-06 20:00:00,218288.2,9022.5,0.0
2026-05-06 21:00:00,215953.0,9487.5,0.0
2026-05-06 22:00:00,217361.5,9239.8,0.0
2026-05-06 23:00:00,215352.5,9236.2,0.0
2026-05-07 00:00:00,209034.0,9147.2,0.0
2026-05-07 01:00:00,202574.8,8349.5,0.0
2026-05-07 02:00:00,196524.5,7957.2,0.0
2026-05-07 03:00:00,192338.0,6986.8,0.0
2026-05-07 04:00:00,190518.2,6013.0,0.0
2026-05-07 05:00:00,193276.0,5226.0,243.8
2026-05-07 06:00:00,194145.5,4572.0,3010.8
2026-05-07 07:00:00,193127.0,4131.8,19592.5
2026-05-07 08:00:00,197339.2,3402.0,44758.0
2026-05-07 09:00:00,207442.0,3291.8,63230.0
2026-05-07 10:00:00,211518.2,3826.5,72119.2
2026-05-07 11:00:00,212610.5,4682.5,76013.0
2026-05-07 12:00:00,213419.8,5003.0,74782.5
2026-05-07 13:00:00,211413.0,6028.0,73462.5
2026-05-07 14:00:00,214548.8,7603.0,70805.0
2026-05-07 15:00:00,217051.0,9091.5,61301.5
2026-05-07 16:00:00,214155.2,10457.5,48331.2
2026-05-07 17:00:00,211073.2,11251.8,28898.0
2026-05-07 18:00:00,208813.2,11400.0,8752.5
2026-05-07 19:00:00,215586.0,11803.2,464.2
2026-05-07 20:00:00,215546.2,12933.2,0.0
2026-05-07 21:00:00,214000.8,12590.0,0.0
2026-05-07 22:00:00,215934.2,10932.0,0.0
2026-05-07 23:00:00,214260.0,9994.8,0.0
2026-05-08 00:00:00,208132.8,8340.8,0.0
2026-05-08 01:00:00,202174.2,7267.0,0.0
2026-05-08 02:00:00,197400.2,7047.5,0.0
2026-05-08 03:00:00,193283.8,6756.2,0.0
2026-05-08 04:00:00,191704.0,6175.0,0.0
2026-05-08 05:00:00,194636.8,5496.5,219.0
2026-05-08 06:00:00,195536.5,5431.8,3158.8
2026-05-08 07:00:00,194590.0,5196.2,19899.8
2026-05-08 08:00:00,198625.5,4175.5,44921.2
2026-05-08 09:00:00,209356.8,3354.5,64555.2
2026-05-08 10:00:00,213481.5,3159.0,74609.8
2026-05-08 11:00:00,216181.0,3716.0,77706.8
2026-05-08 12:00:00,216330.2,4403.5,76779.0
2026-05-08 13:00:00,213896.2,5471.0,75244.8
2026-05-08 14:00:00,218597.8,6630.8,73412.8
2026-05-08 15:00:00,223433.0,8365.5,62750.0
2026-05-08 16:00:00,219466.8,9386.8,48040.5
2026-05-08 17:00:00,213751.8,11283.5,29372.5
2026-05-08 18:00:00,209625.2,11808.5,9119.0
2026-05-08 19:00:00,218364.8,12410.2,514.5
2026-05-08 20:00:00,218558.8,11825.2,0.0
2026-05-08 21:00:00,217340.2,10758.8,0.0
2026-05-08 22:00:00,219922.2,10621.5,0.0
2026-05-08 23:00:00,218989.5,9984.0,0.0
2026-05-09 00:00:00,213366.0,9188.8,0.0
2026-05-09 01:00:00,206923.0,8494.5,0.0
2026-05-09 02:00:00,201057.5,8454.0,0.0
2026-05-09 03:00:00,196951.0,8152.2,0.0
2026-05-09 04:00:00,195341.5,7594.2,0.0
2026-05-09 05:00:00,197178.2,6822.2,304.2
2026-05-09 06:00:00,196863.0,5886.5,3268.8
2026-05-09 07:00:00,196433.2,4645.2,21053.2
2026-05-09 08:00:00,198756.2,3669.0,47579.8
2026-05-09 09:00:00,208299.5,3624.2,64360.2
2026-05-09 10:00:00,213923.5,3771.8,72779.0
2026-05-09 11:00:00,216812.8,4299.2,76275.5
2026-05-09 12:00:00,217782.0,5074.0,77536.5
2026-05-09 13:00:00,215472.8,6172.0,74803.8
2026-05-09 14:00:00,221253.0,7103.5,72887.2
2026-05-09 15:00:00,225976.0,8256.5,62278.0
2026-05-09 16:00:00,222838.2,9664.8,49331.2
2026-05-09 17:00:00,214761.2,10822.8,30156.2
2026-05-09 18:00:00,210561.2,9849.2,9237.8
2026-05-09 19:00:00,217599.0,8768.8,524.8
2026-05-09 20:00:00,217586.2,8760.0,0.0
2026-05-09 21:00:00,218682.2,9669.0,0.0
2026-05-09 22:00:00,221974.8,10060.2,0.0
2026-05-09 23:00:00,220951.2,10439.0,0.0
2026-05-10 00:00:00,216055.0,10087.0,0.0
2026-05-10 01:00:00,210398.0,9534.5,0.0
2026-05-10 02:00:00,204070.2,8857.0,0.0
2026-05-10 03:00:00,200471.2,8046.5,0.0
2026-05-10 04:00:00,198268.5,7306.2,0.0
2026-05-10 05:00:00,198414.5,6943.8,206.0
2026-05-10 06:00:00,194699.2,6785.2,3274.5
2026-05-10 07:00:00,191572.2,5187.2,21373.8
2026-05-10 08:00:00,192101.5,3921.5,45661.5
2026-05-10 09:00:00,198926.0,4103.8,60784.0
2026-05-10 10:00:00,203443.2,4336.5,67469.8
2026-05-10 11:00:00,204568.8,5160.8,67604.0
2026-05-10 12:00:00,205546.2,5823.5,68415.0
2026-05-10 13:00:00,205093.2,6172.2,67344.0
2026-05-10 14:00:00,208851.2,7024.0,68807.5
2026-05-10 15:00:00,211976.0,7897.0,61290.2
2026-05-10 16:00:00,209479.8,8231.8,48174.8
2026-05-10 17:00:00,203548.0,8607.8,29349.8
2026-05-10 18:00:00,202049.2,8786.2,9184.5
2026-05-10 19:00:00,212672.8,9987.8,530.0
2026-05-10 20:00:00,216495.2,10947.2,0.0
2026-05-10 21:00:00,218728.8,11502.5,0.0
2026-05-10 22:00:00,223193.5,12069.2,0.0
2026-05-10 23:00:00,222124.8,11840.5,0.0
2026-05-11 00:00:00,215566.5,11683.5,0.0
2026-05-11 01:00:00,207676.0,11373.5,0.0
2026-05-11 02:00:00,200881.5,10835.5,0.0
2026-05-11 03:00:00,197728.2,10439.0,0.0
2026-05-11 04:00:00,196724.2,9904.0,0.0
2026-05-11 05:00:00,198431.0,9219.5,39.0
2026-05-11 06:00:00,198242.0,8725.8,3396.5
2026-05-11 07:00:00,200154.5,7298.8,21706.2
2026-05-11 08:00:00,204908.2,5416.5,47734.0
2026-05-11 09:00:00,216278.8,4887.2,66160.5
2026-05-11 10:00:00,224492.8,5158.0,75934.0
2026-05-11 11:00:00,228210.8,5649.8,80726.2
2026-05-11 12:00:00,229454.5,5884.5,80830.2
2026-05-11 13:00:00,228043.2,6137.2,78483.0
2026-05-11 14:00:00,234679.8,6434.0,72284.5
2026-05-11 15:00:00,240381.0,7162.2,62045.0
2026-05-11 16:00:00,238096.0,8177.5,47882.0
2026-05-11 17:00:00,230024.0,9020.0,28479.5
2026-05-11 18:00:00,223987.8,9483.8,9053.8
2026-05-11 19:00:00,230545.0,10571.8,732.0
2026-05-11 20:00:00,230444.5,11087.8,0.0
2026-05-11 21:00:00,229904.0,10948.0,0.0
2026-05-11 22:00:00,233307.5,11344.2,0.0
2026-05-11 23:00:00,231687.0,10802.8,0.0
2026-05-12 00:00:00,227250.0,11255.2,0.0
2026-05-12 01:00:00,222600.2,11002.0,0.0
2026-05-12 02:00:00,218756.0,10537.0,0.0
2026-05-12 03:00:00,214983.5,9803.0,0.0
2026-05-12 04:00:00,212970.0,8895.0,0.0
2026-05-12 05:00:00,212641.8,7780.8,221.2
2026-05-12 06:00:00,211541.2,6814.0,3287.0
2026-05-12 07:00:00,211004.2,4706.5,20506.0
2026-05-12 08:00:00,214684.2,3318.2,45754.5
2026-05-12 09:00:00,225601.5,2938.2,64015.2
2026-05-12 10:00:00,230918.0,3092.0,73524.5
2026-05-12 11:00:00,232593.5,3849.5,78991.8
2026-05-12 12:00:00,232978.8,4830.2,80642.2
2026-05-12 13:00:00,232084.2,5368.2,78176.0
2026-05-12 14:00:00,241007.5,6333.2,72259.0
2026-05-12 15:00:00,247077.0,7643.8,60049.2
2026-05-12 16:00:00,242014.8,8503.8,45321.0
2026-05-12 17:00:00,232046.5,9199.2,28055.8
2026-05-12 18:00:00,225665.2,9712.8,9028.0
2026-05-12 19:00:00,232407.2,9685.8,521.2
2026-05-12 20:00:00,233734.8,9293.2,0.0
2026-05-12 21:00:00,234161.0,9181.2,0.0
2026-05-12 22:00:00,237334.5,9857.2,0.0
2026-05-12 23:00:00,235844.2,9983.0,0.0
2026-05-13 00:00:00,230839.8,9639.5,0.0
2026-05-13 01:00:00,225649.8,9867.0,0.0
2026-05-13 02:00:00,220918.8,10024.8,0.0
2026-05-13 03:00:00,217543.2,10005.5,0.0
2026-05-13 04:00:00,214955.5,9538.0,0.0
2026-05-13 05:00:00,214301.8,9054.0,164.2
2026-05-13 06:00:00,212315.0,8785.5,3295.5
2026-05-13 07:00:00,211799.8,7660.0,20141.0
2026-05-13 08:00:00,216921.8,7669.5,45034.5
2026-05-13 09:00:00,228638.0,8018.2,63393.0
2026-05-13 10:00:00,234577.2,8303.5,73315.2
2026-05-13 11:00:00,236061.0,8478.8,78206.0
2026-05-13 12:00:00,236855.5,9431.0,77384.8
2026-05-13 13:00:00,236791.0,10615.8,75399.0
2026-05-13 14:00:00,240906.0,10441.8,61235.0
2026-05-13 15:00:00,246867.0,11172.5,47569.2
2026-05-13 16:00:00,241728.0,13233.2,36202.8
2026-05-13 17:00:00,227193.2,15204.8,20550.0
2026-05-13 18:00:00,217783.8,14737.8,6598.5
2026-05-13 19:00:00,221543.0,13912.2,527.0
2026-05-13 20:00:00,218108.2,14352.8,0.0
2026-05-13 21:00:00,219372.0,14989.5,0.0
2026-05-13 22:00:00,225212.2,14829.0,0.0
2026-05-13 23:00:00,224716.2,14151.5,0.0
2026-05-14 00:00:00,218799.5,14298.2,0.0
2026-05-14 01:00:00,212433.5,14538.5,0.0
2026-05-14 02:00:00,207502.5,14140.0,0.0
2026-05-14 03:00:00,203227.8,13214.2,0.0
2026-05-14 04:00:00,200822.2,12896.8,0.0
2026-05-14 05:00:00,201405.8,12019.8,248.5
2026-05-14 06:00:00,200799.8,11672.0,3075.5
2026-05-14 07:00:00,202297.2,10435.8,17633.2
2026-05-14 08:00:00,207669.8,9499.5,38693.0
2026-05-14 09:00:00,219466.8,9977.5,55076.5
2026-05-14 10:00:00,225281.8,10226.5,66170.5
2026-05-14 11:00:00,228897.2,10671.5,72623.5
2026-05-14 12:00:00,231591.5,10642.0,73637.8
2026-05-14 13:00:00,232275.2,10864.2,71003.5
2026-05-14 14:00:00,241514.0,10921.2,63874.0
2026-05-14 15:00:00,249487.0,11834.2,53078.0
2026-05-14 16:00:00,243248.0,13766.2,37222.0
2026-05-14 17:00:00,234018.8,15140.8,21510.8
2026-05-14 18:00:00,226021.5,14891.2,8636.8
2026-05-14 19:00:00,232424.0,15420.0,941.2
2026-05-14 20:00:00,233275.5,16639.5,0.0
2026-05-14 21:00:00,235243.0,16149.8,0.0
2026-05-14 22:00:00,237462.5,15037.8,0.0
2026-05-14 23:00:00,232992.2,14036.0,0.0
2026-05-15 00:00:00,229190.5,12686.8,0.0
2026-05-15 01:00:00,222828.0,12998.8,0.0
2026-05-15 02:00:00,214561.8,13852.2,0.0
2026-05-15 03:00:00,207528.5,14217.0,0.0
2026-05-15 04:00:00,206759.8,13338.8,0.0
2026-05-15 05:00:00,206241.8,11268.0,321.0
2026-05-15 06:00:00,205256.5,9727.2,3022.8
2026-05-15 07:00:00,205119.8,8709.0,18567.0
2026-05-15 08:00:00,209513.8,9590.2,41370.8
2026-05-15 09:00:00,220816.2,10127.5,57373.0
2026-05-15 10:00:00,228411.0,10753.5,65963.0
2026-05-15 11:00:00,232590.2,11608.0,71387.0
2026-05-15 12:00:00,234120.2,11029.8,72320.2
2026-05-15 13:00:00,232823.2,10712.2,71298.2
2026-05-15 14:00:00,240644.2,10787.8,65397.0
2026-05-15 15:00:00,247000.8,11139.2,57169.5
2026-05-15 16:00:00,241985.2,11331.8,45727.2
2026-05-15 17:00:00,232274.2,11760.8,28726.8
2026-05-15 18:00:00,225496.0,12392.5,9788.8
2026-05-15 19:00:00,233006.5,13166.8,717.2
2026-05-15 20:00:00,233208.8,12790.5,0.0
2026-05-15 21:00:00,232827.5,12651.8,0.0
2026-05-15 22:00:00,238034.8,12374.8,0.0
2026-05-15 23:00:00,237557.0,11657.8,0.0
2026-05-16 00:00:00,231198.8,11501.5,0.0
2026-05-16 01:00:00,225766.0,11480.0,0.0
2026-05-16 02:00:00,220105.5,11164.2,0.0
2026-05-16 03:00:00,215117.0,10072.2,0.0
2026-05-16 04:00:00,212912.2,8927.5,0.0
2026-05-16 05:00:00,212299.8,8298.5,151.2
2026-05-16 06:00:00,209608.0,7819.0,3448.0
2026-05-16 07:00:00,207657.8,6607.8,20205.2
2026-05-16 08:00:00,211121.0,6255.8,43747.5
2026-05-16 09:00:00,222265.2,6053.2,62435.2
2026-05-16 10:00:00,229051.8,5552.2,71386.8
2026-05-16 11:00:00,232763.2,5449.5,76119.8
2026-05-16 12:00:00,234254.5,5577.0,75643.8
2026-05-16 13:00:00,234243.2,6110.0,74119.0
2026-05-16 14:00:00,242256.5,7109.8,68469.2
2026-05-16 15:00:00,248052.5,7654.0,58320.0
2026-05-16 16:00:00,242934.8,8674.0,46095.2
2026-05-16 17:00:00,231504.0,9004.8,28366.2
2026-05-16 18:00:00,225457.8,9302.5,10720.8
2026-05-16 19:00:00,232499.8,9802.8,1353.0
2026-05-16 20:00:00,234698.8,10317.0,0.0
2026-05-16 21:00:00,235821.8,10505.0,0.0
2026-05-16 22:00:00,239394.5,10466.8,0.0
2026-05-16 23:00:00,238598.5,10993.2,0.0
2026-05-17 00:00:00,233485.2,10943.8,0.0
2026-05-17 01:00:00,228777.2,10679.2,0.0
2026-05-17 02:00:00,223261.0,10395.5,0.0
2026-05-17 03:00:00,219187.8,9732.0,0.0
2026-05-17 04:00:00,216426.2,9337.8,0.0
2026-05-17 05:00:00,213305.5,8482.8,293.0
2026-05-17 06:00:00,209275.5,8069.0,2938.5
2026-05-17 07:00:00,206402.2,6347.0,18462.8
2026-05-17 08:00:00,207607.8,4947.2,40980.5
2026-05-17 09:00:00,214640.5,4123.2,57581.2
2026-05-17 10:00:00,218725.0,3805.2,70870.0
2026-05-17 11:00:00,220764.0,4177.0,76321.8
2026-05-17 12:00:00,223428.0,4775.8,77737.5
2026-05-17 13:00:00,224048.2,5660.5,75104.5
2026-05-17 14:00:00,228892.5,7188.0,70593.5
2026-05-17 15:00:00,231776.0,9036.2,59913.0
2026-05-17 16:00:00,228027.2,10591.5,46593.8
2026-05-17 17:00:00,217626.0,10541.8,29074.8
2026-05-17 18:00:00,211236.8,11096.8,10761.2
2026-05-17 19:00:00,221461.8,11704.2,1334.0
2026-05-17 20:00:00,228872.8,12538.0,0.0
2026-05-17 21:00:00,232339.5,11987.8,0.0
2026-05-17 22:00:00,237383.0,12351.8,0.0
2026-05-17 23:00:00,236294.8,12466.8,0.0
2026-05-18 00:00:00,232036.8,11557.5,0.0
2026-05-18 01:00:00,227821.8,11109.2,0.0
2026-05-18 02:00:00,222121.8,11309.0,0.0
2026-05-18 03:00:00,217320.5,11210.5,0.0
2026-05-18 04:00:00,215230.0,10631.5,0.0
2026-05-18 05:00:00,214090.0,10371.0,657.8
2026-05-18 06:00:00,212627.2,9407.2,4730.5
2026-05-18 07:00:00,212129.2,7512.5,22114.0
2026-05-18 08:00:00,218014.5,6385.5,46666.8
2026-05-18 09:00:00,231311.0,5958.2,64047.2
2026-05-18 10:00:00,238692.2,6046.5,73742.5
2026-05-18 11:00:00,242485.2,6972.8,77710.5
2026-05-18 12:00:00,244506.2,7848.0,76616.2
2026-05-18 13:00:00,243874.2,9214.2,75184.2
2026-05-18 14:00:00,251406.2,11162.0,70481.5
2026-05-18 15:00:00,256597.2,13225.5,61226.2
2026-05-18 16:00:00,251184.5,14183.8,48273.2
2026-05-18 17:00:00,239729.5,14777.2,29220.5
2026-05-18 18:00:00,231199.2,14796.0,10989.0
2026-05-18 19:00:00,236443.0,15261.8,979.0
2026-05-18 20:00:00,240003.2,14581.8,0.0
2026-05-18 21:00:00,243373.8,13697.0,0.0
2026-05-18 22:00:00,245956.2,14360.0,0.0
2026-05-18 23:00:00,244403.5,14972.0,0.0
2026-05-19 00:00:00,238844.5,15240.2,0.0
2026-05-19 01:00:00,234226.8,15044.2,0.0
2026-05-19 02:00:00,229474.2,14858.5,0.0
2026-05-19 03:00:00,225757.8,14409.2,0.0
2026-05-19 04:00:00,222116.8,14347.8,0.0
2026-05-19 05:00:00,219645.5,14507.0,349.0
2026-05-19 06:00:00,218437.8,14541.5,3656.2
2026-05-19 07:00:00,216415.0,13467.5,21427.2
2026-05-19 08:00:00,220074.2,13067.5,46268.0
2026-05-19 09:00:00,231581.8,12914.5,63171.2
2026-05-19 10:00:00,240585.8,13140.5,72626.5
2026-05-19 11:00:00,243948.0,13659.2,76306.5
2026-05-19 12:00:00,247157.8,14003.2,76960.2
2026-05-19 13:00:00,247033.5,14419.0,75824.0
2026-05-19 14:00:00,254644.8,15311.0,70220.0
2026-05-19 15:00:00,259576.5,16873.2,61292.5
2026-05-19 16:00:00,255174.0,18242.0,47765.2
2026-05-19 17:00:00,242170.5,19090.5,29342.0
2026-05-19 18:00:00,233853.5,19332.0,10117.2
2026-05-19 19:00:00,241223.0,19244.8,763.5
2026-05-19 20:00:00,245302.2,18763.8,0.0
2026-05-19 21:00:00,245839.8,18155.8,0.0
2026-05-19 22:00:00,250214.5,17350.0,0.0
2026-05-19 23:00:00,249538.0,17275.2,0.0
2026-05-20 00:00:00,243219.8,17451.8,0.0
2026-05-20 01:00:00,238856.5,17137.5,0.0
2026-05-20 02:00:00,234701.8,16502.2,0.0
2026-05-20 03:00:00,229721.8,16158.5,0.0
2026-05-20 04:00:00,227001.8,16055.0,0.0
2026-05-20 05:00:00,224509.8,15491.0,540.2
2026-05-20 06:00:00,222319.0,14790.8,3855.8
2026-05-20 07:00:00,220778.0,14380.5,20945.0
2026-05-20 08:00:00,224121.0,15816.0,44086.0
2026-05-20 09:00:00,235668.8,16955.8,63827.2
2026-05-20 10:00:00,243276.8,17110.8,75262.0
2026-05-20 11:00:00,246642.0,16731.8,78978.2
2026-05-20 12:00:00,248280.2,16542.2,78796.0
2026-05-20 13:00:00,250113.8,16534.2,76669.5
2026-05-20 14:00:00,257638.0,16605.5,71017.2
2026-05-20 15:00:00,264092.0,17202.8,61784.0
2026-05-20 16:00:00,259992.5,18165.5,48545.0
2026-05-20 17:00:00,246630.5,19488.8,29032.0
2026-05-20 18:00:00,237654.2,20416.2,10473.5
2026-05-20 19:00:00,243868.8,20512.2,928.0
2026-05-20 20:00:00,247384.2,20161.5,0.0
2026-05-20 21:00:00,247794.0,19870.8,0.0
2026-05-20 22:00:00,250285.0,20149.5,0.0
2026-05-20 23:00:00,249689.8,20023.8,0.0
2026-05-21 00:00:00,244264.8,19368.5,0.0
2026-05-21 01:00:00,239068.8,19190.8,0.0
2026-05-21 02:00:00,234965.5,18477.5,0.0
2026-05-21 03:00:00,232117.0,17166.8,0.0
2026-05-21 04:00:00,229992.0,14963.0,0.0
2026-05-21 05:00:00,227301.5,13102.5,9.8
2026-05-21 06:00:00,225564.2,12234.8,3656.2
2026-05-21 07:00:00,225156.2,11116.0,20866.8
2026-05-21 08:00:00,228385.0,11292.5,45663.5
2026-05-21 09:00:00,239304.8,10534.2,64716.2
2026-05-21 10:00:00,246545.5,10052.8,74612.5
2026-05-21 11:00:00,249649.2,9722.8,79491.2
2026-05-21 12:00:00,252344.5,9843.0,79637.5
2026-05-21 13:00:00,252917.0,11394.5,77415.8
2026-05-21 14:00:00,262491.8,12600.8,73176.8
2026-05-21 15:00:00,269618.2,13405.8,64339.2
2026-05-21 16:00:00,264837.5,14471.5,49890.5
2026-05-21 17:00:00,250991.2,16089.0,30685.5
2026-05-21 18:00:00,238401.8,17789.0,11009.5
2026-05-21 19:00:00,243141.5,19272.8,981.2
2026-05-21 20:00:00,246058.0,19975.2,0.0
2026-05-21 21:00:00,247097.8,20471.0,0.0
2026-05-21 22:00:00,250370.8,21053.8,0.0
2026-05-21 23:00:00,250100.2,20920.0,0.0
2026-05-22 00:00:00,245578.5,20178.8,0.0
2026-05-22 01:00:00,240004.8,18664.0,0.0
2026-05-22 02:00:00,235237.8,16728.8,0.0
2026-05-22 03:00:00,231142.0,15324.0,0.0
2026-05-22 04:00:00,228538.2,14427.8,0.0
2026-05-22 05:00:00,224577.0,13604.5,311.5
2026-05-22 06:00:00,222860.2,13569.2,3443.8
2026-05-22 07:00:00,222113.8,12019.0,17489.5
2026-05-22 08:00:00,225498.8,11526.5,39616.8
2026-05-22 09:00:00,236157.0,11605.8,57487.8
2026-05-22 10:00:00,244085.5,10690.2,67403.5
2026-05-22 11:00:00,248598.2,10674.2,73528.0
2026-05-22 12:00:00,251844.5,10921.0,76189.0
2026-05-22 13:00:00,251413.2,12058.2,76232.2
2026-05-22 14:00:00,259026.5,13447.8,70284.2
2026-05-22 15:00:00,266445.5,14767.8,60363.8
2026-05-22 16:00:00,260900.2,16243.0,47190.2
2026-05-22 17:00:00,247620.5,17242.0,29230.0
2026-05-22 18:00:00,237782.5,18498.8,10030.0
2026-05-22 19:00:00,242100.0,19998.5,1038.8
2026-05-22 20:00:00,244501.8,20929.5,0.0
2026-05-22 21:00:00,245483.0,21879.0,0.0
2026-05-22 22:00:00,250579.0,22573.2,0.0
2026-05-22 23:00:00,251266.2,22483.8,0.0
2026-05-23 00:00:00,246402.2,21615.5,0.0
2026-05-23 01:00:00,240561.5,19818.8,0.0
2026-05-23 02:00:00,235633.2,18710.5,0.0
2026-05-23 03:00:00,231598.2,18042.5,0.0
2026-05-23 04:00:00,229685.5,17681.8,0.0
2026-05-23 05:00:00,225596.5,17954.0,416.0
2026-05-23 06:00:00,222908.5,17643.8,3129.8
2026-05-23 07:00:00,222676.8,15907.0,17536.8
2026-05-23 08:00:00,225630.5,15843.2,40732.8
2026-05-23 09:00:00,234511.2,15258.5,58745.0
2026-05-23 10:00:00,239985.8,14631.8,69527.5
2026-05-23 11:00:00,244348.8,14022.8,75826.2
2026-05-23 12:00:00,245120.0,13630.0,75717.2
2026-05-23 13:00:00,245340.0,13206.5,73153.5
2026-05-23 14:00:00,251879.8,13429.0,67649.0
2026-05-23 15:00:00,258511.2,14046.0,58054.2
2026-05-23 16:00:00,253979.5,15126.0,46253.8
2026-05-23 17:00:00,239670.8,17208.2,28314.0
2026-05-23 18:00:00,231944.2,19921.5,12060.2
2026-05-23 19:00:00,239388.8,21517.5,2418.8
2026-05-23 20:00:00,243585.5,21186.2,0.0
2026-05-23 21:00:00,244595.8,20890.0,0.0
2026-05-23 22:00:00,247496.5,20630.2,0.0
2026-05-23 23:00:00,245691.2,21853.0,0.0
2026-05-24 00:00:00,241308.5,21669.2,0.0
2026-05-24 01:00:00,236428.0,22165.8,0.0
2026-05-24 02:00:00,231490.8,21595.5,0.0
2026-05-24 03:00:00,226480.8,20678.5,0.0
2026-05-24 04:00:00,222089.2,19984.2,0.0
2026-05-24 05:00:00,219995.2,18737.0,2528.0
2026-05-24 06:00:00,215220.5,17123.8,7715.0
2026-05-24 07:00:00,211721.8,17568.8,24178.8
2026-05-24 08:00:00,213340.2,19641.8,44492.8
2026-05-24 09:00:00,219033.5,20365.5,57967.5
2026-05-24 10:00:00,221771.0,18956.8,62426.5
2026-05-24 11:00:00,224840.0,18098.0,67628.0
2026-05-24 12:00:00,227848.0,18294.2,69834.5
2026-05-24 13:00:00,228940.2,19050.5,68886.5
2026-05-24 14:00:00,234316.8,19539.5,66216.0
2026-05-24 15:00:00,242626.5,20606.2,57232.8
2026-05-24 16:00:00,239237.0,21685.2,43941.8
2026-05-24 17:00:00,226493.2,22735.5,27358.5
2026-05-24 18:00:00,216475.8,24210.8,11326.5
2026-05-24 19:00:00,226003.8,24796.5,2114.5
2026-05-24 20:00:00,233601.5,23674.2,0.0
2026-05-24 21:00:00,239222.8,22840.8,0.0
2026-05-24 22:00:00,245917.8,21656.0,0.0
2026-05-24 23:00:00,244478.8,19635.5,0.0
2026-05-25 00:00:00,238722.2,18675.5,0.0
2026-05-25 01:00:00,232524.2,19368.0,0.0
2026-05-25 02:00:00,227885.2,19652.0,0.0
2026-05-25 03:00:00,224295.0,19651.5,0.0
2026-05-25 04:00:00,221214.5,19312.2,0.0
2026-05-25 05:00:00,218921.5,19045.5,0.0
2026-05-25 06:00:00,217317.0,18172.5,4337.2
2026-05-25 07:00:00,218417.2,17274.5,21079.5
2026-05-25 08:00:00,225295.2,18537.0,43626.2
2026-05-25 09:00:00,236834.2,18259.0,60367.2
2026-05-25 10:00:00,244686.2,17265.8,69789.0
2026-05-25 11:00:00,248357.2,16640.8,76293.2
2026-05-25 12:00:00,252504.2,15688.8,77705.2
2026-05-25 13:00:00,253849.8,15621.8,75744.0
2026-05-25 14:00:00,262570.0,15757.2,70608.0
2026-05-25 15:00:00,267421.0,17029.5,60614.5
2026-05-25 16:00:00,260166.0,18597.8,47465.2
2026-05-25 17:00:00,246151.5,19840.5,28604.8
2026-05-25 18:00:00,235989.8,21311.5,10160.0
2026-05-25 19:00:00,239159.0,21134.8,1020.8
2026-05-25 20:00:00,241952.2,21487.8,0.0
2026-05-25 21:00:00,243109.5,21239.0,0.0
2026-05-25 22:00:00,247205.8,21166.8,0.0
2026-05-25 23:00:00,245514.5,21421.2,0.0
2026-05-26 00:00:00,238675.5,21053.8,0.0
2026-05-26 01:00:00,232680.0,20968.0,0.0
2026-05-26 02:00:00,227525.0,19982.2,0.0
2026-05-26 03:00:00,222793.5,18359.0,0.0
2026-05-26 04:00:00,220353.0,17115.0,0.0
2026-05-26 05:00:00,218686.0,16603.2,438.8
2026-05-26 06:00:00,219328.2,15893.2,4025.2
2026-05-26 07:00:00,221002.8,14855.5,20684.5
2026-05-26 08:00:00,226269.5,16475.0,44343.8
2026-05-26 09:00:00,238202.5,16479.8,63135.5
2026-05-26 10:00:00,244127.8,15428.5,73907.0
2026-05-26 11:00:00,247796.2,14072.0,79453.8
2026-05-26 12:00:00,251786.0,13261.5,79575.8
2026-05-26 13:00:00,251896.0,13361.8,77533.2
2026-05-26 14:00:00,260076.2,13935.2,72715.0
2026-05-26 15:00:00,265007.8,15033.2,62471.5
2026-05-26 16:00:00,261038.0,16304.2,50673.5
2026-05-26 17:00:00,247459.0,17641.2,30396.2
2026-05-26 18:00:00,235004.5,17785.2,11188.0
2026-05-26 19:00:00,239484.0,18067.2,1132.2
2026-05-26 20:00:00,243274.5,18922.0,0.0
2026-05-26 21:00:00,243692.5,20071.8,0.0
2026-05-26 22:00:00,248084.5,20104.0,0.0
2026-05-26 23:00:00,246741.0,20080.8,0.0
2026-05-27 00:00:00,239657.2,20733.5,0.0
2026-05-27 01:00:00,233136.0,21324.8,0.0
2026-05-27 02:00:00,225504.0,21919.8,0.0
2026-05-27 03:00:00,219938.5,21506.8,0.0
2026-05-27 04:00:00,217459.8,18813.0,0.0
2026-05-27 05:00:00,216979.8,15800.2,637.8
2026-05-27 06:00:00,216144.5,13143.2,4048.5
2026-05-27 07:00:00,217159.2,12985.8,19518.8
2026-05-27 08:00:00,221314.8,15589.2,39428.2
2026-05-27 09:00:00,233008.5,16739.8,57695.0
2026-05-27 10:00:00,238738.5,15908.5,67285.5
2026-05-27 11:00:00,241197.5,15093.5,74627.8
2026-05-27 12:00:00,244343.8,14612.2,77090.8
2026-05-27 13:00:00,244496.0,14535.2,74982.5
2026-05-27 14:00:00,253286.8,15758.0,70402.2
2026-05-27 15:00:00,258075.8,15731.2,61149.5
2026-05-27 16:00:00,254013.2,16010.5,48917.2
2026-05-27 17:00:00,243110.5,17484.5,30790.8
2026-05-27 18:00:00,231794.2,18479.0,11941.0
2026-05-27 19:00:00,236493.8,18557.2,1132.5
2026-05-27 20:00:00,242127.2,19797.0,0.0
2026-05-27 21:00:00,243690.5,19526.5,0.0
2026-05-27 22:00:00,246561.5,19054.2,0.0
2026-05-27 23:00:00,245885.5,18528.5,0.0
2026-05-28 00:00:00,240961.8,19077.5,0.0
2026-05-28 01:00:00,234332.0,20347.0,0.0
2026-05-28 02:00:00,229692.5,20887.5,0.0
2026-05-28 03:00:00,225142.5,20798.0,0.0
2026-05-28 04:00:00,221664.2,20182.5,0.0
2026-05-28 05:00:00,220378.0,19672.2,307.5
2026-05-28 06:00:00,220456.8,19339.5,4212.2
2026-05-28 07:00:00,218540.2,18370.5,21254.8
2026-05-28 08:00:00,219296.0,19332.0,44824.5
2026-05-28 09:00:00,228011.5,18891.0,61429.0
2026-05-28 10:00:00,234349.5,17876.8,73313.8
2026-05-28 11:00:00,238444.2,16759.8,77710.0
2026-05-28 12:00:00,243535.8,16096.0,78469.8
2026-05-28 13:00:00,245043.2,15894.2,76186.2
2026-05-28 14:00:00,254136.5,16643.5,70379.2
2026-05-28 15:00:00,260312.5,18406.0,61214.8
2026-05-28 16:00:00,256576.0,19135.2,48204.5
2026-05-28 17:00:00,242613.2,19585.2,29760.8
2026-05-28 18:00:00,227984.5,20440.0,10737.8
2026-05-28 19:00:00,229922.8,21373.5,930.2
2026-05-28 20:00:00,230167.8,22215.2,0.0
2026-05-28 21:00:00,229696.8,22472.0,0.0
2026-05-28 22:00:00,231185.2,23253.2,0.0
2026-05-28 23:00:00,229519.5,24183.5,0.0
2026-05-29 00:00:00,223899.2,24966.8,0.0
2026-05-29 01:00:00,215996.5,25578.0,0.0
2026-05-29 02:00:00,209085.0,25938.2,0.0
2026-05-29 03:00:00,203352.5,25345.2,0.0
2026-05-29 04:00:00,199738.0,24400.8,0.0
2026-05-29 05:00:00,199390.8,22194.5,488.5
2026-05-29 06:00:00,198854.8,19968.2,3981.2
2026-05-29 07:00:00,200598.0,19253.8,19114.0
2026-05-29 08:00:00,203551.8,20213.2,40580.0
2026-05-29 09:00:00,211687.0,20685.5,55900.8
2026-05-29 10:00:00,215617.0,19209.8,61249.8
2026-05-29 11:00:00,219636.2,18006.2,64426.2
2026-05-29 12:00:00,222981.2,17543.5,68647.0
2026-05-29 13:00:00,223695.2,17180.2,69587.8
2026-05-29 14:00:00,232108.0,18306.5,69520.2
2026-05-29 15:00:00,240714.5,19318.8,60142.2
2026-05-29 16:00:00,240598.2,20499.0,44841.2
2026-05-29 17:00:00,231977.0,21766.5,28351.2
2026-05-29 18:00:00,218784.5,22957.8,10614.8
2026-05-29 19:00:00,222535.0,23552.0,828.8
2026-05-29 20:00:00,224890.5,23687.8,0.0
2026-05-29 21:00:00,225420.5,24798.0,0.0
2026-05-29 22:00:00,227798.0,26211.0,0.0
2026-05-29 23:00:00,226295.5,26781.2,0.0
2026-05-30 00:00:00,219899.8,26745.0,0.0
2026-05-30 01:00:00,212420.8,26005.5,0.0
2026-05-30 02:00:00,205550.0,25554.2,0.0
2026-05-30 03:00:00,199766.5,24241.8,0.0
2026-05-30 04:00:00,197170.0,22354.5,0.0
2026-05-30 05:00:00,198181.2,21152.8,149.0
2026-05-30 06:00:00,197750.0,20385.8,3185.8
2026-05-30 07:00:00,196910.2,19575.8,17691.8
2026-05-30 08:00:00,199848.0,20550.0,37450.2
2026-05-30 09:00:00,206716.5,19186.8,49884.5
2026-05-30 10:00:00,209332.0,17928.0,56563.2
2026-05-30 11:00:00,211611.5,16268.0,59698.2
2026-05-30 12:00:00,214040.0,15704.2,62233.2
2026-05-30 13:00:00,214287.0,14989.0,61930.0
2026-05-30 14:00:00,221020.2,15775.2,62416.5
2026-05-30 15:00:00,224950.0,17242.5,54964.2
2026-05-30 16:00:00,222027.2,18035.5,42045.5
2026-05-30 17:00:00,212813.0,18590.0,23278.5
2026-05-30 18:00:00,206442.5,19730.0,8018.2
2026-05-30 19:00:00,212646.2,20144.5,940.8
2026-05-30 20:00:00,213051.5,21192.5,0.0
2026-05-30 21:00:00,212705.2,23172.8,0.0
2026-05-30 22:00:00,215744.2,23577.5,0.0
2026-05-30 23:00:00,215270.2,23051.5,0.0
2026-05-31 00:00:00,209661.2,22558.0,0.0
2026-05-31 01:00:00,203237.5,20053.2,0.0
2026-05-31 02:00:00,197284.2,16018.8,0.0
2026-05-31 03:00:00,193295.2,12501.5,0.0
2026-05-31 04:00:00,191564.5,10144.5,0.0
2026-05-31 05:00:00,191005.5,9528.5,76.5
2026-05-31 06:00:00,189035.5,9349.5,3710.2
2026-05-31 07:00:00,186924.0,8405.8,19676.0
2026-05-31 08:00:00,187901.5,10192.5,41164.2
2026-05-31 09:00:00,193603.5,10808.0,51097.0
2026-05-31 10:00:00,198079.2,10952.0,55601.8
2026-05-31 11:00:00,201966.0,11377.8,59865.2
2026-05-31 12:00:00,203937.2,11093.5,59589.5
2026-05-31 13:00:00,206902.5,11496.2,62050.2
2026-05-31 14:00:00,212967.8,12473.0,58545.8
2026-05-31 15:00:00,214675.5,13782.0,44515.0
2026-05-31 16:00:00,211122.8,15000.8,33858.0
2026-05-31 17:00:00,202367.8,16054.8,23692.0
2026-05-31 18:00:00,196541.5,16487.8,9961.5
2026-05-31 19:00:00,207111.0,16688.2,1079.5
2026-05-31 20:00:00,214345.8,15806.5,0.0
2026-05-31 21:00:00,217125.5,14724.5,0.0
2026-05-31 22:00:00,221576.5,14661.2,0.0
2026-05-31 23:00:00,221714.5,13673.8,0.0
2026-06-01 00:00:00,219682.8,13672.5,0.0
2026-06-01 01:00:00,213150.2,14180.0,0.0
2026-06-01 02:00:00,206383.5,13606.0,0.0
2026-06-01 03:00:00,201072.0,11691.8,0.0
2026-06-01 04:00:00,198369.2,9255.5,0.0
2026-06-01 05:00:00,199979.2,7355.5,419.5
2026-06-01 06:00:00,200404.0,6177.0,3526.0
2026-06-01 07:00:00,202414.8,5979.8,17548.8
2026-06-01 08:00:00,206399.2,6471.5,38254.8
2026-06-01 09:00:00,216617.0,7057.5,56213.2
2026-06-01 10:00:00,221950.8,7256.2,67724.8
2026-06-01 11:00:00,224962.8,7287.2,74000.2
2026-06-01 12:00:00,229401.5,7627.5,74209.2
2026-06-01 13:00:00,229270.2,7922.8,71787.0
2026-06-01 14:00:00,236138.0,9067.2,67006.5
2026-06-01 15:00:00,240635.8,10448.2,57724.0
2026-06-01 16:00:00,232941.2,11718.8,45589.5
2026-06-01 17:00:00,221704.8,12987.8,26824.2
2026-06-01 18:00:00,214355.8,14270.5,9619.5
2026-06-01 19:00:00,221695.8,15350.5,1162.0
2026-06-01 20:00:00,224985.8,15143.0,0.0
2026-06-01 21:00:00,226131.8,14172.2,0.0
2026-06-01 22:00:00,228634.2,11969.2,0.0
2026-06-01 23:00:00,226638.8,11129.5,0.0
2026-06-02 00:00:00,222169.0,10320.0,0.0
2026-06-02 01:00:00,214693.0,8099.5,0.0
2026-06-02 02:00:00,207613.2,7358.0,0.0
2026-06-02 03:00:00,201291.5,7569.0,0.0
2026-06-02 04:00:00,199937.0,8210.0,0.0
2026-06-02 05:00:00,199792.2,9291.2,309.8
2026-06-02 06:00:00,199682.5,10705.2,4026.5
2026-06-02 07:00:00,200385.0,10102.5,19427.8
2026-06-02 08:00:00,203708.5,10241.0,39631.2
2026-06-02 09:00:00,213037.0,9419.5,57404.8
2026-06-02 10:00:00,219612.8,7174.5,68822.8
2026-06-02 11:00:00,223258.8,5466.8,75529.8
2026-06-02 12:00:00,226217.8,4762.2,76702.2
2026-06-02 13:00:00,227782.0,5113.8,74771.8
2026-06-02 14:00:00,236352.5,5756.5,70285.8
2026-06-02 15:00:00,242027.2,7656.5,60513.2
2026-06-02 16:00:00,235956.5,9893.8,46808.2
2026-06-02 17:00:00,225238.2,11580.8,28718.8
2026-06-02 18:00:00,219201.2,12161.8,9963.2
2026-06-02 19:00:00,227583.0,11946.5,1017.8
2026-06-02 20:00:00,232886.8,11436.2,0.0
2026-06-02 21:00:00,234418.2,11753.8,0.0
2026-06-02 22:00:00,237713.2,11336.2,0.0
2026-06-02 23:00:00,236253.5,11563.2,0.0
2026-06-03 00:00:00,231103.0,10789.5,0.0
2026-06-03 01:00:00,225024.0,8045.8,0.0
2026-06-03 02:00:00,219130.2,7155.2,0.0
2026-06-03 03:00:00,213707.0,7466.5,0.0
2026-06-03 04:00:00,211068.8,7310.0,0.0
2026-06-03 05:00:00,210686.0,7994.8,164.8
2026-06-03 06:00:00,210714.2,8193.8,3651.5
2026-06-03 07:00:00,211370.0,7701.5,19402.8
2026-06-03 08:00:00,214087.8,8142.0,41492.0
2026-06-03 09:00:00,223118.8,9448.2,59891.2
2026-06-03 10:00:00,226780.8,10692.0,70085.2
2026-06-03 11:00:00,230990.8,11588.2,75989.5
2026-06-03 12:00:00,234995.2,11776.8,77396.8
2026-06-03 13:00:00,235458.8,11819.2,75103.5
2026-06-03 14:00:00,243117.0,12932.0,68124.8
2026-06-03 15:00:00,246919.5,13699.2,57807.5
2026-06-03 16:00:00,241013.5,14581.8,45685.8
2026-06-03 17:00:00,231688.0,15120.2,28119.8
2026-06-03 18:00:00,224875.2,16514.5,10427.8
2026-06-03 19:00:00,232814.5,16437.2,1140.5
2026-06-03 20:00:00,238214.8,15321.0,0.0
2026-06-03 21:00:00,240481.8,14410.5,0.0
2026-06-03 22:00:00,244041.0,13321.5,0.0
2026-06-03 23:00:00,243122.0,14304.0,0.0
2026-06-04 00:00:00,236514.0,14489.2,0.0
2026-06-04 01:00:00,229152.8,14353.8,0.0
2026-06-04 02:00:00,221978.8,14313.0,0.0
2026-06-04 03:00:00,216854.0,12953.5,0.0
2026-06-04 04:00:00,216148.5,11676.2,0.0
2026-06-04 05:00:00,215468.8,10081.5,60.0
2026-06-04 06:00:00,214820.8,9466.2,3746.2
2026-06-04 07:00:00,214822.2,10080.8,20273.2
2026-06-04 08:00:00,216391.2,13591.2,42541.2
2026-06-04 09:00:00,225713.5,14981.8,59760.0
2026-06-04 10:00:00,231762.8,16599.5,71021.2
2026-06-04 11:00:00,235014.2,16663.5,74268.2
2026-06-04 12:00:00,238127.8,17630.8,75407.8
2026-06-04 13:00:00,239703.8,17704.0,71445.8
2026-06-04 14:00:00,246008.2,19534.8,65751.2
2026-06-04 15:00:00,243133.0,20840.8,55738.5
2026-06-04 16:00:00,235244.2,21483.5,44722.5
2026-06-04 17:00:00,224080.8,22449.5,27214.2
2026-06-04 18:00:00,216828.5,23572.2,10738.2
2026-06-04 19:00:00,226184.5,24546.0,1032.2
2026-06-04 20:00:00,229366.2,24385.0,0.0
2026-06-04 21:00:00,231769.0,23514.2,0.0
2026-06-04 22:00:00,235499.5,22486.8,0.0
2026-06-04 23:00:00,233394.0,21985.2,0.0
2026-06-05 00:00:00,227805.8,20852.0,0.0
2026-06-05 01:00:00,221208.5,19623.5,0.0
2026-06-05 02:00:00,214152.2,18091.8,0.0
2026-06-05 03:00:00,208049.0,16503.5,0.0
2026-06-05 04:00:00,204964.8,15859.0,0.0
2026-06-05 05:00:00,203717.2,15087.2,287.2
2026-06-05 06:00:00,202976.8,14560.8,3610.8
2026-06-05 07:00:00,204907.8,14675.8,18736.0
2026-06-05 08:00:00,207717.8,17081.2,39558.2
2026-06-05 09:00:00,218793.5,18279.5,53692.2
2026-06-05 10:00:00,223352.8,17270.0,60986.8
2026-06-05 11:00:00,227135.2,16327.0,67343.8
2026-06-05 12:00:00,229438.0,16085.8,70511.8
2026-06-05 13:00:00,228733.5,16905.0,70095.2
2026-06-05 14:00:00,235897.8,18618.2,69195.0
2026-06-05 15:00:00,240214.0,19785.0,60295.5
2026-06-05 16:00:00,236598.8,21540.2,46973.8
2026-06-05 17:00:00,228395.5,21302.8,30891.5
2026-06-05 18:00:00,223678.5,20719.5,13031.5
2026-06-05 19:00:00,232680.5,20000.5,2348.5
2026-06-05 20:00:00,236574.5,18930.2,0.0
2026-06-05 21:00:00,239155.8,17972.0,0.0
2026-06-05 22:00:00,243213.5,16456.2,0.0
2026-06-05 23:00:00,241295.5,15337.2,0.0
2026-06-06 00:00:00,234902.2,15047.0,0.0
2026-06-06 01:00:00,227754.2,14897.5,0.0
2026-06-06 02:00:00,220711.2,14467.5,0.0
2026-06-06 03:00:00,215474.5,13810.0,0.0
2026-06-06 04:00:00,211922.8,13075.5,0.0
2026-06-06 05:00:00,211661.5,11376.8,1494.5
2026-06-06 06:00:00,211147.2,10064.5,5071.2
2026-06-06 07:00:00,211565.0,8953.5,21028.0
2026-06-06 08:00:00,214080.2,11020.8,42995.5
2026-06-06 09:00:00,223450.5,12482.5,61943.5
2026-06-06 10:00:00,228156.5,13039.0,70046.0
2026-06-06 11:00:00,231311.0,13270.2,75245.8
2026-06-06 12:00:00,234360.0,14323.8,78061.8
2026-06-06 13:00:00,234903.0,14769.5,75932.0
2026-06-06 14:00:00,242936.5,15692.8,69499.5
2026-06-06 15:00:00,246655.0,16824.5,58628.0
2026-06-06 16:00:00,238730.2,17791.5,46128.0
2026-06-06 17:00:00,226250.0,19659.8,29889.8
2026-06-06 18:00:00,220081.0,21217.0,11766.8
2026-06-06 19:00:00,227575.8,22023.0,1562.5
2026-06-06 20:00:00,231794.2,21035.5,0.0
2026-06-06 21:00:00,234943.0,20327.0,0.0
2026-06-06 22:00:00,239830.5,20122.5,0.0
2026-06-06 23:00:00,239552.2,20323.0,0.0
2026-06-07 00:00:00,234345.0,18768.0,0.0
2026-06-07 01:00:00,227401.8,17546.5,0.0
2026-06-07 02:00:00,220827.5,16603.2,0.0
2026-06-07 03:00:00,215905.2,15370.8,0.0
2026-06-07 04:00:00,212954.8,13712.2,0.0
2026-06-07 05:00:00,210717.2,12874.0,997.5
2026-06-07 06:00:00,207473.8,11296.0,4391.8
2026-06-07 07:00:00,204688.0,10779.5,19235.5
2026-06-07 08:00:00,205728.5,12099.2,38031.8
2026-06-07 09:00:00,214290.8,13040.2,56021.5
2026-06-07 10:00:00,215168.8,13266.8,60995.8
2026-06-07 11:00:00,217727.8,13128.5,65000.0
2026-06-07 12:00:00,222033.5,13491.8,66431.8
2026-06-07 13:00:00,225084.0,14154.2,68289.8
2026-06-07 14:00:00,232369.2,15827.5,69174.2
2026-06-07 15:00:00,234506.5,18365.8,58485.5
2026-06-07 16:00:00,226453.5,19968.8,47214.0
2026-06-07 17:00:00,212937.0,20964.8,30326.0
2026-06-07 18:00:00,206839.8,21843.5,11621.8
2026-06-07 19:00:00,216947.0,23044.2,1470.2
2026-06-07 20:00:00,223585.0,22429.5,0.0
2026-06-07 21:00:00,228969.8,21762.5,0.0
2026-06-07 22:00:00,234757.5,20377.0,0.0
2026-06-07 23:00:00,234177.8,19173.8,0.0
2026-06-08 00:00:00,228906.2,19661.5,0.0
2026-06-08 01:00:00,221947.0,19072.5,0.0
2026-06-08 02:00:00,215408.5,17368.8,0.0
2026-06-08 03:00:00,210617.8,15503.8,0.0
2026-06-08 04:00:00,208391.5,14988.5,0.0
2026-06-08 05:00:00,208531.2,13871.5,636.0
2026-06-08 06:00:00,209349.0,13239.8,3963.2
2026-06-08 07:00:00,212335.5,14781.8,18364.8
2026-06-08 08:00:00,218241.8,17388.0,39562.2
2026-06-08 09:00:00,229530.0,19048.2,57068.0
2026-06-08 10:00:00,234183.5,19137.2,66791.5
2026-06-08 11:00:00,237681.8,19278.5,73601.2
2026-06-08 12:00:00,239949.5,19675.0,74578.8
2026-06-08 13:00:00,241840.8,20143.8,71907.2
2026-06-08 14:00:00,249742.0,20882.5,67865.2
2026-06-08 15:00:00,254860.5,22275.8,59731.0
2026-06-08 16:00:00,248888.8,22982.2,47377.0
2026-06-08 17:00:00,237926.2,24079.2,29768.5
2026-06-08 18:00:00,231242.8,24700.8,11933.8
2026-06-08 19:00:00,239306.2,23537.5,1584.0
2026-06-08 20:00:00,242931.0,22658.0,0.0
2026-06-08 21:00:00,244540.5,22440.8,0.0
2026-06-08 22:00:00,247522.0,21877.2,0.0
2026-06-08 23:00:00,245403.2,22292.2,0.0
2026-06-09 00:00:00,240144.8,23675.2,0.0
2026-06-09 01:00:00,234618.5,24149.5,0.0
2026-06-09 02:00:00,228878.0,23905.5,0.0
2026-06-09 03:00:00,223546.8,23748.0,0.0
2026-06-09 04:00:00,221537.2,22899.0,0.0
2026-06-09 05:00:00,220986.0,22012.2,584.0
2026-06-09 06:00:00,220807.2,21170.2,4207.8
2026-06-09 07:00:00,221447.0,20669.8,19046.5
2026-06-09 08:00:00,224520.5,22875.5,40748.8
2026-06-09 09:00:00,233478.2,25082.2,57305.2
2026-06-09 10:00:00,237938.8,24724.5,64898.5
2026-06-09 11:00:00,240602.2,24099.0,70299.2
2026-06-09 12:00:00,243563.0,23240.0,72871.8
2026-06-09 13:00:00,245116.2,22809.0,71697.5
2026-06-09 14:00:00,253296.2,23004.5,67955.2
2026-06-09 15:00:00,258372.8,24170.0,59286.0
2026-06-09 16:00:00,252089.0,25070.0,48957.0
2026-06-09 17:00:00,238024.0,25819.2,32760.0
2026-06-09 18:00:00,228485.0,26917.8,13004.0
2026-06-09 19:00:00,233535.2,27140.8,1660.5
2026-06-09 20:00:00,237271.0,26708.2,0.0
2026-06-09 21:00:00,240657.2,26716.8,0.0
2026-06-09 22:00:00,245962.0,26468.5,0.0
2026-06-09 23:00:00,245781.8,26162.0,0.0
2026-06-10 00:00:00,238910.5,26035.8,0.0
2026-06-10 01:00:00,231544.2,25713.8,0.0
2026-06-10 02:00:00,225814.8,25091.0,0.0
2026-06-10 03:00:00,220922.2,24404.2,0.0
2026-06-10 04:00:00,219297.8,23381.5,0.0
2026-06-10 05:00:00,219883.5,22983.0,356.2
2026-06-10 06:00:00,218803.2,22083.5,3743.0
2026-06-10 07:00:00,219768.5,21473.5,18505.0
2026-06-10 08:00:00,221538.5,23944.2,38224.8
2026-06-10 09:00:00,230308.0,25157.0,55461.8
2026-06-10 10:00:00,235341.2,24711.8,66043.0
2026-06-10 11:00:00,237811.0,24190.8,70499.8
2026-06-10 12:00:00,241208.8,23410.8,71676.8
2026-06-10 13:00:00,243631.8,23484.5,71550.2
2026-06-10 14:00:00,252557.8,23968.8,68518.8
2026-06-10 15:00:00,258142.8,24649.0,58311.5
2026-06-10 16:00:00,253899.5,25266.0,47983.2
2026-06-10 17:00:00,241880.8,26937.2,29146.5
2026-06-10 18:00:00,235393.2,28113.5,10909.5
2026-06-10 19:00:00,242794.8,27396.8,1492.5
2026-06-10 20:00:00,247437.8,27664.0,0.0
2026-06-10 21:00:00,247721.8,27750.5,0.0
2026-06-10 22:00:00,251117.2,27919.0,0.0
2026-06-10 23:00:00,248707.2,27815.5,0.0
2026-06-11 00:00:00,241833.0,27689.2,0.0
2026-06-11 01:00:00,233497.5,26497.5,0.0
2026-06-11 02:00:00,224669.8,25352.0,0.0
2026-06-11 03:00:00,219195.8,24599.5,0.0
2026-06-11 04:00:00,214628.2,24172.5,0.0
2026-06-11 05:00:00,211452.5,21501.8,393.8
2026-06-11 06:00:00,210635.0,20102.2,3813.8
2026-06-11 07:00:00,211529.5,20339.0,18051.8
2026-06-11 08:00:00,213991.0,22550.5,37949.0
2026-06-11 09:00:00,222782.8,22994.5,56037.0
2026-06-11 10:00:00,228112.5,20981.5,63662.0
2026-06-11 11:00:00,232753.0,19652.0,71097.8
2026-06-11 12:00:00,236509.8,18913.0,74045.8
2026-06-11 13:00:00,236821.8,18274.8,72685.8
2026-06-11 14:00:00,244896.2,17833.8,66743.2
2026-06-11 15:00:00,250565.2,17392.0,58498.5
2026-06-11 16:00:00,246992.0,18821.0,47275.5
2026-06-11 17:00:00,235733.8,21093.2,29904.0
2026-06-11 18:00:00,224104.8,22738.0,11631.2
2026-06-11 19:00:00,225887.5,23825.2,1325.2
2026-06-11 20:00:00,226336.2,25256.0,0.0
2026-06-11 21:00:00,224703.5,25383.2,0.0
2026-06-11 22:00:00,226594.8,24563.0,0.0
2026-06-11 23:00:00,224614.0,24969.5,0.0
2026-06-12 00:00:00,215463.0,25127.0,0.0
2026-06-12 01:00:00,208554.0,24570.5,0.0
2026-06-12 02:00:00,203707.5,23574.0,0.0
2026-06-12 03:00:00,198900.2,23356.2,0.0
2026-06-12 04:00:00,196040.8,23624.2,0.0
2026-06-12 05:00:00,197885.2,22752.5,233.0
2026-06-12 06:00:00,201713.8,21514.8,3685.5
2026-06-12 07:00:00,204234.8,20105.8,17604.8
2026-06-12 08:00:00,207868.5,21326.8,37805.8
2026-06-12 09:00:00,218185.8,21542.8,54193.8
2026-06-12 10:00:00,223230.0,20275.5,60518.0
2026-06-12 11:00:00,225338.2,19417.5,66346.2
2026-06-12 12:00:00,227669.2,19336.0,68905.0
2026-06-12 13:00:00,228012.2,19226.2,67539.2
2026-06-12 14:00:00,236032.5,20392.8,67947.2
2026-06-12 15:00:00,243035.8,20965.5,59552.5
2026-06-12 16:00:00,239469.0,21136.0,46272.0
2026-06-12 17:00:00,231473.0,22726.5,29341.2
2026-06-12 18:00:00,224836.5,23249.5,11621.8
2026-06-12 19:00:00,230714.5,23850.2,1308.0
2026-06-12 20:00:00,234004.2,24358.2,0.0
2026-06-12 21:00:00,234259.5,22954.8,0.0
2026-06-12 22:00:00,234490.0,23134.2,0.0
2026-06-12 23:00:00,229963.8,23129.8,0.0
2026-06-13 00:00:00,218461.5,22201.2,0.0
2026-06-13 01:00:00,210365.8,19266.2,0.0
2026-06-13 02:00:00,203908.5,18361.2,0.0
2026-06-13 03:00:00,199022.0,18983.5,0.0
2026-06-13 04:00:00,196428.8,18627.0,0.0
2026-06-13 05:00:00,197591.0,17577.2,144.0
2026-06-13 06:00:00,199663.8,16599.0,3010.0
2026-06-13 07:00:00,200649.8,16447.0,14888.5
2026-06-13 08:00:00,204252.2,17348.8,31251.2
2026-06-13 09:00:00,212767.2,17802.8,47656.2
2026-06-13 10:00:00,216504.8,17788.0,54839.0
2026-06-13 11:00:00,217099.8,17469.0,57074.5
2026-06-13 12:00:00,218551.0,18221.0,61898.8
2026-06-13 13:00:00,219036.8,19482.8,61952.2
2026-06-13 14:00:00,227004.5,21587.8,64157.8
2026-06-13 15:00:00,233173.2,23152.2,56148.5
2026-06-13 16:00:00,230128.8,24007.5,44012.2
2026-06-13 17:00:00,223445.2,24861.8,27689.5
2026-06-13 18:00:00,219431.8,25399.2,11315.2
2026-06-13 19:00:00,225730.8,25539.0,1507.5
2026-06-13 20:00:00,230608.2,24764.8,0.0
2026-06-13 21:00:00,232291.0,23672.5,0.0
2026-06-13 22:00:00,234858.5,23173.5,0.0
2026-06-13 23:00:00,233589.8,22138.8,0.0
2026-06-14 00:00:00,227142.8,22157.5,0.0
2026-06-14 01:00:00,219122.8,21595.8,0.0
2026-06-14 02:00:00,212716.2,20671.8,0.0
2026-06-14 03:00:00,207992.2,18670.5,0.0
2026-06-14 04:00:00,206424.8,18352.2,0.0
2026-06-14 05:00:00,205632.0,17863.0,241.8
2026-06-14 06:00:00,202657.2,16727.8,3308.8
2026-06-14 07:00:00,201836.8,17245.5,17434.5
2026-06-14 08:00:00,202506.8,20231.0,35322.8
2026-06-14 09:00:00,206320.5,20621.0,44496.5
2026-06-14 10:00:00,206772.5,19604.8,48825.8
2026-06-14 11:00:00,207631.2,19226.2,52502.5
2026-06-14 12:00:00,209511.5,19275.8,53008.8
2026-06-14 13:00:00,211001.2,19554.5,52176.8
2026-06-14 14:00:00,215961.0,20947.8,57337.2
2026-06-14 15:00:00,218524.0,23386.5,51378.8
2026-06-14 16:00:00,213732.8,25538.0,42073.2
2026-06-14 17:00:00,205671.8,26185.0,26753.5
2026-06-14 18:00:00,202431.0,26363.5,10352.0
2026-06-14 19:00:00,212583.8,25514.8,1358.5
2026-06-14 20:00:00,219712.8,24942.2,0.0
2026-06-14 21:00:00,223040.5,24597.8,0.0
2026-06-14 22:00:00,229176.8,23740.0,0.0
2026-06-14 23:00:00,229072.2,23118.5,0.0
2026-06-15 00:00:00,223088.8,23061.8,0.0
2026-06-15 01:00:00,215947.2,21979.2,0.0
2026-06-15 02:00:00,209683.2,20878.8,0.0
2026-06-15 03:00:00,205136.8,19912.0,0.0
2026-06-15 04:00:00,204548.0,19995.2,0.0
2026-06-15 05:00:00,206350.0,19557.5,195.5
2026-06-15 06:00:00,207778.8,19145.2,3714.8
2026-06-15 07:00:00,211122.8,18583.5,18535.8
2026-06-15 08:00:00,213882.8,21106.8,39498.5
2026-06-15 09:00:00,221220.5,22852.2,52912.5
2026-06-15 10:00:00,225793.2,21961.2,59658.2
2026-06-15 11:00:00,227463.5,21340.5,64998.8
2026-06-15 12:00:00,229272.2,20218.2,65834.0
2026-06-15 13:00:00,229475.8,19752.5,66247.5
2026-06-15 14:00:00,234843.8,20874.5,65208.0
2026-06-15 15:00:00,235840.8,21972.0,57572.2
2026-06-15 16:00:00,233620.8,22421.0,44798.5
2026-06-15 17:00:00,226704.2,22867.0,27502.0
2026-06-15 18:00:00,223373.2,22396.5,10464.2
2026-06-15 19:00:00,232536.0,22079.0,1202.0
2026-06-15 20:00:00,236756.8,21524.0,0.0
2026-06-15 21:00:00,239325.5,21902.5,0.0
2026-06-15 22:00:00,244062.2,21894.8,0.0
2026-06-15 23:00:00,243054.2,21540.2,0.0
2026-06-16 00:00:00,235855.2,21106.8,0.0
2026-06-16 01:00:00,227384.8,19906.0,0.0
2026-06-16 02:00:00,222006.0,18962.2,0.0
2026-06-16 03:00:00,216578.0,18252.0,0.0
2026-06-16 04:00:00,214956.8,17054.2,0.0
2026-06-16 05:00:00,215292.2,16420.5,75.8
2026-06-16 06:00:00,215225.8,15974.2,3683.8
2026-06-16 07:00:00,215968.0,15811.0,18599.8
2026-06-16 08:00:00,218668.0,18431.0,38691.0
2026-06-16 09:00:00,228392.0,19187.2,55352.5
2026-06-16 10:00:00,232573.2,17871.2,67159.2
2026-06-16 11:00:00,233803.8,16401.0,72855.5
2026-06-16 12:00:00,235125.8,15675.0,74058.5
2026-06-16 13:00:00,235581.2,15760.0,73094.2
2026-06-16 14:00:00,243018.5,16576.5,65942.8
2026-06-16 15:00:00,248785.0,17165.5,54830.2
2026-06-16 16:00:00,243994.8,17300.0,42859.2
2026-06-16 17:00:00,234417.0,17841.0,27468.5
2026-06-16 18:00:00,228265.5,18727.8,9797.5
2026-06-16 19:00:00,236957.2,18375.2,1305.5
2026-06-16 20:00:00,240739.0,18317.8,0.0
2026-06-16 21:00:00,242695.0,18786.5,0.0
2026-06-16 22:00:00,246079.2,18143.8,0.0
2026-06-16 23:00:00,243933.5,17908.0,0.0
2026-06-17 00:00:00,237375.2,17838.0,0.0
2026-06-17 01:00:00,230128.8,16196.5,0.0
2026-06-17 02:00:00,222851.8,13427.0,0.0
2026-06-17 03:00:00,219223.8,13075.8,0.0
2026-06-17 04:00:00,218093.5,12737.5,0.0
2026-06-17 05:00:00,218695.5,12857.5,188.0
2026-06-17 06:00:00,219123.0,13167.2,3186.5
2026-06-17 07:00:00,219016.0,12021.8,15840.5
2026-06-17 08:00:00,224890.2,14257.8,38828.2
2026-06-17 09:00:00,235622.5,16406.0,55333.8
2026-06-17 10:00:00,240223.5,16535.2,66667.2
2026-06-17 11:00:00,241574.8,16719.8,73114.2
2026-06-17 12:00:00,242179.5,16811.8,73783.5
2026-06-17 13:00:00,242475.8,17038.8,72138.0
2026-06-17 14:00:00,251249.5,18680.5,67873.2
2026-06-17 15:00:00,255166.8,20351.5,59393.2
2026-06-17 16:00:00,249025.5,22427.2,47899.0
2026-06-17 17:00:00,239820.0,23376.2,31432.5
2026-06-17 18:00:00,233438.5,23783.8,12804.0
2026-06-17 19:00:00,240700.5,23716.8,1751.0
2026-06-17 20:00:00,244337.2,23402.8,0.0
2026-06-17 21:00:00,245825.2,21849.2,0.0
2026-06-17 22:00:00,249206.2,20136.5,0.0
2026-06-17 23:00:00,247351.8,18660.2,0.0
2026-06-18 00:00:00,241499.2,17418.5,0.0
2026-06-18 01:00:00,235599.2,15929.8,0.0
2026-06-18 02:00:00,230278.5,15676.2,0.0
2026-06-18 03:00:00,226742.0,15385.2,0.0
2026-06-18 04:00:00,225415.2,13450.5,0.0
2026-06-18 05:00:00,225452.2,11926.0,267.5
2026-06-18 06:00:00,227329.2,10783.8,3265.2
2026-06-18 07:00:00,229496.2,9878.5,18354.5
2026-06-18 08:00:00,232131.8,12443.2,40040.0
2026-06-18 09:00:00,239867.8,14351.2,57633.8
2026-06-18 10:00:00,243501.5,14383.5,66890.2
2026-06-18 11:00:00,246647.5,14245.2,73977.0
2026-06-18 12:00:00,247690.8,14409.5,75670.2
2026-06-18 13:00:00,247902.0,15135.0,72433.0
2026-06-18 14:00:00,255001.0,16337.5,65694.0
2026-06-18 15:00:00,256723.8,17149.5,56227.0
2026-06-18 16:00:00,250114.0,17566.5,45138.8
2026-06-18 17:00:00,238323.5,18713.5,29393.5
2026-06-18 18:00:00,230554.0,19226.0,11905.0
2026-06-18 19:00:00,234684.2,19577.2,1566.8
2026-06-18 20:00:00,236697.5,18271.0,0.0
2026-06-18 21:00:00,238679.0,17772.5,0.0
2026-06-18 22:00:00,240607.2,16877.5,0.0
2026-06-18 23:00:00,238179.2,15961.5,0.0
2026-06-19 00:00:00,233206.5,16099.8,0.0
2026-06-19 01:00:00,228979.0,17032.0,0.0
2026-06-19 02:00:00,224364.8,15842.8,0.0
2026-06-19 03:00:00,220607.5,14358.8,0.0
2026-06-19 04:00:00,220184.5,12624.0,0.0
2026-06-19 05:00:00,218609.5,10792.8,283.5
2026-06-19 06:00:00,221921.0,10377.2,3350.2
2026-06-19 07:00:00,224573.5,10174.0,17359.2
2026-06-19 08:00:00,227818.8,11524.8,38022.5
2026-06-19 09:00:00,235681.5,12297.2,56971.0
2026-06-19 10:00:00,239825.5,13109.2,68035.0
2026-06-19 11:00:00,241217.8,13679.8,73587.8
2026-06-19 12:00:00,240596.8,13798.2,74620.8
2026-06-19 13:00:00,239917.8,14292.5,72416.2
2026-06-19 14:00:00,247871.0,15275.0,66434.5
2026-06-19 15:00:00,252889.8,16585.2,57631.5
2026-06-19 16:00:00,249326.5,17762.0,45737.5
2026-06-19 17:00:00,241510.8,17930.2,28874.0
2026-06-19 18:00:00,235916.2,18474.2,11629.5
2026-06-19 19:00:00,241263.8,17505.0,1732.8
2026-06-19 20:00:00,241742.2,15992.5,0.0
2026-06-19 21:00:00,242025.2,15194.8,0.0
2026-06-19 22:00:00,244836.2,14601.2,0.0
2026-06-19 23:00:00,242135.5,13633.0,0.0
2026-06-20 00:00:00,237409.8,13511.2,0.0
2026-06-20 01:00:00,232487.0,13359.0,0.0
2026-06-20 02:00:00,227102.2,12723.0,0.0
2026-06-20 03:00:00,224139.8,12283.2,0.0
2026-06-20 04:00:00,223860.0,11577.8,0.0
2026-06-20 05:00:00,223509.0,10668.5,306.5
2026-06-20 06:00:00,226555.5,9408.2,3548.5
2026-06-20 07:00:00,227732.2,8369.2,18564.5
2026-06-20 08:00:00,229574.2,9262.2,38772.2
2026-06-20 09:00:00,237472.8,9947.0,55246.0
2026-06-20 10:00:00,238969.2,10665.8,65572.8
2026-06-20 11:00:00,241495.5,9811.8,72348.8
2026-06-20 12:00:00,244932.8,9999.2,75093.8
2026-06-20 13:00:00,247067.2,10647.0,71983.0
2026-06-20 14:00:00,255113.2,11541.5,66263.0
2026-06-20 15:00:00,259656.2,12381.8,56691.2
2026-06-20 16:00:00,253991.0,13738.5,43815.2
2026-06-20 17:00:00,242750.8,15659.2,27833.8
2026-06-20 18:00:00,234718.2,17405.8,11788.5
2026-06-20 19:00:00,239938.0,17507.8,1541.5
2026-06-20 20:00:00,241938.5,17455.2,0.0
2026-06-20 21:00:00,243007.2,17707.0,0.0
2026-06-20 22:00:00,246556.2,18133.8,0.0
2026-06-20 23:00:00,245258.0,17701.0,0.0
2026-06-21 00:00:00,241035.2,16820.2,0.0
2026-06-21 01:00:00,236336.0,16200.8,0.0
2026-06-21 02:00:00,231434.5,14822.8,0.0
2026-06-21 03:00:00,227983.5,13015.8,0.0
2026-06-21 04:00:00,226019.2,11018.0,0.0
2026-06-21 05:00:00,224393.2,9046.0,13.5
2026-06-21 06:00:00,224743.0,8215.2,3477.5
2026-06-21 07:00:00,224673.2,7941.0,19184.0
2026-06-21 08:00:00,224596.8,9502.5,41525.0
2026-06-21 09:00:00,228904.0,10204.2,57974.8
2026-06-21 10:00:00,229849.8,10689.0,67283.5
2026-06-21 11:00:00,230049.2,10559.5,68140.5
2026-06-21 12:00:00,231020.5,10454.0,67864.0
2026-06-21 13:00:00,231576.2,10843.0,68028.5
2026-06-21 14:00:00,235711.5,12319.0,64883.5
2026-06-21 15:00:00,239429.5,13780.5,57077.0
2026-06-21 16:00:00,234240.2,15781.0,46232.0
2026-06-21 17:00:00,222770.5,17386.5,29541.2
2026-06-21 18:00:00,217129.8,17946.0,11772.5
2026-06-21 19:00:00,223368.2,17929.2,1296.2
2026-06-21 20:00:00,227072.8,18636.5,0.0
2026-06-21 21:00:00,229695.5,18079.0,0.0
2026-06-21 22:00:00,234444.2,17163.0,0.0
2026-06-21 23:00:00,234833.0,17261.8,0.0
2026-06-22 00:00:00,230032.5,16993.0,0.0
2026-06-22 01:00:00,224931.5,15655.0,0.0
2026-06-22 02:00:00,218899.2,14179.0,0.0
2026-06-22 03:00:00,216279.2,13214.2,0.0
2026-06-22 04:00:00,215858.2,11956.5,0.0
2026-06-22 05:00:00,216021.5,11095.8,0.0
2026-06-22 06:00:00,219805.0,10099.2,3039.5
2026-06-22 07:00:00,223565.2,8116.2,18177.0
2026-06-22 08:00:00,228502.8,11137.8,42015.5
2026-06-22 09:00:00,236529.5,12762.5,58647.8
2026-06-22 10:00:00,241628.5,14275.2,68902.8
2026-06-22 11:00:00,245004.5,15002.2,73268.5
2026-06-22 12:00:00,244903.5,14894.0,74259.8
2026-06-22 13:00:00,242954.2,16453.2,71897.8
2026-06-22 14:00:00,246559.8,18865.5,65665.0
2026-06-22 15:00:00,249435.8,20790.2,56446.2
2026-06-22 16:00:00,244454.0,22027.2,45699.2
2026-06-22 17:00:00,235950.5,22261.0,29119.8
2026-06-22 18:00:00,231598.0,23936.5,12027.5
2026-06-22 19:00:00,237795.2,23672.5,1549.5
2026-06-22 20:00:00,240796.5,21916.5,0.0
2026-06-22 21:00:00,242774.2,21011.5,0.0
2026-06-22 22:00:00,245706.8,19311.5,0.0
2026-06-22 23:00:00,242690.5,18417.5,0.0
2026-06-23 00:00:00,236766.5,18661.8,0.0
2026-06-23 01:00:00,230947.2,18816.5,0.0
2026-06-23 02:00:00,224748.2,19140.8,0.0
2026-06-23 03:00:00,220727.8,19509.8,0.0
2026-06-23 04:00:00,220113.0,18958.2,0.0
2026-06-23 05:00:00,221411.8,18551.5,151.8
2026-06-23 06:00:00,224451.2,17900.2,4302.8
2026-06-23 07:00:00,226437.8,17720.8,20364.5
2026-06-23 08:00:00,229631.8,19585.2,43624.5
2026-06-23 09:00:00,237649.0,20769.2,58144.2
2026-06-23 10:00:00,240464.5,20945.5,67655.2
2026-06-23 11:00:00,239841.2,20479.0,71124.2
2026-06-23 12:00:00,239319.8,21151.5,72160.5
2026-06-23 13:00:00,238183.0,21931.2,69765.2
2026-06-23 14:00:00,242680.8,22888.8,64904.2
2026-06-23 15:00:00,241830.8,24543.2,56917.5
2026-06-23 16:00:00,236910.8,26095.2,46424.2
2026-06-23 17:00:00,231907.0,27166.5,31237.5
2026-06-23 18:00:00,228688.8,27256.0,13223.5
2026-06-23 19:00:00,235710.0,27538.2,1791.2
2026-06-23 20:00:00,240587.8,26051.8,0.0
2026-06-23 21:00:00,242254.5,24520.5,0.0
2026-06-23 22:00:00,245568.2,24199.0,0.0
2026-06-23 23:00:00,243003.2,22871.8,0.0
2026-06-24 00:00:00,235374.2,23162.5,0.0
2026-06-24 01:00:00,227457.8,23591.8,0.0
2026-06-24 02:00:00,222459.0,22276.5,0.0
2026-06-24 03:00:00,219468.2,20420.8,0.0
2026-06-24 04:00:00,217799.8,19449.8,0.0
2026-06-24 05:00:00,219867.8,17689.2,186.0
2026-06-24 06:00:00,222994.2,15629.0,3992.0
2026-06-24 07:00:00,225978.2,15016.2,18506.0
2026-06-24 08:00:00,228850.8,18725.0,38541.0
2026-06-24 09:00:00,236707.2,20692.0,54606.0
2026-06-24 10:00:00,239651.2,21634.5,63911.2
2026-06-24 11:00:00,239973.0,22613.0,68900.2
2026-06-24 12:00:00,241243.8,23234.5,68985.2
2026-06-24 13:00:00,239851.5,20789.0,61734.5
2026-06-24 14:00:00,245621.2,18979.0,53584.5
2026-06-24 15:00:00,249538.5,27302.8,54424.5
2026-06-24 16:00:00,243638.0,27157.5,40720.0
2026-06-24 17:00:00,236330.8,26925.0,25820.5
2026-06-24 18:00:00,232934.5,26872.0,11569.8
2026-06-24 19:00:00,239756.2,25650.5,1468.2
2026-06-24 20:00:00,242803.2,24259.5,0.0
2026-06-24 21:00:00,245076.2,23090.2,0.0
2026-06-24 22:00:00,247205.5,22123.8,0.0
2026-06-24 23:00:00,244525.2,21293.8,0.0
2026-06-25 00:00:00,239498.8,22050.0,0.0
2026-06-25 01:00:00,233663.2,21958.0,0.0
2026-06-25 02:00:00,227735.5,21428.5,0.0
2026-06-25 03:00:00,225688.8,20800.0,0.0
2026-06-25 04:00:00,225197.2,19821.5,0.0
2026-06-25 05:00:00,226011.5,19281.5,767.2
2026-06-25 06:00:00,229288.5,18882.0,4808.0
2026-06-25 07:00:00,233656.5,19024.5,22476.5
2026-06-25 08:00:00,233811.5,21151.0,39336.0
2026-06-25 09:00:00,238243.8,23404.2,55231.0
2026-06-25 10:00:00,241056.2,23218.5,63362.2
2026-06-25 11:00:00,244184.8,23039.0,68677.0
2026-06-25 12:00:00,245324.0,22917.5,69693.8
2026-06-25 13:00:00,243941.8,23773.8,67975.2
2026-06-25 14:00:00,247949.5,24626.5,64297.5
2026-06-25 15:00:00,251366.8,25358.5,56101.2
2026-06-25 16:00:00,246799.8,26565.2,44226.2
2026-06-25 17:00:00,238774.0,26384.2,30151.5
2026-06-25 18:00:00,234552.8,26124.0,12826.5
2026-06-25 19:00:00,240155.2,25113.0,1362.5
2026-06-25 20:00:00,244219.2,23178.8,0.0
2026-06-25 21:00:00,245021.8,21888.8,0.0
2026-06-25 22:00:00,246747.2,19863.2,0.0
2026-06-25 23:00:00,243313.2,18609.8,0.0
2026-06-26 00:00:00,238570.5,17753.5,0.0
2026-06-26 01:00:00,233780.2,16539.5,0.0
2026-06-26 02:00:00,228116.2,15782.0,0.0
2026-06-26 03:00:00,224546.0,14685.0,0.0
2026-06-26 04:00:00,224046.0,14140.2,0.0
2026-06-26 05:00:00,223318.8,13010.8,140.5
2026-06-26 06:00:00,225134.2,12061.2,3486.8
2026-06-26 07:00:00,228834.5,12131.0,18370.0
2026-06-26 08:00:00,232772.8,14585.0,38370.2
2026-06-26 09:00:00,242261.2,15890.2,58436.0
2026-06-26 10:00:00,246440.8,16104.2,66630.5
2026-06-26 11:00:00,248668.2,16315.2,72002.0
2026-06-26 12:00:00,251789.5,16511.5,73285.5
2026-06-26 13:00:00,249995.8,17588.8,71867.2
2026-06-26 14:00:00,253860.2,18639.2,67062.0
2026-06-26 15:00:00,254295.8,19473.8,57551.2
2026-06-26 16:00:00,247307.0,21410.0,44541.5
2026-06-26 17:00:00,235721.8,21939.8,29357.0
2026-06-26 18:00:00,229112.2,22290.0,11964.0
2026-06-26 19:00:00,236343.0,21710.8,1270.5
2026-06-26 20:00:00,240577.2,20701.8,0.0
2026-06-26 21:00:00,241716.0,18638.0,0.0
2026-06-26 22:00:00,242406.2,16820.2,0.0
2026-06-26 23:00:00,240471.8,15055.0,0.0
2026-06-27 00:00:00,236667.2,13879.0,0.0
2026-06-27 01:00:00,232724.2,13591.0,0.0
2026-06-27 02:00:00,229497.5,13811.0,0.0
2026-06-27 03:00:00,226765.5,13547.5,0.0
2026-06-27 04:00:00,224812.5,12788.0,0.0
2026-06-27 05:00:00,222743.2,11905.2,67.8
2026-06-27 06:00:00,226728.5,11503.0,3457.8
2026-06-27 07:00:00,234275.5,9960.5,19328.2
2026-06-27 08:00:00,237549.5,10904.5,42692.2
2026-06-27 09:00:00,243434.2,11192.8,61335.8
2026-06-27 10:00:00,248064.2,11194.2,71198.8
2026-06-27 11:00:00,249931.8,10780.0,76400.8
2026-06-27 12:00:00,252673.8,10378.2,75871.5
2026-06-27 13:00:00,253031.5,10617.8,72949.0
2026-06-27 14:00:00,260525.5,12184.0,66544.8
2026-06-27 15:00:00,262740.5,13986.8,56942.8
2026-06-27 16:00:00,256455.8,16294.2,46837.5
2026-06-27 17:00:00,245613.8,18448.2,30528.8
2026-06-27 18:00:00,237849.2,18879.0,12542.0
2026-06-27 19:00:00,242648.5,19690.2,1668.8
2026-06-27 20:00:00,244200.0,19875.5,0.0
2026-06-27 21:00:00,245113.8,18901.0,0.0
2026-06-27 22:00:00,246537.8,17347.5,0.0
2026-06-27 23:00:00,244837.5,16331.8,0.0
2026-06-28 00:00:00,239883.0,15779.8,0.0
2026-06-28 01:00:00,236248.8,14962.5,0.0
2026-06-28 02:00:00,232293.5,14525.5,0.0
2026-06-28 03:00:00,228842.0,14723.0,0.0
2026-06-28 04:00:00,226741.2,13163.5,0.0
2026-06-28 05:00:00,225292.2,11850.0,8.0
2026-06-28 06:00:00,225465.8,11186.5,3548.2
2026-06-28 07:00:00,227071.5,11189.8,19798.0
2026-06-28 08:00:00,228584.2,14171.0,43246.8
2026-06-28 09:00:00,234268.5,15351.5,60225.0
2026-06-28 10:00:00,237039.2,15409.2,69009.8
2026-06-28 11:00:00,239957.8,16119.2,73004.5
2026-06-28 12:00:00,242805.8,17242.2,73192.0
2026-06-28 13:00:00,243930.5,19034.5,70543.8
2026-06-28 14:00:00,247620.2,20558.0,66628.8
2026-06-28 15:00:00,248855.5,22398.5,56732.5
2026-06-28 16:00:00,241280.0,24896.2,45078.0
2026-06-28 17:00:00,229071.0,26424.8,28852.2
2026-06-28 18:00:00,222656.2,26268.8,12311.8
2026-06-28 19:00:00,231645.2,25047.8,1504.0
2026-06-28 20:00:00,239092.8,23673.2,0.0
2026-06-28 21:00:00,242652.8,22255.2,0.0
2026-06-28 22:00:00,245346.5,22203.0,0.0
2026-06-28 23:00:00,243630.5,20314.8,0.0
2026-06-29 00:00:00,239302.8,19460.8,0.0
2026-06-29 01:00:00,233837.5,18535.5,0.0
2026-06-29 02:00:00,228703.8,18154.0,0.0
2026-06-29 03:00:00,225329.8,18034.8,0.0
2026-06-29 04:00:00,224605.5,17482.8,0.0
2026-06-29 05:00:00,224816.5,17320.5,0.0
2026-06-29 06:00:00,227171.8,16843.8,3032.5
2026-06-29 07:00:00,230060.5,17152.5,19326.0
2026-06-29 08:00:00,234849.2,21685.8,41706.0
2026-06-29 09:00:00,242183.8,23563.2,57091.5
2026-06-29 10:00:00,245339.2,24248.5,65662.0
2026-06-29 11:00:00,246596.0,23651.5,68858.8
2026-06-29 12:00:00,247730.2,24601.5,69039.8
2026-06-29 13:00:00,248170.8,24829.0,67545.5
2026-06-29 14:00:00,255311.2,25661.5,64132.5
2026-06-29 15:00:00,258170.0,26597.2,55813.5
2026-06-29 16:00:00,253663.2,27024.8,44092.5
2026-06-29 17:00:00,243063.0,26610.8,27552.8
2026-06-29 18:00:00,235788.2,26557.0,11130.0
2026-06-29 19:00:00,240812.8,26519.8,1332.2
2026-06-29 20:00:00,245600.5,26304.2,0.0
2026-06-29 21:00:00,247740.5,25690.2,0.0
2026-06-29 22:00:00,249460.5,24720.5,0.0
2026-06-29 23:00:00,247041.8,24808.0,0.0
2026-06-30 00:00:00,240581.2,25122.8,0.0
2026-06-30 01:00:00,234341.2,25017.8,0.0
2026-06-30 02:00:00,230352.2,23753.0,0.0
2026-06-30 03:00:00,226824.8,21903.0,0.0
2026-06-30 04:00:00,224720.8,21387.0,0.0
2026-06-30 05:00:00,224805.5,21181.5,0.0
2026-06-30 06:00:00,226275.8,21253.2,3059.0
2026-06-30 07:00:00,228696.0,20923.5,18512.8
2026-06-30 08:00:00,230323.2,24092.0,40766.5
2026-06-30 09:00:00,236755.0,26295.2,56507.2
2026-06-30 10:00:00,240784.2,26722.8,62493.0
2026-06-30 11:00:00,241464.0,25604.5,63514.0
2026-06-30 12:00:00,242778.5,25409.0,64366.0
2026-06-30 13:00:00,241574.2,26025.5,62483.0
2026-06-30 14:00:00,247382.2,27980.5,60884.8
2026-06-30 15:00:00,250623.2,28203.0,53592.5
2026-06-30 16:00:00,248287.0,27843.0,42072.2
2026-06-30 17:00:00,240226.2,28159.2,27988.2
2026-06-30 18:00:00,233997.5,27500.0,11074.8
2026-06-30 19:00:00,240823.0,26953.0,1379.2
2026-06-30 20:00:00,245630.8,25903.5,0.0
2026-06-30 21:00:00,247245.8,26186.5,0.0
2026-06-30 22:00:00,248136.8,25150.0,0.0
2026-06-30 23:00:00,245262.5,23728.8,0.0
2026-07-01 00:00:00,238495.5,23079.5,0.0
2026-07-01 01:00:00,232275.2,22815.2,0.0
2026-07-01 02:00:00,225711.5,20733.8,0.0
2026-07-01 03:00:00,221412.2,19155.8,0.0
2026-07-01 04:00:00,218684.0,17998.2,0.0
2026-07-01 05:00:00,219175.5,18716.0,183.2
2026-07-01 06:00:00,222310.8,17524.0,3210.2
2026-07-01 07:00:00,224961.8,18144.2,15996.5
2026-07-01 08:00:00,227369.5,22411.2,33962.2
2026-07-01 09:00:00,233702.8,25214.0,48216.0
2026-07-01 10:00:00,235840.2,24578.5,56693.5
2026-07-01 11:00:00,235934.8,24427.0,60838.5
2026-07-01 12:00:00,235337.8,23734.8,60536.2
2026-07-01 13:00:00,233961.2,24899.2,58934.5
2026-07-01 14:00:00,237794.5,22392.0,47444.8
2026-07-01 15:00:00,240970.0,28331.0,51147.0
2026-07-01 16:00:00,238074.2,29163.2,42160.8
2026-07-01 17:00:00,230394.8,29893.0,27985.2
2026-07-01 18:00:00,227240.5,29592.8,11833.0
2026-07-01 19:00:00,234607.8,27965.8,1698.5
2026-07-01 20:00:00,237299.5,26354.5,0.0
2026-07-01 21:00:00,239582.0,25036.0,0.0
2026-07-01 22:00:00,241833.5,23610.2,0.0
2026-07-01 23:00:00,237215.0,22400.0,0.0
2026-07-02 00:00:00,226619.5,20968.5,0.0
2026-07-02 01:00:00,217052.8,19609.0,0.0
2026-07-02 02:00:00,210646.0,19585.8,0.0
2026-07-02 03:00:00,206966.5,19235.8,0.0
2026-07-02 04:00:00,205481.8,18305.5,0.0
2026-07-02 05:00:00,206431.8,17544.2,167.5
2026-07-02 06:00:00,211018.5,16838.0,2892.8
2026-07-02 07:00:00,213804.8,16462.5,15156.5
2026-07-02 08:00:00,217587.8,18420.2,34842.8
2026-07-02 09:00:00,225356.0,20546.0,49359.8
2026-07-02 10:00:00,229609.8,21716.0,56137.2
2026-07-02 11:00:00,229919.0,21499.5,58497.2
2026-07-02 12:00:00,229388.0,22408.5,60780.0
2026-07-02 13:00:00,226767.8,22794.5,58073.5
2026-07-02 14:00:00,230924.2,24525.2,55852.0
2026-07-02 15:00:00,234615.8,26191.8,51214.5
2026-07-02 16:00:00,233073.8,27077.2,40467.2
2026-07-02 17:00:00,227885.2,27723.2,26884.2
2026-07-02 18:00:00,226060.8,27440.2,12159.8
2026-07-02 19:00:00,233958.5,26580.2,2114.2
2026-07-02 20:00:00,236627.8,25125.0,0.0
2026-07-02 21:00:00,239001.8,24075.2,0.0
2026-07-02 22:00:00,240310.8,23323.5,0.0
2026-07-02 23:00:00,236220.2,23304.8,0.0
2026-07-03 00:00:00,228667.2,23925.8,0.0
2026-07-03 01:00:00,221131.8,22962.0,0.0
2026-07-03 02:00:00,215737.5,21415.2,0.0
2026-07-03 03:00:00,212340.5,20636.0,0.0
2026-07-03 04:00:00,211412.5,20109.5,0.0
2026-07-03 05:00:00,213763.2,20227.2,194.0
2026-07-03 06:00:00,218388.8,19993.8,3441.0
2026-07-03 07:00:00,223378.2,20241.5,15525.0
2026-07-03 08:00:00,227583.2,22595.0,31616.5
2026-07-03 09:00:00,235595.8,24854.0,47772.5
2026-07-03 10:00:00,238710.2,25888.5,55556.5
2026-07-03 11:00:00,238201.2,25609.8,59560.8
2026-07-03 12:00:00,236889.5,26259.5,61015.0
2026-07-03 13:00:00,234700.8,27052.8,59481.5
2026-07-03 14:00:00,237962.5,27415.2,53611.0
2026-07-03 15:00:00,240156.2,27686.8,45849.5
2026-07-03 16:00:00,235222.0,27583.5,33757.5
2026-07-03 17:00:00,230621.5,26461.2,22228.0
2026-07-03 18:00:00,229284.0,26026.2,10755.0
2026-07-03 19:00:00,236243.5,25996.2,2622.8
2026-07-03 20:00:00,238547.8,26926.0,0.0
2026-07-03 21:00:00,239153.0,27187.2,0.0
2026-07-03 22:00:00,238995.8,27171.2,0.0
2026-07-03 23:00:00,234696.0,27114.2,0.0
2026-07-04 00:00:00,228315.0,27260.8,0.0
2026-07-04 01:00:00,221435.2,27389.0,0.0
2026-07-04 02:00:00,215619.2,26666.0,0.0
2026-07-04 03:00:00,213308.0,26690.2,0.0
2026-07-04 04:00:00,211566.8,26277.0,0.0
2026-07-04 05:00:00,212522.2,24626.8,258.0
2026-07-04 06:00:00,215892.0,23515.5,4380.8
2026-07-04 07:00:00,220309.8,23326.2,14661.5
2026-07-04 08:00:00,224444.8,24122.2,27103.2
2026-07-04 09:00:00,231096.5,25483.0,40284.2
2026-07-04 10:00:00,233464.8,26884.5,48367.5
2026-07-04 11:00:00,232749.2,26302.5,53440.5
2026-07-04 12:00:00,232592.8,25919.2,54752.5
2026-07-04 13:00:00,229299.2,25779.0,53552.8
2026-07-04 14:00:00,231095.2,26674.8,48935.5
2026-07-04 15:00:00,232448.5,26881.8,42266.8
2026-07-04 16:00:00,229400.8,27946.5,35064.5
2026-07-04 17:00:00,224931.2,27925.8,23614.5
2026-07-04 18:00:00,224476.2,27449.2,11453.2
2026-07-04 19:00:00,232177.5,27609.5,2664.0
2026-07-04 20:00:00,234965.5,26878.2,0.0
2026-07-04 21:00:00,234759.2,27421.8,0.0
2026-07-04 22:00:00,233166.0,27323.5,0.0
2026-07-04 23:00:00,229268.5,26168.8,0.0
2026-07-05 00:00:00,223857.0,26270.2,0.0
2026-07-05 01:00:00,218188.2,26088.8,0.0
2026-07-05 02:00:00,213109.2,26206.5,0.0
2026-07-05 03:00:00,210133.5,26652.8,0.0
2026-07-05 04:00:00,208786.0,26089.0,0.0
2026-07-05 05:00:00,208690.8,24545.5,160.0
2026-07-05 06:00:00,210279.2,23868.0,3909.5
2026-07-05 07:00:00,210894.2,24105.8,13692.0
2026-07-05 08:00:00,213168.2,25861.0,27611.8
2026-07-05 09:00:00,217747.8,26268.2,40053.2
2026-07-05 10:00:00,217497.2,24718.8,47381.5
2026-07-05 11:00:00,214893.2,22455.2,50297.8
2026-07-05 12:00:00,211017.0,20359.8,49769.2
2026-07-05 13:00:00,204363.8,18673.8,47445.0
2026-07-05 14:00:00,201661.8,18535.0,45369.5
2026-07-05 15:00:00,201290.5,19530.5,40812.2
2026-07-05 16:00:00,201169.5,22812.0,35736.5
2026-07-05 17:00:00,200221.5,26786.0,24322.2
2026-07-05 18:00:00,203246.0,28013.8,10908.8
2026-07-05 19:00:00,212991.8,27693.5,2367.8
2026-07-05 20:00:00,219339.8,26480.8,0.0
2026-07-05 21:00:00,222776.2,25690.8,0.0
2026-07-05 22:00:00,224715.8,24743.8,0.0
2026-07-05 23:00:00,220685.8,23436.0,0.0
2026-07-06 00:00:00,213808.5,22526.0,0.0
2026-07-06 01:00:00,207393.8,22494.5,0.0
2026-07-06 02:00:00,201951.2,22532.5,0.0
2026-07-06 03:00:00,198945.2,23260.5,0.0
2026-07-06 04:00:00,197984.5,23187.0,0.0
2026-07-06 05:00:00,200296.0,23011.2,183.8
2026-07-06 06:00:00,205768.5,22770.0,4320.8
2026-07-06 07:00:00,211059.5,22283.5,15690.2
2026-07-06 08:00:00,214793.5,24032.2,31376.0
2026-07-06 09:00:00,222055.2,25891.0,46951.8
2026-07-06 10:00:00,224514.2,25638.5,55364.2
2026-07-06 11:00:00,222493.0,24311.5,60215.5
2026-07-06 12:00:00,219651.2,22158.8,58242.8
2026-07-06 13:00:00,216963.0,20731.0,55134.5
2026-07-06 14:00:00,219906.5,22032.5,52634.8
2026-07-06 15:00:00,224067.2,25573.0,47108.0
2026-07-06 16:00:00,223750.5,27807.2,34517.8
2026-07-06 17:00:00,222600.2,29547.0,22985.5
2026-07-06 18:00:00,222172.8,30572.5,10618.8
2026-07-06 19:00:00,229819.0,28248.8,1959.2
2026-07-06 20:00:00,231134.8,24725.5,0.0
2026-07-06 21:00:00,234033.5,23309.2,0.0
2026-07-06 22:00:00,233802.5,23220.8,0.0
2026-07-06 23:00:00,229847.0,22780.8,0.0
2026-07-07 00:00:00,223019.5,22577.8,0.0
2026-07-07 01:00:00,217231.5,23328.5,0.0
2026-07-07 02:00:00,212196.0,23552.5,0.0
2026-07-07 03:00:00,209633.5,23500.2,0.0
2026-07-07 04:00:00,209105.5,22943.2,0.0
2026-07-07 05:00:00,211125.8,22570.0,149.0
2026-07-07 06:00:00,216809.2,22362.0,2840.8
2026-07-07 07:00:00,219090.2,21942.5,11065.5
2026-07-07 08:00:00,222016.2,22389.2,20623.0
2026-07-07 09:00:00,228263.0,23038.5,29640.0
2026-07-07 10:00:00,227589.8,22694.0,40409.0
2026-07-07 11:00:00,223416.2,22781.5,52968.0
2026-07-07 12:00:00,219605.0,21721.0,54339.2
2026-07-07 13:00:00,215021.0,21833.2,54497.5
2026-07-07 14:00:00,215041.0,22848.2,53628.8
2026-07-07 15:00:00,217272.2,23506.5,51135.8
2026-07-07 16:00:00,215752.2,24236.8,39796.5
2026-07-07 17:00:00,214618.0,24603.0,25741.0
2026-07-07 18:00:00,215480.2,24950.5,11880.2
2026-07-07 19:00:00,223918.5,26243.5,2139.5
2026-07-07 20:00:00,226862.2,26611.2,0.0
2026-07-07 21:00:00,228799.5,26575.8,0.0
2026-07-07 22:00:00,229482.0,25931.5,0.0
2026-07-07 23:00:00,224460.8,25027.5,0.0
2026-07-08 00:00:00,,,
2026-07-08 01:00:00,,,
2026-07-08 02:00:00,,,
2026-07-08 03:00:00,,,
2026-07-08 04:00:00,,,
2026-07-08 05:00:00,,,
2026-07-08 06:00:00,,,
2026-07-08 07:00:00,,,
2026-07-08 08:00:00,,,
2026-07-08 09:00:00,,,
2026-07-08 10:00:00,,,
2026-07-08 11:00:00,,,
2026-07-08 12:00:00,,,
2026-07-08 13:00:00,,,
2026-07-08 14:00:00,,,
2026-07-08 15:00:00,,,
2026-07-08 16:00:00,,,
2026-07-08 17:00:00,,,
2026-07-08 18:00:00,,,
2026-07-08 19:00:00,,,
2026-07-08 20:00:00,,,
2026-07-08 21:00:00,,,
2026-07-08 22:00:00,,,
2026-07-08 23:00:00,,,
2026-07-09 00:00:00,218073.8,28226.2,0.0
2026-07-09 01:00:00,210750.2,27460.5,0.0
2026-07-09 02:00:00,205075.5,26456.2,0.0
2026-07-09 03:00:00,203100.5,25616.8,0.0
2026-07-09 04:00:00,202010.8,25042.8,0.0
2026-07-09 05:00:00,204265.0,24506.8,101.2
2026-07-09 06:00:00,211745.8,24888.8,2508.2
2026-07-09 07:00:00,214792.5,24633.2,12950.8
2026-07-09 08:00:00,215586.8,26322.8,27805.5
2026-07-09 09:00:00,220255.8,28959.8,44740.2
2026-07-09 10:00:00,222639.5,27974.2,53824.5
2026-07-09 11:00:00,221174.5,26283.5,55409.8
2026-07-09 12:00:00,219645.0,25405.2,58011.8
2026-07-09 13:00:00,215588.5,25693.0,56337.0
2026-07-09 14:00:00,218699.8,27086.2,56116.0
2026-07-09 15:00:00,222676.2,29160.2,52737.0
2026-07-09 16:00:00,222113.2,31133.0,45247.5
2026-07-09 17:00:00,218896.2,32432.8,28176.2
2026-07-09 18:00:00,218299.8,32586.8,12469.5
2026-07-09 19:00:00,227565.5,31787.8,2144.5
2026-07-09 20:00:00,230926.5,31054.5,0.0
2026-07-09 21:00:00,231514.8,29962.2,0.0
2026-07-09 22:00:00,232029.2,28814.8,0.0
2026-07-09 23:00:00,226850.5,28330.5,0.0
2026-07-10 00:00:00,219118.5,28222.2,0.0
2026-07-10 01:00:00,212080.8,27229.2,0.0
2026-07-10 02:00:00,207120.8,26665.8,0.0
2026-07-10 03:00:00,205283.2,25856.2,0.0
2026-07-10 04:00:00,205477.5,25221.8,0.0
2026-07-10 05:00:00,208682.2,24798.5,221.5
2026-07-10 06:00:00,215756.0,24278.8,3719.5
2026-07-10 07:00:00,218127.8,24019.5,16504.5
2026-07-10 08:00:00,218068.5,26386.8,34746.0
2026-07-10 09:00:00,223729.2,28604.5,49759.5
2026-07-10 10:00:00,225604.5,27641.5,57283.0
2026-07-10 11:00:00,224965.2,26763.0,61109.2
2026-07-10 12:00:00,223977.5,26273.5,60664.0
2026-07-10 13:00:00,220989.5,26482.8,58714.0
2026-07-10 14:00:00,225688.8,27201.0,57227.0
2026-07-10 15:00:00,229795.0,29228.8,54791.5
2026-07-10 16:00:00,228104.5,31542.8,42678.5
2026-07-10 17:00:00,223749.2,33153.0,25882.2
2026-07-10 18:00:00,221901.2,32747.8,10408.8
2026-07-10 19:00:00,229882.0,32431.2,1878.5
2026-07-10 20:00:00,232712.8,31953.0,0.0
2026-07-10 21:00:00,232138.5,31485.8,0.0
2026-07-10 22:00:00,233713.0,30452.5,0.0
2026-07-10 23:00:00,229129.2,30422.8,0.0
2026-07-11 00:00:00,221495.0,30373.0,0.0
2026-07-11 01:00:00,213964.2,30430.2,0.0
2026-07-11 02:00:00,207953.8,30907.8,0.0
2026-07-11 03:00:00,206126.5,31169.0,0.0
2026-07-11 04:00:00,205924.5,30675.0,0.0
2026-07-11 05:00:00,208665.8,30050.5,152.5
2026-07-11 06:00:00,213552.5,29192.2,3806.2
2026-07-11 07:00:00,214579.8,28542.2,15286.0
2026-07-11 08:00:00,213741.0,30053.8,31206.2
2026-07-11 09:00:00,217537.5,30582.8,44798.8
2026-07-11 10:00:00,218462.2,28612.0,53197.5
2026-07-11 11:00:00,219478.2,27333.5,55464.0
2026-07-11 12:00:00,220607.5,27245.0,57352.5
2026-07-11 13:00:00,220245.2,25931.5,55336.8
2026-07-11 14:00:00,227154.8,27573.0,58858.0
2026-07-11 15:00:00,233144.0,31113.0,58843.0
2026-07-11 16:00:00,232576.5,33305.2,46668.0
2026-07-11 17:00:00,228348.0,34425.5,28819.8
2026-07-11 18:00:00,228169.8,34475.0,12731.5
2026-07-11 19:00:00,236506.0,33999.0,2357.0
2026-07-11 20:00:00,240390.5,32789.0,0.0
2026-07-11 21:00:00,241674.8,31856.8,0.0
2026-07-11 22:00:00,242611.2,30859.5,0.0
2026-07-11 23:00:00,239727.0,30217.5,0.0
2026-07-12 00:00:00,232893.8,29517.5,0.0
2026-07-12 01:00:00,225590.8,30237.5,0.0
2026-07-12 02:00:00,220518.0,30605.5,0.0
2026-07-12 03:00:00,218361.0,30029.0,0.0
2026-07-12 04:00:00,218054.0,29368.2,0.0
2026-07-12 05:00:00,219840.2,29278.2,195.8
2026-07-12 06:00:00,219885.2,28480.2,3732.8
2026-07-12 07:00:00,218926.8,28069.8,15720.0
2026-07-12 08:00:00,217353.8,30720.8,33722.2
2026-07-12 09:00:00,222974.8,32994.8,49659.8
2026-07-12 10:00:00,223690.0,32182.2,54790.8
2026-07-12 11:00:00,222931.2,30225.2,56860.5
2026-07-12 12:00:00,222926.5,28101.8,56478.0
2026-07-12 13:00:00,222518.0,27969.0,56007.5
2026-07-12 14:00:00,225990.2,30053.0,58609.2
2026-07-12 15:00:00,228676.5,32661.0,57529.5
2026-07-12 16:00:00,226672.5,35399.0,47330.5
2026-07-12 17:00:00,218483.2,36464.8,29395.8
2026-07-12 18:00:00,215660.5,36309.8,12090.8
2026-07-12 19:00:00,226925.2,35604.0,2236.2
2026-07-12 20:00:00,235203.8,34815.8,0.0
2026-07-12 21:00:00,239009.8,34152.0,0.0
2026-07-12 22:00:00,242136.0,33542.5,0.0
2026-07-12 23:00:00,239076.5,32569.2,0.0
2026-07-13 00:00:00,232369.0,31375.0,0.0
2026-07-13 01:00:00,225548.0,30698.8,0.0
2026-07-13 02:00:00,219829.2,30274.2,0.0
2026-07-13 03:00:00,218400.0,29476.2,0.0
2026-07-13 04:00:00,218468.2,29001.5,0.0
2026-07-13 05:00:00,220785.5,28496.8,208.8
2026-07-13 06:00:00,225739.0,26979.0,4166.8
2026-07-13 07:00:00,228075.5,26128.2,17535.0
2026-07-13 08:00:00,230465.2,29410.0,36166.5
2026-07-13 09:00:00,239497.2,31650.8,54143.8
2026-07-13 10:00:00,243167.2,30743.5,67272.5
2026-07-13 11:00:00,242999.0,29082.5,73411.0
2026-07-13 12:00:00,242371.2,28525.2,74469.5
2026-07-13 13:00:00,241210.2,28365.0,72667.8
2026-07-13 14:00:00,248711.2,29378.0,71142.8
2026-07-13 15:00:00,255593.0,31470.0,64408.2
2026-07-13 16:00:00,254317.8,32810.8,49687.2
2026-07-13 17:00:00,247111.0,33295.2,30467.2
2026-07-13 18:00:00,240358.8,33399.2,12305.8
2026-07-13 19:00:00,245764.8,33042.8,2394.5
2026-07-13 20:00:00,248687.5,32482.0,0.0
2026-07-13 21:00:00,249639.2,31386.5,0.0
2026-07-13 22:00:00,250789.8,30939.8,0.0
2026-07-13 23:00:00,248457.8,30938.2,0.0
2026-07-14 00:00:00,242229.2,30709.8,0.0
2026-07-14 01:00:00,236690.8,30473.2,0.0
2026-07-14 02:00:00,232603.2,29940.0,0.0
2026-07-14 03:00:00,230379.0,29011.5,0.0
2026-07-14 04:00:00,230665.5,27840.5,0.0
2026-07-14 05:00:00,232454.5,27004.0,572.2
2026-07-14 06:00:00,236922.5,26112.8,4391.2
2026-07-14 07:00:00,239174.8,25093.5,16633.0
2026-07-14 08:00:00,240813.2,27384.5,33852.8
2026-07-14 09:00:00,250231.0,29845.8,53952.8
2026-07-14 10:00:00,252594.2,29190.0,68097.8
2026-07-14 11:00:00,251325.5,26760.8,72911.5
2026-07-14 12:00:00,250972.5,25770.5,75748.5
2026-07-14 13:00:00,250927.0,25301.8,74619.2
2026-07-14 14:00:00,259636.8,25726.0,70828.2
2026-07-14 15:00:00,265205.5,26663.8,62350.0
2026-07-14 16:00:00,261499.5,27677.0,48062.5
2026-07-14 17:00:00,252230.8,27935.8,29756.8
2026-07-14 18:00:00,244719.8,28123.0,12615.2
2026-07-14 19:00:00,249046.8,27158.8,2463.2
2026-07-14 20:00:00,250475.0,25724.8,0.0
2026-07-14 21:00:00,251013.0,25634.8,0.0
2026-07-14 22:00:00,252455.0,25121.5,0.0
2026-07-14 23:00:00,249708.5,24212.5,0.0
2026-07-15 00:00:00,244861.0,23816.6,0.0
2026-07-15 01:00:00,239941.5,23534.5,0.0
2026-07-15 02:00:00,236821.8,23854.9,0.0
2026-07-15 03:00:00,234496.5,24198.0,0.0
2026-07-15 04:00:00,233704.8,23045.6,0.0
2026-07-15 05:00:00,233890.2,21350.5,693.1
2026-07-15 06:00:00,234883.5,19665.2,4575.8
2026-07-15 07:00:00,240952.8,18877.6,17842.8
2026-07-15 08:00:00,245171.5,20874.7,38225.3
2026-07-15 09:00:00,254733.2,23803.1,55958.1
2026-07-15 10:00:00,259635.0,24225.6,68540.9
2026-07-15 11:00:00,260106.8,23766.4,75543.3
2026-07-15 12:00:00,258432.0,22695.7,76703.5
2026-07-15 13:00:00,256529.5,23137.5,74576.7
2026-07-15 14:00:00,263090.2,23877.0,71476.5
2026-07-15 15:00:00,265441.0,25047.4,63903.2
2026-07-15 16:00:00,261650.0,25506.5,50603.3
2026-07-15 17:00:00,252667.8,24393.1,33066.9
2026-07-15 18:00:00,246680.8,22502.5,14494.0
2026-07-15 19:00:00,249403.2,23523.4,2526.3
2026-07-15 20:00:00,249319.0,22550.5,0.0
2026-07-15 21:00:00,249261.5,21689.9,0.0
2026-07-15 22:00:00,251144.2,20604.5,0.0
2026-07-15 23:00:00,249069.0,20253.5,0.0
2026-07-16 00:00:00,244137.2,19506.5,0.0
2026-07-16 01:00:00,239256.8,19036.8,0.0
2026-07-16 02:00:00,235316.2,18570.2,0.0
2026-07-16 03:00:00,232143.5,17730.0,0.0
2026-07-16 04:00:00,230195.0,16271.5,0.0
2026-07-16 05:00:00,228785.8,14612.2,770.5
2026-07-16 06:00:00,231025.0,13322.5,4077.5
2026-07-16 07:00:00,240353.8,12433.8,17496.8
2026-07-16 08:00:00,250011.0,14035.8,38155.8
2026-07-16 09:00:00,261176.2,16223.8,56964.8
2026-07-16 10:00:00,265415.2,17750.2,70433.8
2026-07-16 11:00:00,264702.8,17889.0,76866.0
2026-07-16 12:00:00,263159.5,18425.0,77746.2
2026-07-16 13:00:00,262456.2,19327.2,75428.0
2026-07-16 14:00:00,267089.2,20445.5,69979.0
2026-07-16 15:00:00,269197.5,22229.0,60232.5
2026-07-16 16:00:00,264380.8,23383.8,46813.2
2026-07-16 17:00:00,252827.0,23276.0,30544.2
2026-07-16 18:00:00,245480.8,22751.5,13113.0
2026-07-16 19:00:00,247692.5,22309.5,1686.0
2026-07-16 20:00:00,247364.0,22103.5,0.0
2026-07-16 21:00:00,248323.0,21049.0,0.0
2026-07-16 22:00:00,249600.5,19898.2,0.0
2026-07-16 23:00:00,247457.0,19205.2,0.0
2026-07-17 00:00:00,242337.0,18522.5,0.0
2026-07-17 01:00:00,238020.8,18687.5,0.0
2026-07-17 02:00:00,234323.5,18205.0,0.0
2026-07-17 03:00:00,232233.0,16850.0,0.0
2026-07-17 04:00:00,230396.8,15579.5,0.0
2026-07-17 05:00:00,230355.5,14889.5,260.0
2026-07-17 06:00:00,234952.2,14802.8,2961.8
2026-07-17 07:00:00,241939.5,14973.0,15908.0
2026-07-17 08:00:00,251414.5,18527.8,37291.5
2026-07-17 09:00:00,263443.8,22399.0,56693.0
2026-07-17 10:00:00,267418.0,24458.5,67051.2
2026-07-17 11:00:00,268110.8,25217.0,71417.0
2026-07-17 12:00:00,266360.5,26159.5,72553.0
2026-07-17 13:00:00,263059.0,27771.5,71328.5
2026-07-17 14:00:00,266687.5,28333.0,66681.0
2026-07-17 15:00:00,268540.2,28815.2,58837.2
2026-07-17 16:00:00,262874.2,29192.5,46672.0
2026-07-17 17:00:00,253760.2,29332.8,29039.8
2026-07-17 18:00:00,245364.8,28740.5,12673.0
2026-07-17 19:00:00,248165.0,27921.8,1930.0
2026-07-17 20:00:00,249428.2,25703.0,0.0
2026-07-17 21:00:00,248749.8,23447.0,0.0
2026-07-17 22:00:00,249451.0,21901.8,0.0
2026-07-17 23:00:00,247292.5,21975.8,0.0
2026-07-18 00:00:00,242749.0,22056.2,0.0
2026-07-18 01:00:00,238085.8,22056.2,0.0
2026-07-18 02:00:00,235120.8,21257.8,0.0
2026-07-18 03:00:00,232779.8,20327.0,0.0
2026-07-18 04:00:00,231597.8,19834.2,0.0
2026-07-18 05:00:00,232968.0,19549.0,876.8
2026-07-18 06:00:00,237561.5,19643.8,3318.2
2026-07-18 07:00:00,242133.8,19033.8,15120.2
2026-07-18 08:00:00,247046.2,21599.8,33067.0
2026-07-18 09:00:00,255948.8,23728.2,49093.8
2026-07-18 10:00:00,259643.0,24825.0,58866.2
2026-07-18 11:00:00,258676.8,25193.2,63757.5
2026-07-18 12:00:00,258496.8,25670.8,67313.2
2026-07-18 13:00:00,256247.5,25768.8,67378.0
2026-07-18 14:00:00,259186.8,26021.2,62841.0
2026-07-18 15:00:00,260448.2,26449.2,54736.5
2026-07-18 16:00:00,255323.2,27035.0,43293.8
2026-07-18 17:00:00,245867.5,26627.8,26564.0
2026-07-18 18:00:00,241884.0,26424.8,10915.2
2026-07-18 19:00:00,246372.5,25860.2,1593.8
2026-07-18 20:00:00,246575.8,25011.8,0.0
2026-07-18 21:00:00,245773.5,23996.8,0.0
2026-07-18 22:00:00,246265.0,22702.5,0.0
2026-07-18 23:00:00,243251.2,21915.5,0.0
2026-07-19 00:00:00,237879.8,21041.0,0.0
2026-07-19 01:00:00,233723.5,19962.2,0.0
2026-07-19 02:00:00,230846.5,19294.5,0.0
2026-07-19 03:00:00,227663.5,17384.8,0.0
2026-07-19 04:00:00,226162.2,15333.2,0.0
2026-07-19 05:00:00,225230.8,13943.0,94.0
2026-07-19 06:00:00,226648.0,12876.8,2650.8
2026-07-19 07:00:00,230120.2,12929.8,14193.5
2026-07-19 08:00:00,234273.8,14578.0,32959.0
2026-07-19 09:00:00,241208.8,17790.0,49225.2
2026-07-19 10:00:00,241364.0,19708.0,59515.5
2026-07-19 11:00:00,242153.5,20602.2,67736.8
2026-07-19 12:00:00,241293.2,20847.8,68556.5
2026-07-19 13:00:00,240615.5,21619.5,67647.2
2026-07-19 14:00:00,241793.0,22421.0,62510.8
2026-07-19 15:00:00,243099.0,23700.2,54831.5
2026-07-19 16:00:00,237928.2,25295.8,43510.2
2026-07-19 17:00:00,226955.5,25549.8,27591.8
2026-07-19 18:00:00,223557.2,24959.0,12080.2
2026-07-19 19:00:00,232774.8,24884.8,1849.2
2026-07-19 20:00:00,236572.2,23351.5,0.0
2026-07-19 21:00:00,236452.0,21457.0,0.0
2026-07-19 22:00:00,237048.2,20102.2,0.0
2026-07-19 23:00:00,234900.8,19206.2,0.0
2026-07-20 00:00:00,230478.5,18389.0,0.0
2026-07-20 01:00:00,225480.0,17291.8,0.0
2026-07-20 02:00:00,221641.5,15916.5,0.0
2026-07-20 03:00:00,218966.8,14758.0,0.0
2026-07-20 04:00:00,218135.8,14869.0,0.0
2026-07-20 05:00:00,219948.8,15557.2,133.8
2026-07-20 06:00:00,225295.0,16016.5,2839.5
2026-07-20 07:00:00,230838.2,15019.0,14126.5
2026-07-20 08:00:00,234695.2,16676.2,29478.0
2026-07-20 09:00:00,245808.8,18947.8,44969.0
2026-07-20 10:00:00,250049.0,21377.0,58145.2
2026-07-20 11:00:00,247485.0,23434.8,66151.2
2026-07-20 12:00:00,245007.0,24595.5,67105.8
2026-07-20 13:00:00,239763.5,24959.0,65624.5
2026-07-20 14:00:00,242648.0,26804.8,60153.0
2026-07-20 15:00:00,244316.0,27548.8,51317.2
2026-07-20 16:00:00,240036.5,28681.8,38071.5
2026-07-20 17:00:00,233286.5,28714.8,23943.5
2026-07-20 18:00:00,230194.5,27736.8,10606.5
2026-07-20 19:00:00,236741.8,26042.5,1639.2
2026-07-20 20:00:00,236888.0,23382.2,0.0
2026-07-20 21:00:00,235618.2,20673.8,0.0
2026-07-20 22:00:00,235149.5,19885.5,0.0
2026-07-20 23:00:00,231136.0,19660.8,0.0
2026-07-21 00:00:00,223299.5,18893.0,0.0
2026-07-21 01:00:00,215084.5,18578.8,0.0
2026-07-21 02:00:00,208749.0,17817.5,0.0
2026-07-21 03:00:00,204855.8,16997.5,0.0
2026-07-21 04:00:00,202753.2,16366.0,0.0
2026-07-21 05:00:00,206283.0,15782.2,201.2
2026-07-21 06:00:00,215315.2,15086.5,2637.0
2026-07-21 07:00:00,221355.2,14552.5,13421.0
2026-07-21 08:00:00,224961.8,15733.0,30634.2
2026-07-21 09:00:00,234470.8,18704.5,46616.8
2026-07-21 10:00:00,236459.5,20897.5,54874.2
2026-07-21 11:00:00,235632.2,22490.8,60882.8
2026-07-21 12:00:00,233457.2,24116.0,62407.8
2026-07-21 13:00:00,229135.5,24490.0,58829.2
2026-07-21 14:00:00,232626.5,25865.0,54848.2
2026-07-21 15:00:00,234647.5,26214.0,46450.8
2026-07-21 16:00:00,233160.8,27658.0,32280.2
2026-07-21 17:00:00,230193.8,27772.0,20084.5
2026-07-21 18:00:00,229096.5,27307.8,10907.8
2026-07-21 19:00:00,233174.5,25993.0,1821.0
2026-07-21 20:00:00,233659.2,25130.5,0.0
2026-07-21 21:00:00,232687.0,24489.2,0.0
2026-07-21 22:00:00,231719.2,23183.8,0.0
2026-07-21 23:00:00,225789.2,21846.0,0.0
2026-07-22 00:00:00,217904.2,21439.0,0.0
2026-07-22 01:00:00,210839.2,21390.8,0.0
2026-07-22 02:00:00,205019.0,20832.5,0.0
2026-07-22 03:00:00,201604.5,18964.0,0.0
2026-07-22 04:00:00,200386.0,18320.5,0.0
2026-07-22 05:00:00,204205.2,17864.0,138.0
2026-07-22 06:00:00,212415.5,16458.8,2557.2
2026-07-22 07:00:00,217922.5,15831.0,12156.2
2026-07-22 08:00:00,220760.2,16673.5,27194.5
2026-07-22 09:00:00,229354.5,19013.0,40839.8
2026-07-22 10:00:00,231965.0,20457.5,51704.8
2026-07-22 11:00:00,232387.8,22153.0,56978.5
2026-07-22 12:00:00,229228.0,22537.0,56046.2
2026-07-22 13:00:00,225729.5,23241.2,53781.8
2026-07-22 14:00:00,228448.0,23677.2,49180.0
2026-07-22 15:00:00,231064.2,24870.5,40039.0
2026-07-22 16:00:00,227249.8,26541.0,27114.0
2026-07-22 17:00:00,223506.8,26031.0,15298.2
2026-07-22 18:00:00,223478.8,25236.8,6699.8
2026-07-22 19:00:00,230036.5,24186.5,1178.2
2026-07-22 20:00:00,231142.2,23901.5,0.0
2026-07-22 21:00:00,230551.5,23697.0,0.0
2026-07-22 22:00:00,229183.5,22260.0,0.0
2026-07-22 23:00:00,222908.8,21390.5,0.0
2026-07-23 00:00:00,215308.2,20621.2,0.0
2026-07-23 01:00:00,208054.0,19290.0,0.0
2026-07-23 02:00:00,202070.8,18405.0,0.0
2026-07-23 03:00:00,199078.5,18289.8,0.0
2026-07-23 04:00:00,197656.0,18820.2,0.0
2026-07-23 05:00:00,202038.8,18694.2,141.8
2026-07-23 06:00:00,210528.2,18069.2,2264.5
2026-07-23 07:00:00,215453.0,16954.2,10565.5
2026-07-23 08:00:00,218009.2,17980.5,23448.5
2026-07-23 09:00:00,226578.0,19740.5,38038.0
2026-07-23 10:00:00,227972.5,21162.0,45248.5
2026-07-23 11:00:00,227046.0,22477.8,48490.2
2026-07-23 12:00:00,224675.8,23165.0,51659.5
2026-07-23 13:00:00,219276.2,22646.0,48364.8
2026-07-23 14:00:00,222788.8,23059.5,45675.8
2026-07-23 15:00:00,226226.2,23117.5,35553.5
2026-07-23 16:00:00,225441.0,24492.5,25998.5
2026-07-23 17:00:00,222031.0,25400.0,15888.5
2026-07-23 18:00:00,220787.8,25513.8,6601.0
2026-07-23 19:00:00,228412.0,25189.5,1006.8
2026-07-23 20:00:00,229685.5,25062.5,0.0
2026-07-23 21:00:00,229191.8,25648.0,0.0
2026-07-23 22:00:00,227201.0,24673.2,0.0
2026-07-23 23:00:00,220900.5,24408.2,0.0
2026-07-24 00:00:00,213075.5,22659.0,0.0
2026-07-24 01:00:00,206531.2,21185.5,0.0
2026-07-24 02:00:00,201551.2,21335.0,0.0
2026-07-24 03:00:00,198894.8,22767.8,0.0
2026-07-24 04:00:00,197758.8,21477.5,0.0
2026-07-24 05:00:00,203005.8,20128.0,104.5
2026-07-24 06:00:00,212179.8,19744.2,1932.2
2026-07-24 07:00:00,217358.0,19836.5,11866.5
2026-07-24 08:00:00,219011.5,21542.0,27343.8
2026-07-24 09:00:00,226675.8,23763.5,41140.8
2026-07-24 10:00:00,228890.2,26218.8,50144.0
2026-07-24 11:00:00,228525.5,26915.8,54539.0
2026-07-24 12:00:00,226204.2,26943.8,53852.0
2026-07-24 13:00:00,221782.5,26611.2,48389.2
2026-07-24 14:00:00,224846.2,28567.0,46048.5
2026-07-24 15:00:00,228052.5,29885.2,38254.0
2026-07-24 16:00:00,226087.5,30253.5,24434.8
2026-07-24 17:00:00,222960.8,30453.0,12586.2
2026-07-24 18:00:00,221898.8,28770.0,4764.0
2026-07-24 19:00:00,231415.5,29982.0,1182.0
2026-07-24 20:00:00,233331.8,29566.5,0.0
2026-07-24 21:00:00,233384.2,28185.2,0.0
2026-07-24 22:00:00,232594.0,26048.8,0.0
2026-07-24 23:00:00,227419.0,25014.8,0.0
2026-07-25 00:00:00,219334.0,23271.8,0.0
2026-07-25 01:00:00,213862.0,21816.5,0.0
2026-07-25 02:00:00,208498.2,20539.8,0.0
2026-07-25 03:00:00,205417.8,19469.8,0.0
2026-07-25 04:00:00,204943.0,18886.5,0.0
2026-07-25 05:00:00,209941.2,18889.5,789.2
2026-07-25 06:00:00,216341.5,18952.8,2959.8
2026-07-25 07:00:00,219016.0,18110.8,12329.0
2026-07-25 08:00:00,220569.2,19112.5,26954.8
2026-07-25 09:00:00,230383.5,20990.8,39641.0
2026-07-25 10:00:00,233248.8,20767.2,48223.8
2026-07-25 11:00:00,233012.2,20387.2,52173.5
2026-07-25 12:00:00,232546.5,20080.5,55008.8
2026-07-25 13:00:00,229805.8,20798.5,52286.2
2026-07-25 14:00:00,232432.2,22479.8,46424.2
2026-07-25 15:00:00,236299.2,24283.0,41581.2
2026-07-25 16:00:00,232977.5,24832.2,31190.8
2026-07-25 17:00:00,226198.5,24989.8,16742.2
2026-07-25 18:00:00,223336.2,23672.2,6293.2
2026-07-25 19:00:00,228328.5,22045.8,827.8
2026-07-25 20:00:00,230522.5,22064.2,0.0
2026-07-25 21:00:00,231009.2,21702.5,0.0
2026-07-25 22:00:00,230711.8,21306.0,0.0
2026-07-25 23:00:00,228031.8,21013.5,0.0
2026-07-26 00:00:00,224668.2,21032.2,0.0
2026-07-26 01:00:00,218494.2,19806.2,0.0
2026-07-26 02:00:00,213521.8,18009.8,0.0
2026-07-26 03:00:00,211201.5,15826.2,0.0
2026-07-26 04:00:00,210066.5,16101.5,0.0
2026-07-26 05:00:00,212392.5,15609.8,89.2
2026-07-26 06:00:00,215280.5,14615.8,2068.8
2026-07-26 07:00:00,215988.8,14104.8,12716.5
2026-07-26 08:00:00,219015.5,15939.8,28755.8
2026-07-26 09:00:00,226955.2,18674.0,42668.0
2026-07-26 10:00:00,229078.8,21403.5,52929.2
2026-07-26 11:00:00,227626.0,23355.2,57536.8
2026-07-26 12:00:00,227647.5,24592.0,58910.0
2026-07-26 13:00:00,224221.2,24104.5,55015.8
2026-07-26 14:00:00,226978.8,26447.5,52590.0
2026-07-26 15:00:00,229174.2,27030.8,47660.8
2026-07-26 16:00:00,225697.5,27327.8,37885.0
2026-07-26 17:00:00,219522.0,26899.5,22504.5
2026-07-26 18:00:00,217731.5,25548.8,8983.0
2026-07-26 19:00:00,226914.8,25624.0,1101.2
2026-07-26 20:00:00,231673.2,25929.0,0.0
2026-07-26 21:00:00,233109.2,24493.2,0.0
2026-07-26 22:00:00,233730.8,23063.8,0.0
2026-07-26 23:00:00,231179.8,23626.2,0.0
2026-07-27 00:00:00,225006.8,22887.8,0.0
2026-07-27 01:00:00,220021.0,22827.8,0.0
2026-07-27 02:00:00,215261.5,21773.5,0.0
2026-07-27 03:00:00,213051.2,21192.0,0.0
2026-07-27 04:00:00,212132.0,21001.5,0.0
2026-07-27 05:00:00,216586.5,20316.8,0.0
2026-07-27 06:00:00,223333.0,20081.2,2154.2
2026-07-27 07:00:00,228458.8,20801.2,13762.5
2026-07-27 08:00:00,231405.2,22409.5,30711.0
2026-07-27 09:00:00,242391.8,23446.5,49643.8
2026-07-27 10:00:00,246287.2,24153.2,59892.2
2026-07-27 11:00:00,245280.2,24658.5,62785.8
2026-07-27 12:00:00,243907.2,24365.0,61830.5
2026-07-27 13:00:00,240450.8,24247.8,61524.8
2026-07-27 14:00:00,244712.0,24079.5,60174.5
2026-07-27 15:00:00,246385.8,24565.0,51411.2
2026-07-27 16:00:00,241848.8,24973.8,35869.2
2026-07-27 17:00:00,236718.5,26791.8,24656.5
2026-07-27 18:00:00,232685.2,27015.0,10347.2
2026-07-27 19:00:00,239373.0,25851.8,1366.2
2026-07-27 20:00:00,241010.5,24496.5,0.0
2026-07-27 21:00:00,240788.2,24118.5,0.0
2026-07-27 22:00:00,240454.5,24492.2,0.0
2026-07-27 23:00:00,236795.5,22948.0,0.0
2026-07-28 00:00:00,231420.0,21472.2,0.0
2026-07-28 01:00:00,224768.8,21922.5,0.0
2026-07-28 02:00:00,219313.8,22864.2,0.0
2026-07-28 03:00:00,216992.0,23145.5,0.0
2026-07-28 04:00:00,215406.8,22504.5,0.0
2026-07-28 05:00:00,219287.8,22062.0,111.8
2026-07-28 06:00:00,225835.2,20821.2,2272.0
2026-07-28 07:00:00,229878.8,20311.8,15138.5
2026-07-28 08:00:00,231559.2,23313.2,36226.2
2026-07-28 09:00:00,239113.2,26177.2,51783.0
2026-07-28 10:00:00,241795.0,27392.8,61203.8
2026-07-28 11:00:00,241199.2,27451.0,64710.5
2026-07-28 12:00:00,236731.2,27518.8,64022.5
2026-07-28 13:00:00,229756.0,26863.0,60337.8
2026-07-28 14:00:00,230953.0,27888.5,55978.5
2026-07-28 15:00:00,233914.0,29373.8,51050.5
2026-07-28 16:00:00,233518.5,29538.8,38180.8
2026-07-28 17:00:00,228880.2,29367.5,21129.2
2026-07-28 18:00:00,227992.0,29222.2,8341.0
2026-07-28 19:00:00,235767.8,26941.8,1264.0
2026-07-28 20:00:00,237721.2,25693.2,0.0
2026-07-28 21:00:00,238117.5,25673.0,0.0
2026-07-28 22:00:00,237298.8,24912.0,0.0
2026-07-28 23:00:00,232000.5,24183.8,0.0
2026-07-29 00:00:00,223223.5,23225.2,0.0
2026-07-29 01:00:00,216774.5,22634.2,0.0
2026-07-29 02:00:00,211952.5,22609.0,0.0
2026-07-29 03:00:00,210133.0,23507.8,0.0
2026-07-29 04:00:00,209785.2,24519.5,0.0
2026-07-29 05:00:00,214269.2,24027.8,121.5
2026-07-29 06:00:00,220939.0,23554.5,1957.5
2026-07-29 07:00:00,224713.0,22801.2,10954.8
2026-07-29 08:00:00,227257.0,23738.0,25784.0
2026-07-29 09:00:00,236417.2,25085.0,42957.8
2026-07-29 10:00:00,238721.5,26510.0,52988.8
2026-07-29 11:00:00,236949.2,27329.8,59371.0
2026-07-29 12:00:00,234709.2,27257.2,60060.5
2026-07-29 13:00:00,229841.2,27097.8,56419.5
2026-07-29 14:00:00,233381.5,27805.8,53727.2
2026-07-29 15:00:00,236536.5,27897.2,49207.5
2026-07-29 16:00:00,235106.0,29060.0,38152.2
2026-07-29 17:00:00,231600.2,28927.2,23251.5
2026-07-29 18:00:00,231197.0,28846.8,10990.0
2026-07-29 19:00:00,238297.5,27374.0,2068.5
2026-07-29 20:00:00,238256.2,26530.0,0.0
2026-07-29 21:00:00,237776.8,25766.2,0.0
2026-07-29 22:00:00,238017.2,24653.5,0.0
2026-07-29 23:00:00,235164.0,23916.2,0.0
2026-07-30 00:00:00,229390.8,23574.0,0.0
2026-07-30 01:00:00,222458.5,23336.2,0.0
2026-07-30 02:00:00,218240.5,22697.8,0.0
2026-07-30 03:00:00,216027.0,22602.0,0.0
2026-07-30 04:00:00,215012.5,22813.5,0.0
2026-07-30 05:00:00,218223.8,22343.0,122.2
2026-07-30 06:00:00,223841.5,22029.5,2817.2
2026-07-30 07:00:00,228025.8,21872.8,11981.2
2026-07-30 08:00:00,230693.5,22557.5,26646.5
2026-07-30 09:00:00,239232.8,23384.2,41526.8
2026-07-30 10:00:00,240699.5,23788.5,52379.0
2026-07-30 11:00:00,237843.0,23843.0,57546.8
2026-07-30 12:00:00,235056.8,23807.8,60407.8
2026-07-30 13:00:00,229871.2,24333.8,57779.2
2026-07-30 14:00:00,234606.2,24798.8,52941.0
2026-07-30 15:00:00,237620.2,25273.8,44645.8
2026-07-30 16:00:00,235894.2,25411.8,31353.8
2026-07-30 17:00:00,231822.0,25094.5,20374.2
2026-07-30 18:00:00,230004.8,24983.0,8292.0
2026-07-30 19:00:00,236744.5,25079.0,1315.8
2026-07-30 20:00:00,236844.8,25524.8,0.0
2026-07-30 21:00:00,237045.2,25588.2,0.0
2026-07-30 22:00:00,236231.0,24820.5,0.0
2026-07-30 23:00:00,232481.0,24579.5,0.0
2026-07-31 00:00:00,226802.8,24643.0,0.0
2026-07-31 01:00:00,220824.8,24423.5,0.0
2026-07-31 02:00:00,215151.8,24877.8,0.0
2026-07-31 03:00:00,212004.5,24557.0,0.0
2026-07-31 04:00:00,211182.5,23330.5,0.0
2026-07-31 05:00:00,214859.5,22685.5,376.8
2026-07-31 06:00:00,221001.2,22145.2,2834.5
2026-07-31 07:00:00,226068.8,22129.8,13377.5
2026-07-31 08:00:00,228133.2,23070.0,30494.2
2026-07-31 09:00:00,236843.2,24295.8,45343.2
2026-07-31 10:00:00,238568.8,24407.2,54881.2
2026-07-31 11:00:00,237828.5,24227.8,58094.2
2026-07-31 12:00:00,237171.0,24125.2,62940.0
2026-07-31 13:00:00,233037.8,25103.5,61229.0
2026-07-31 14:00:00,235391.8,26619.5,57016.2
2026-07-31 15:00:00,237414.5,28302.2,50826.0
2026-07-31 16:00:00,236387.5,29001.0,38703.5
2026-07-31 17:00:00,232495.2,28741.0,24702.5
2026-07-31 18:00:00,230310.0,27586.5,8253.0
2026-07-31 19:00:00,237986.5,25885.2,1399.8
2026-07-31 20:00:00,237225.0,24637.5,0.0
2026-07-31 21:00:00,236255.5,22595.5,0.0
2026-07-31 22:00:00,235879.0,22304.2,0.0
2026-07-31 23:00:00,231813.0,22233.5,0.0
2026-08-01 00:00:00,227298.8,22601.0,0.0
2026-08-01 01:00:00,221219.0,21596.2,0.0
2026-08-01 02:00:00,216821.2,21853.2,0.0
2026-08-01 03:00:00,214644.2,23668.0,0.0
2026-08-01 04:00:00,213109.5,23258.0,0.0
2026-08-01 05:00:00,216036.8,23234.0,237.0
2026-08-01 06:00:00,221894.0,22989.8,3389.0
2026-08-01 07:00:00,225568.2,23510.2,13756.5
2026-08-01 08:00:00,226949.0,24795.8,30133.8
2026-08-01 09:00:00,234786.2,27042.5,45715.0
2026-08-01 10:00:00,237768.8,28004.0,54357.5
2026-08-01 11:00:00,237420.2,28864.8,58583.5
2026-08-01 12:00:00,236704.0,29520.5,58657.8
2026-08-01 13:00:00,233351.8,23589.5,55604.0
2026-08-01 14:00:00,235545.5,29972.5,52986.5
2026-08-01 15:00:00,237713.2,30370.2,45357.8
2026-08-01 16:00:00,235649.8,31023.0,33547.8
2026-08-01 17:00:00,230752.0,30899.0,19124.8
2026-08-01 18:00:00,229048.5,28768.5,6909.5
2026-08-01 19:00:00,236038.5,28475.5,1357.0
2026-08-01 20:00:00,236648.2,27754.0,0.0
2026-08-01 21:00:00,236064.0,26333.8,0.0
2026-08-01 22:00:00,235712.0,26211.0,0.0
2026-08-01 23:00:00,232836.5,25230.8,0.0
2026-08-02 00:00:00,228726.8,25339.2,0.0
2026-08-02 01:00:00,222012.5,23386.5,0.0
2026-08-02 02:00:00,217971.8,21839.5,0.0
2026-08-02 03:00:00,215583.0,22793.8,0.0
2026-08-02 04:00:00,215074.5,22911.2,0.0
2026-08-02 05:00:00,218161.2,22589.0,168.5
2026-08-02 06:00:00,219784.5,22745.8,2883.2
2026-08-02 07:00:00,219924.8,21714.2,12592.8
2026-08-02 08:00:00,220759.5,21717.8,28282.0
2026-08-02 09:00:00,225756.0,23026.2,39283.2
2026-08-02 10:00:00,227667.0,24495.5,47936.8
2026-08-02 11:00:00,228634.0,24101.2,53978.2
2026-08-02 12:00:00,228176.2,23911.8,54752.8
2026-08-02 13:00:00,225964.8,24404.0,52090.2
2026-08-02 14:00:00,227462.5,24408.2,45053.2
2026-08-02 15:00:00,227153.0,25743.0,37628.5
2026-08-02 16:00:00,223348.5,25473.5,27460.8
2026-08-02 17:00:00,218653.0,25533.8,15687.0
2026-08-02 18:00:00,216914.5,25034.2,5645.5
2026-08-02 19:00:00,226922.2,23648.2,1081.2
2026-08-02 20:00:00,234767.8,23259.2,0.0
2026-08-02 21:00:00,236128.5,22377.0,0.0
2026-08-02 22:00:00,234921.0,21514.2,0.0
2026-08-02 23:00:00,231955.0,21353.0,0.0
2026-08-03 00:00:00,226462.0,20917.5,0.0
2026-08-03 01:00:00,219586.5,21059.0,0.0
2026-08-03 02:00:00,215122.0,21814.8,0.0
2026-08-03 03:00:00,212492.5,21432.2,0.0
2026-08-03 04:00:00,211624.5,20360.5,0.0
2026-08-03 05:00:00,216648.8,19863.8,206.0
2026-08-03 06:00:00,223544.2,18943.2,2343.8
2026-08-03 07:00:00,228891.2,17607.2,11087.0
2026-08-03 08:00:00,232656.0,18636.5,24782.0
2026-08-03 09:00:00,242019.8,21192.0,42027.2
2026-08-03 10:00:00,244735.0,23099.0,54821.0
2026-08-03 11:00:00,242905.5,22753.2,62469.5
2026-08-03 12:00:00,241315.8,22815.8,64639.2
2026-08-03 13:00:00,237734.5,22871.5,62127.5
2026-08-03 14:00:00,240189.0,23314.2,57331.5
2026-08-03 15:00:00,241877.8,24817.0,50076.5
2026-08-03 16:00:00,237654.8,26977.5,35967.8
2026-08-03 17:00:00,233478.0,27492.2,22317.5
2026-08-03 18:00:00,232138.2,26800.0,8489.2
2026-08-03 19:00:00,238054.8,26379.5,1289.2
2026-08-03 20:00:00,239103.8,25157.2,0.0
2026-08-03 21:00:00,239134.2,23621.0,0.0
2026-08-03 22:00:00,238417.8,21637.0,0.0
2026-08-03 23:00:00,233185.5,19895.5,0.0
2026-08-04 00:00:00,227617.2,19756.8,0.0
2026-08-04 01:00:00,220385.2,19730.0,0.0
2026-08-04 02:00:00,215367.0,18580.5,0.0
2026-08-04 03:00:00,212344.8,17920.2,0.0
2026-08-04 04:00:00,210055.8,16784.5,0.0
2026-08-04 05:00:00,212767.0,16370.5,115.5
2026-08-04 06:00:00,219158.0,16869.5,2066.8
2026-08-04 07:00:00,222394.2,16704.2,11383.0
2026-08-04 08:00:00,223379.8,16857.8,28403.8
2026-08-04 09:00:00,231382.8,18163.2,43315.0
2026-08-04 10:00:00,233879.5,19528.0,53173.2
2026-08-04 11:00:00,233642.0,19987.2,58456.5
2026-08-04 12:00:00,231602.0,19226.0,59806.0
2026-08-04 13:00:00,225973.8,18647.0,56823.2
2026-08-04 14:00:00,229507.0,19014.2,53270.5
2026-08-04 15:00:00,230765.8,18351.2,47751.8
2026-08-04 16:00:00,229027.5,19628.8,38075.8
2026-08-04 17:00:00,226390.8,20255.0,23833.0
2026-08-04 18:00:00,226723.2,20329.8,10160.0
2026-08-04 19:00:00,235575.5,20741.5,1992.2
2026-08-04 20:00:00,236007.2,21180.5,0.0
2026-08-04 21:00:00,234715.2,20666.8,0.0
2026-08-04 22:00:00,233733.2,20823.2,0.0
2026-08-04 23:00:00,228419.8,20978.2,0.0
2026-08-05 00:00:00,220964.0,20357.5,0.0
2026-08-05 01:00:00,214333.8,19749.2,0.0
2026-08-05 02:00:00,209027.8,19717.0,0.0
2026-08-05 03:00:00,205976.5,19930.5,0.0
2026-08-05 04:00:00,205139.0,19470.0,0.0
2026-08-05 05:00:00,209776.0,18598.5,1914.5
2026-08-05 06:00:00,218027.5,17721.8,3792.5
2026-08-05 07:00:00,222076.5,17488.5,14667.5
2026-08-05 08:00:00,223481.8,18636.2,33690.2
2026-08-05 09:00:00,230775.2,20263.2,51663.8
2026-08-05 10:00:00,232424.0,20235.0,59973.2
2026-08-05 11:00:00,231346.5,20548.2,62984.8
2026-08-05 12:00:00,229869.8,21341.0,62401.8
2026-08-05 13:00:00,224335.5,21977.0,57422.5
2026-08-05 14:00:00,226711.2,23220.2,58084.2
2026-08-05 15:00:00,229553.8,24995.8,55245.8
2026-08-05 16:00:00,229009.5,27597.5,43198.0
2026-08-05 17:00:00,226595.0,27229.0,26270.2
2026-08-05 18:00:00,227377.2,25911.8,10382.8
2026-08-05 19:00:00,236017.5,25318.5,1775.5
2026-08-05 20:00:00,239108.8,24466.5,0.0
2026-08-05 21:00:00,236756.0,23221.8,0.0
2026-08-05 22:00:00,236495.5,21728.8,0.0
2026-08-05 23:00:00,230773.0,20836.5,0.0
2026-08-06 00:00:00,221507.5,20696.8,0.0
2026-08-06 01:00:00,214327.5,20694.8,0.0
2026-08-06 02:00:00,208498.5,20783.0,0.0
2026-08-06 03:00:00,204648.8,20844.5,0.0
2026-08-06 04:00:00,202250.5,20276.0,0.0
2026-08-06 05:00:00,206726.0,19663.2,759.0
2026-08-06 06:00:00,215309.0,19467.8,2676.5
2026-08-06 07:00:00,219545.5,20000.0,13477.5
2026-08-06 08:00:00,219983.2,22403.0,32338.5
2026-08-06 09:00:00,225741.2,24213.8,48253.8
2026-08-06 10:00:00,228176.5,25122.0,57083.5
2026-08-06 11:00:00,227760.0,24733.8,60315.5
2026-08-06 12:00:00,226246.2,24227.5,58474.8
2026-08-06 13:00:00,221615.0,23984.8,54897.8
2026-08-06 14:00:00,224585.8,25655.0,54941.5
2026-08-06 15:00:00,226988.8,27424.8,52208.2
2026-08-06 16:00:00,225761.0,28778.8,41310.2
2026-08-06 17:00:00,223408.2,30362.0,24639.0
2026-08-06 18:00:00,222950.5,29900.0,9156.2
2026-08-06 19:00:00,232707.0,29177.8,1218.5
2026-08-06 20:00:00,233358.0,28617.0,0.0
2026-08-06 21:00:00,232309.2,26547.8,0.0
2026-08-06 22:00:00,230141.8,24955.0,0.0
2026-08-06 23:00:00,224202.2,24618.5,0.0
2026-08-07 00:00:00,216203.8,25073.0,0.0
2026-08-07 01:00:00,209201.2,24970.2,0.0
2026-08-07 02:00:00,203779.2,24170.8,0.0
2026-08-07 03:00:00,201015.5,23810.0,0.0
2026-08-07 04:00:00,200189.2,24146.2,0.0
2026-08-07 05:00:00,205223.2,23711.5,253.2
2026-08-07 06:00:00,214667.8,22868.5,2203.2
2026-08-07 07:00:00,218929.0,21110.8,12272.2
2026-08-07 08:00:00,219939.2,22469.0,29463.5
2026-08-07 09:00:00,227557.5,25527.0,46206.2
2026-08-07 10:00:00,230294.2,26609.0,55892.5
2026-08-07 11:00:00,229128.5,25904.2,57813.2
2026-08-07 12:00:00,226615.5,24749.8,59453.2
2026-08-07 13:00:00,221292.5,24131.8,57096.5
2026-08-07 14:00:00,222757.2,24773.5,56365.5
2026-08-07 15:00:00,225279.2,26342.0,52252.5
2026-08-07 16:00:00,223080.0,26864.0,41061.2
2026-08-07 17:00:00,221538.8,27419.0,26331.5
2026-08-07 18:00:00,222440.0,26276.8,10653.8
2026-08-07 19:00:00,230913.5,25496.2,1594.5
2026-08-07 20:00:00,230278.2,24840.5,0.0
2026-08-07 21:00:00,227934.0,24643.0,0.0
2026-08-07 22:00:00,226695.8,23202.2,0.0
2026-08-07 23:00:00,221923.2,22767.2,0.0
2026-08-08 00:00:00,214550.0,23555.2,0.0
2026-08-08 01:00:00,208029.2,22992.2,0.0
2026-08-08 02:00:00,202848.0,22202.0,0.0
2026-08-08 03:00:00,199927.5,22092.8,0.0
2026-08-08 04:00:00,198954.5,21224.2,0.0
2026-08-08 05:00:00,203567.8,19859.0,91.5
2026-08-08 06:00:00,210330.2,18785.8,2248.0
2026-08-08 07:00:00,213229.0,17981.0,13462.0
2026-08-08 08:00:00,215623.0,18659.0,30796.2
2026-08-08 09:00:00,223273.8,21064.8,47936.8
2026-08-08 10:00:00,224058.2,21618.5,54858.5
2026-08-08 11:00:00,222268.2,21542.5,56476.0
2026-08-08 12:00:00,220888.8,20921.8,56215.8
2026-08-08 13:00:00,217535.2,19930.0,53362.0
2026-08-08 14:00:00,221181.0,21304.5,51819.0
2026-08-08 15:00:00,224480.2,23504.0,47557.2
2026-08-08 16:00:00,223556.5,25099.2,38423.5
2026-08-08 17:00:00,220359.5,24425.5,22073.8
2026-08-08 18:00:00,222042.2,25414.5,10668.5
2026-08-08 19:00:00,232754.0,23673.2,3002.8
2026-08-08 20:00:00,233601.0,22992.5,0.0
2026-08-08 21:00:00,231253.5,21752.8,0.0
2026-08-08 22:00:00,230166.0,21030.5,0.0
2026-08-08 23:00:00,225622.2,21122.0,0.0
2026-08-09 00:00:00,218556.0,21391.0,0.0
2026-08-09 01:00:00,211946.2,21502.2,0.0
2026-08-09 02:00:00,206863.8,21911.2,0.0
2026-08-09 03:00:00,203188.0,20850.8,0.0
2026-08-09 04:00:00,202191.5,19964.0,0.0
2026-08-09 05:00:00,205268.8,19070.5,4132.5
2026-08-09 06:00:00,207068.0,17707.0,6326.5
2026-08-09 07:00:00,207881.8,15704.5,16529.8
2026-08-09 08:00:00,210034.8,16167.8,34083.8
2026-08-09 09:00:00,217799.5,17742.0,47748.5
2026-08-09 10:00:00,218137.2,17776.8,52005.2
2026-08-09 11:00:00,217768.8,17550.0,54631.0
2026-08-09 12:00:00,217978.8,17493.8,57225.8
2026-08-09 13:00:00,214770.8,18228.2,53971.2
2026-08-09 14:00:00,215955.5,19521.8,52994.5
2026-08-09 15:00:00,217415.8,21786.8,51313.2
2026-08-09 16:00:00,212954.0,23422.2,42711.8
2026-08-09 17:00:00,209365.0,23690.8,28153.8
2026-08-09 18:00:00,211482.0,23577.0,13833.0
2026-08-09 19:00:00,224965.5,21883.8,3676.8
2026-08-09 20:00:00,229522.8,20197.2,0.0
2026-08-09 21:00:00,229922.5,19963.2,0.0
2026-08-09 22:00:00,230281.8,20180.0,0.0
2026-08-09 23:00:00,226011.8,19149.2,0.0
2026-08-10 00:00:00,219031.8,17835.5,0.0
2026-08-10 01:00:00,212341.8,17523.8,0.0
2026-08-10 02:00:00,207591.2,18067.0,0.0
2026-08-10 03:00:00,204979.8,18108.0,0.0
2026-08-10 04:00:00,204633.8,17430.0,0.0
2026-08-10 05:00:00,209455.5,16551.5,4250.8
2026-08-10 06:00:00,217436.2,16097.2,6693.5
2026-08-10 07:00:00,221788.2,14840.8,17762.2
2026-08-10 08:00:00,224948.2,15554.2,38159.2
2026-08-10 09:00:00,235118.0,17980.8,54337.2
2026-08-10 10:00:00,240229.2,20071.5,64374.5
2026-08-10 11:00:00,241121.8,20764.5,67618.2
2026-08-10 12:00:00,240486.2,21795.5,68317.8
2026-08-10 13:00:00,236237.5,22569.2,63257.0
2026-08-10 14:00:00,238913.2,24823.0,58921.0
2026-08-10 15:00:00,241059.0,26663.0,50176.8
2026-08-10 16:00:00,236270.8,26741.0,36075.2
2026-08-10 17:00:00,230624.5,26565.5,20769.0
2026-08-10 18:00:00,229757.8,25742.2,7431.0
2026-08-10 19:00:00,238811.2,24581.2,1184.5
2026-08-10 20:00:00,238567.0,22687.0,0.0
2026-08-10 21:00:00,237044.5,21184.0,0.0
2026-08-10 22:00:00,235351.2,20099.8,0.0
2026-08-10 23:00:00,230508.5,19060.0,0.0
2026-08-11 00:00:00,222273.0,18182.5,0.0
2026-08-11 01:00:00,215699.8,18248.2,0.0
2026-08-11 02:00:00,210692.2,18118.0,0.0
2026-08-11 03:00:00,207966.2,17142.5,0.0
2026-08-11 04:00:00,207181.8,15802.0,0.0
2026-08-11 05:00:00,212663.8,14363.8,255.8
2026-08-11 06:00:00,221726.2,13222.0,2525.8
2026-08-11 07:00:00,226341.5,12865.8,12732.5
2026-08-11 08:00:00,227846.0,13571.0,29785.5
2026-08-11 09:00:00,237638.2,15804.5,47834.5
2026-08-11 10:00:00,241440.8,18154.0,59086.8
2026-08-11 11:00:00,241044.0,19936.5,63134.0
2026-08-11 12:00:00,240797.2,20695.5,65653.2
2026-08-11 13:00:00,237814.5,22038.8,65641.8
2026-08-11 14:00:00,240979.0,23841.0,61740.0
2026-08-11 15:00:00,244413.8,24481.0,52856.2
2026-08-11 16:00:00,241269.5,24547.5,40729.2
2026-08-11 17:00:00,234734.5,24239.5,23738.5
2026-08-11 18:00:00,231724.0,23662.5,9360.2
2026-08-11 19:00:00,237151.0,21774.5,1581.8
2026-08-11 20:00:00,235565.0,20612.5,0.0
2026-08-11 21:00:00,234575.8,20616.8,0.0
2026-08-11 22:00:00,234270.0,19948.2,0.0
2026-08-11 23:00:00,230016.2,18777.0,0.0
2026-08-12 00:00:00,223116.5,18457.0,0.0
2026-08-12 01:00:00,216312.5,17249.2,0.0
2026-08-12 02:00:00,211521.8,16604.2,0.0
2026-08-12 03:00:00,208675.8,16483.8,0.0
2026-08-12 04:00:00,207970.0,16300.2,0.0
2026-08-12 05:00:00,213580.0,15944.0,107.0
2026-08-12 06:00:00,220373.2,15071.5,2473.2
2026-08-12 07:00:00,225554.0,14096.5,12350.8
2026-08-12 08:00:00,228790.8,15083.2,27647.0
2026-08-12 09:00:00,239781.0,17416.0,44936.8
2026-08-12 10:00:00,242719.2,18862.2,56262.5
2026-08-12 11:00:00,240538.5,19118.2,57142.8
2026-08-12 12:00:00,242082.5,20103.2,59899.0
2026-08-12 13:00:00,239446.8,20974.5,58072.2
2026-08-12 14:00:00,244876.2,21963.2,55396.5
2026-08-12 15:00:00,246317.5,22203.0,48054.5
2026-08-12 16:00:00,241633.2,21571.5,34681.2
2026-08-12 17:00:00,236795.2,21575.2,20646.5
2026-08-12 18:00:00,234689.8,21216.5,8231.8
2026-08-12 19:00:00,240228.2,21853.5,1452.0
2026-08-12 20:00:00,239219.2,21361.0,0.0
2026-08-12 21:00:00,238568.8,20834.2,0.0
2026-08-12 22:00:00,237164.2,20109.8,0.0
2026-08-12 23:00:00,232276.0,20043.5,0.0
2026-08-13 00:00:00,227919.0,19301.0,0.0
2026-08-13 01:00:00,223222.2,18534.5,0.0
2026-08-13 02:00:00,218424.8,18919.2,0.0
2026-08-13 03:00:00,216598.5,18583.8,0.0
2026-08-13 04:00:00,215980.5,17484.8,0.0
2026-08-13 05:00:00,219262.0,16730.5,361.5
2026-08-13 06:00:00,226859.0,15630.2,2752.5
2026-08-13 07:00:00,232305.5,14649.5,11923.2
2026-08-13 08:00:00,234484.0,16908.8,26947.2
2026-08-13 09:00:00,243769.0,20077.5,42309.8
2026-08-13 10:00:00,246507.0,21418.2,54698.8
2026-08-13 11:00:00,246052.5,22681.0,58169.5
2026-08-13 12:00:00,244706.8,23866.2,58890.2
2026-08-13 13:00:00,235141.0,23108.5,57511.8
2026-08-13 14:00:00,241652.0,24108.8,55933.0
2026-08-13 15:00:00,246401.2,25908.8,49462.5
2026-08-13 16:00:00,242679.5,26641.0,37706.5
2026-08-13 17:00:00,237235.2,26175.2,23776.8
2026-08-13 18:00:00,235540.2,25143.2,9846.5
2026-08-13 19:00:00,241804.8,24346.0,1381.0
2026-08-13 20:00:00,240223.5,23813.2,0.0
2026-08-13 21:00:00,239038.0,22289.0,0.0
2026-08-13 22:00:00,239350.2,20938.2,0.0
2026-08-13 23:00:00,236075.0,20282.8,0.0
2026-08-14 00:00:00,230977.0,20177.2,0.0
2026-08-14 01:00:00,225619.8,20332.8,0.0
2026-08-14 02:00:00,220580.5,20403.0,0.0
2026-08-14 03:00:00,218271.5,20427.0,0.0
2026-08-14 04:00:00,217683.5,19591.8,0.0
2026-08-14 05:00:00,221691.5,17932.2,278.8
2026-08-14 06:00:00,228576.0,16691.5,3064.2
2026-08-14 07:00:00,233229.8,16122.5,15273.0
2026-08-14 08:00:00,234186.5,17925.0,34717.5
2026-08-14 09:00:00,242959.2,20633.5,53170.2
2026-08-14 10:00:00,245700.5,22257.5,63198.8
2026-08-14 11:00:00,246386.8,23749.0,67922.8
2026-08-14 12:00:00,245010.5,25904.8,67593.5
2026-08-14 13:00:00,239425.5,26253.0,64724.2
2026-08-14 14:00:00,240647.8,27413.5,62477.0
2026-08-14 15:00:00,243506.5,28863.0,53769.5
2026-08-14 16:00:00,240402.5,29566.0,41356.5
2026-08-14 17:00:00,232660.8,29664.8,24724.8
2026-08-14 18:00:00,231630.8,29016.5,9444.0
2026-08-14 19:00:00,240125.0,27855.8,1198.0
2026-08-14 20:00:00,239592.0,26078.2,0.0
2026-08-14 21:00:00,238008.8,24240.8,0.0
2026-08-14 22:00:00,237184.5,23126.2,0.0
2026-08-14 23:00:00,232770.0,22555.8,0.0
2026-08-15 00:00:00,225728.8,21577.5,297.5
2026-08-15 01:00:00,219413.0,20941.2,297.5
2026-08-15 02:00:00,213903.0,19843.5,293.0
2026-08-15 03:00:00,210750.0,18618.2,302.8
2026-08-15 04:00:00,210197.8,17732.0,299.0
2026-08-15 05:00:00,216672.5,16957.8,325.2
2026-08-15 06:00:00,221969.5,16837.0,2325.8
2026-08-15 07:00:00,219331.8,16120.0,15043.2
2026-08-15 08:00:00,215630.8,17467.5,35088.0
2026-08-15 09:00:00,218510.0,20010.0,48907.0
2026-08-15 10:00:00,218172.8,20323.2,51405.8
2026-08-15 11:00:00,219232.8,20854.8,51438.5
2026-08-15 12:00:00,219909.5,21489.2,53512.5
2026-08-15 13:00:00,217401.2,22427.5,51267.0
2026-08-15 14:00:00,218029.2,23335.0,49828.5
2026-08-15 15:00:00,220185.5,24982.5,47925.0
2026-08-15 16:00:00,217124.0,27095.2,39231.8
2026-08-15 17:00:00,210236.5,27435.0,23941.8
2026-08-15 18:00:00,209421.0,25375.0,8562.5
2026-08-15 19:00:00,220381.2,24471.2,2088.2
2026-08-15 20:00:00,223040.2,22616.2,769.5
2026-08-15 21:00:00,223582.5,21841.2,478.5
2026-08-15 22:00:00,223985.2,21197.0,492.2
2026-08-15 23:00:00,219911.0,20589.8,462.5
2026-08-16 00:00:00,213485.2,20201.5,0.0
2026-08-16 01:00:00,207066.5,19239.5,0.0
2026-08-16 02:00:00,202070.8,18277.5,0.0
2026-08-16 03:00:00,198872.5,18458.5,0.0
2026-08-16 04:00:00,197666.2,17656.2,0.0
2026-08-16 05:00:00,201947.8,16672.5,625.8
2026-08-16 06:00:00,206024.2,16388.8,2696.5
2026-08-16 07:00:00,209435.2,16289.5,14660.8
2026-08-16 08:00:00,212947.8,18545.2,34003.0
2026-08-16 09:00:00,222743.0,21075.0,50192.2
2026-08-16 10:00:00,225560.8,21761.0,58042.5
2026-08-16 11:00:00,224972.0,21998.8,58084.0
2026-08-16 12:00:00,224933.8,22544.0,59140.8
2026-08-16 13:00:00,222309.0,23156.0,56680.2
2026-08-16 14:00:00,223067.5,23906.5,54590.2
2026-08-16 15:00:00,224998.2,26254.5,51760.5
2026-08-16 16:00:00,222893.0,27138.2,41302.8
2026-08-16 17:00:00,216609.0,26837.2,24004.5
2026-08-16 18:00:00,215683.0,25314.2,8762.8
2026-08-16 19:00:00,227010.2,24525.0,1301.0
2026-08-16 20:00:00,229765.8,24082.2,0.0
2026-08-16 21:00:00,230196.8,23590.8,0.0
2026-08-16 22:00:00,230197.8,23551.2,0.0
2026-08-16 23:00:00,224805.5,23636.5,0.0
2026-08-17 00:00:00,217616.2,23358.5,0.0
2026-08-17 01:00:00,211374.8,23438.8,0.0
2026-08-17 02:00:00,205686.5,22212.8,0.0
2026-08-17 03:00:00,202550.2,20618.5,0.0
2026-08-17 04:00:00,202776.5,18787.5,0.0
2026-08-17 05:00:00,209211.2,18014.2,601.0
2026-08-17 06:00:00,217242.8,17595.5,2405.2
2026-08-17 07:00:00,222226.8,17219.8,12886.5
2026-08-17 08:00:00,226987.8,20738.2,33209.8
2026-08-17 09:00:00,237998.2,24319.8,47724.5
2026-08-17 10:00:00,242539.5,26103.0,60046.0
2026-08-17 11:00:00,240521.8,26275.2,64042.5
2026-08-17 12:00:00,238579.8,25822.0,65047.0
2026-08-17 13:00:00,235587.8,25863.8,63539.0
2026-08-17 14:00:00,239715.8,27279.0,61704.5
2026-08-17 15:00:00,242630.0,28879.5,55691.5
2026-08-17 16:00:00,239407.8,30342.0,41996.8
2026-08-17 17:00:00,232557.0,30834.8,25454.8
2026-08-17 18:00:00,230274.0,30418.5,9821.2
2026-08-17 19:00:00,238474.5,29629.8,1724.0
2026-08-17 20:00:00,237876.8,28637.2,0.0
2026-08-17 21:00:00,237025.8,26872.8,0.0
2026-08-17 22:00:00,235276.5,25402.2,0.0
2026-08-17 23:00:00,229270.0,24686.5,0.0
2026-08-18 00:00:00,221558.0,23376.8,0.0
2026-08-18 01:00:00,214797.0,22889.8,0.0
2026-08-18 02:00:00,209271.0,22430.2,0.0
2026-08-18 03:00:00,207054.0,21790.0,0.0
2026-08-18 04:00:00,206756.0,21407.0,0.0
2026-08-18 05:00:00,212572.8,20471.0,633.5
2026-08-18 06:00:00,221752.5,19689.0,3350.8
2026-08-18 07:00:00,226344.0,19263.0,15309.2
2026-08-18 08:00:00,228081.8,21685.2,34526.8
2026-08-18 09:00:00,239385.2,24541.5,52803.0
2026-08-18 10:00:00,241900.8,25945.5,62879.0
2026-08-18 11:00:00,241747.8,25649.0,67356.2
2026-08-18 12:00:00,239921.5,24609.0,66381.8
2026-08-18 13:00:00,235245.2,23844.2,63274.5
2026-08-18 14:00:00,238423.2,25863.5,63007.0
2026-08-18 15:00:00,241150.5,27941.0,58957.8
2026-08-18 16:00:00,239391.2,29075.0,45460.8
2026-08-18 17:00:00,233568.0,29514.2,25656.5
2026-08-18 18:00:00,234145.0,29387.8,8256.0
2026-08-18 19:00:00,242096.5,28234.0,620.5
2026-08-18 20:00:00,241466.8,27295.8,0.0
2026-08-18 21:00:00,239252.5,25833.8,0.0
2026-08-18 22:00:00,238059.8,24607.5,0.0
2026-08-18 23:00:00,233103.0,23398.8,0.0
2026-08-19 00:00:00,226561.0,23598.0,0.0
2026-08-19 01:00:00,218816.0,23259.8,0.0
2026-08-19 02:00:00,213177.5,22686.2,0.0
2026-08-19 03:00:00,210566.2,21474.8,0.0
2026-08-19 04:00:00,209965.5,20532.8,0.0
2026-08-19 05:00:00,215471.2,19767.2,220.5
2026-08-19 06:00:00,222898.8,19004.5,1335.0
2026-08-19 07:00:00,227825.0,17792.0,11348.0
2026-08-19 08:00:00,230635.0,18889.5,31189.0
2026-08-19 09:00:00,242086.2,20576.0,50199.0
2026-08-19 10:00:00,244676.0,21568.8,62250.8
2026-08-19 11:00:00,243641.0,22358.2,68908.8
2026-08-19 12:00:00,242227.5,22179.0,68134.8
2026-08-19 13:00:00,238298.8,23032.5,65276.8
2026-08-19 14:00:00,243153.8,24476.8,63536.2
2026-08-19 15:00:00,246252.5,25675.0,55667.8
2026-08-19 16:00:00,243008.5,27320.0,42615.5
2026-08-19 17:00:00,238150.5,27476.8,24393.5
2026-08-19 18:00:00,235808.8,27880.2,7548.5
2026-08-19 19:00:00,242446.0,26610.5,615.8
2026-08-19 20:00:00,240326.0,25440.0,0.0
2026-08-19 21:00:00,238160.2,25173.0,0.0
2026-08-19 22:00:00,237543.8,24534.8,0.0
2026-08-19 23:00:00,234084.0,23487.2,0.0
2026-08-20 00:00:00,227398.5,22450.8,0.0
2026-08-20 01:00:00,219897.8,21116.5,0.0
2026-08-20 02:00:00,215779.8,20421.8,0.0
2026-08-20 03:00:00,213583.5,18586.8,0.0
2026-08-20 04:00:00,212718.2,17348.8,0.0
2026-08-20 05:00:00,218817.8,16189.0,216.2
2026-08-20 06:00:00,225719.8,15118.5,1378.8
2026-08-20 07:00:00,232686.5,14810.5,13083.0
2026-08-20 08:00:00,235890.5,15574.0,34527.5
2026-08-20 09:00:00,246109.8,17392.2,51569.2
2026-08-20 10:00:00,247472.2,18786.2,64041.2
2026-08-20 11:00:00,245997.5,20561.2,70174.0
2026-08-20 12:00:00,245056.2,22325.5,73064.8
2026-08-20 13:00:00,241658.5,23574.2,69659.2
2026-08-20 14:00:00,246291.2,25768.2,66827.5
2026-08-20 15:00:00,252019.2,27503.5,58294.8
2026-08-20 16:00:00,249420.0,28738.2,43455.0
2026-08-20 17:00:00,242522.0,29278.2,24831.0
2026-08-20 18:00:00,238888.0,27893.0,7402.5
2026-08-20 19:00:00,244690.8,26639.5,528.8
2026-08-20 20:00:00,243120.2,26168.5,0.0
2026-08-20 21:00:00,241572.0,24949.5,0.0
2026-08-20 22:00:00,240895.2,23339.2,0.0
2026-08-20 23:00:00,238457.0,22135.0,0.0
2026-08-21 00:00:00,231539.8,20475.0,0.0
2026-08-21 01:00:00,226059.5,19496.5,0.0
2026-08-21 02:00:00,222326.2,19383.0,0.0
2026-08-21 03:00:00,220314.2,18867.2,0.0
2026-08-21 04:00:00,219817.8,18174.0,0.0
2026-08-21 05:00:00,223573.5,17487.8,323.2
2026-08-21 06:00:00,230097.0,17379.2,1545.0
2026-08-21 07:00:00,234783.2,16637.8,13388.8
2026-08-21 08:00:00,238116.0,17896.8,33804.5
2026-08-21 09:00:00,249452.2,20329.8,53340.8
2026-08-21 10:00:00,252157.2,21704.2,65761.5
2026-08-21 11:00:00,253212.2,22780.5,71570.2
2026-08-21 12:00:00,252446.8,23457.5,71864.2
2026-08-21 13:00:00,249176.5,24778.8,70734.5
2026-08-21 14:00:00,253534.0,26343.2,67403.8
2026-08-21 15:00:00,257609.2,26913.8,59300.5
2026-08-21 16:00:00,255238.5,26681.0,46563.0
2026-08-21 17:00:00,246710.0,26339.5,30288.2
2026-08-21 18:00:00,242669.5,27115.0,9176.0
2026-08-21 19:00:00,246482.0,26893.8,802.5
2026-08-21 20:00:00,244787.2,26287.2,0.0
2026-08-21 21:00:00,243085.5,25912.0,0.0
2026-08-21 22:00:00,243131.2,25206.2,0.0
2026-08-21 23:00:00,240105.0,24760.8,0.0
2026-08-22 00:00:00,235035.8,24110.5,0.0
2026-08-22 01:00:00,228693.2,24227.0,0.0
2026-08-22 02:00:00,222989.5,23459.5,0.0
2026-08-22 03:00:00,220357.0,23041.8,0.0
2026-08-22 04:00:00,218934.0,21516.0,0.0
2026-08-22 05:00:00,222872.2,20333.5,442.5
2026-08-22 06:00:00,228844.8,19511.5,1825.5
2026-08-22 07:00:00,231747.0,19316.0,13828.5
2026-08-22 08:00:00,234973.8,20940.5,34394.5
2026-08-22 09:00:00,246673.8,24193.8,53633.5
2026-08-22 10:00:00,250051.8,25800.2,66106.8
2026-08-22 11:00:00,251063.5,27412.0,71147.5
2026-08-22 12:00:00,250765.0,28035.8,71212.0
2026-08-22 13:00:00,247621.0,28529.8,68234.0
2026-08-22 14:00:00,252206.0,29331.2,65024.0
2026-08-22 15:00:00,255799.5,29542.8,55339.0
2026-08-22 16:00:00,251362.0,29268.2,42564.5
2026-08-22 17:00:00,242377.5,29437.0,23005.2
2026-08-22 18:00:00,238211.2,28200.8,6912.8
2026-08-22 19:00:00,241477.2,25260.2,745.8
2026-08-22 20:00:00,239156.5,22741.8,0.0
2026-08-22 21:00:00,236724.0,20901.2,0.0
2026-08-22 22:00:00,235928.0,18546.0,0.0
2026-08-22 23:00:00,233337.8,17528.5,0.0
2026-08-23 00:00:00,229636.8,17341.8,0.0
2026-08-23 01:00:00,225526.2,17011.5,0.0
2026-08-23 02:00:00,222098.8,16195.0,0.0
2026-08-23 03:00:00,219982.8,16052.0,0.0
2026-08-23 04:00:00,219331.0,15450.8,0.0
2026-08-23 05:00:00,221364.0,15589.8,417.8
2026-08-23 06:00:00,222961.8,15735.2,1697.5
2026-08-23 07:00:00,225261.8,15553.5,13700.5
2026-08-23 08:00:00,230219.8,17802.5,35039.0
2026-08-23 09:00:00,238319.5,21867.8,51305.5
2026-08-23 10:00:00,239064.2,24078.0,59624.5
2026-08-23 11:00:00,239986.8,24822.5,59883.8
2026-08-23 12:00:00,238483.5,24732.2,55567.8
2026-08-23 13:00:00,237457.0,25272.5,57504.5
2026-08-23 14:00:00,236561.8,26387.2,55710.8
2026-08-23 15:00:00,235531.2,26789.2,47872.0
2026-08-23 16:00:00,231203.8,27133.8,33129.8
2026-08-23 17:00:00,222255.8,25799.8,18156.5
2026-08-23 18:00:00,220748.5,23752.2,5342.2
2026-08-23 19:00:00,229856.5,21598.8,369.0
2026-08-23 20:00:00,231073.8,20578.2,0.0
2026-08-23 21:00:00,229954.5,19437.0,0.0
2026-08-23 22:00:00,229405.5,18804.5,0.0
2026-08-23 23:00:00,226867.8,18937.2,0.0
2026-08-24 00:00:00,222127.5,19272.8,0.0
2026-08-24 01:00:00,215644.5,18877.8,0.0
2026-08-24 02:00:00,210127.2,17763.5,0.0
2026-08-24 03:00:00,208504.2,17254.5,0.0
2026-08-24 04:00:00,208586.8,16009.5,0.0
2026-08-24 05:00:00,213431.2,14657.0,404.5
2026-08-24 06:00:00,220562.0,13783.5,1427.0
2026-08-24 07:00:00,227194.0,13295.5,10636.2
2026-08-24 08:00:00,233645.0,13453.8,29409.5
2026-08-24 09:00:00,245969.0,15503.8,46858.0
2026-08-24 10:00:00,249472.8,17248.5,57324.2
2026-08-24 11:00:00,248457.5,16902.5,62335.0
2026-08-24 12:00:00,245519.2,16523.2,63453.8
2026-08-24 13:00:00,241668.2,17060.8,61226.8
2026-08-24 14:00:00,244308.5,18438.8,58988.8
2026-08-24 15:00:00,245062.2,18812.0,53726.0
2026-08-24 16:00:00,241998.2,19524.5,39802.5
2026-08-24 17:00:00,236802.2,20500.5,22800.0
2026-08-24 18:00:00,236300.5,21017.0,6957.5
2026-08-24 19:00:00,238862.0,20370.0,527.0
2026-08-24 20:00:00,236796.2,20535.0,0.0
2026-08-24 21:00:00,235271.2,20374.0,0.0
2026-08-24 22:00:00,234345.2,20797.8,0.0
2026-08-24 23:00:00,230307.2,20429.2,0.0
2026-08-25 00:00:00,224189.2,19263.2,0.0
2026-08-25 01:00:00,217398.5,19007.5,0.0
2026-08-25 02:00:00,212725.8,19152.8,0.0
2026-08-25 03:00:00,211224.0,19433.0,0.0
2026-08-25 04:00:00,210635.5,18487.2,0.0
2026-08-25 05:00:00,214503.0,16974.8,297.5
2026-08-25 06:00:00,220628.5,15175.0,1192.2
2026-08-25 07:00:00,228517.0,13780.2,11637.0
2026-08-25 08:00:00,233787.0,13398.5,31757.5
2026-08-25 09:00:00,243852.8,14422.2,48743.0
2026-08-25 10:00:00,246784.0,16070.5,61986.8
2026-08-25 11:00:00,246318.5,17264.2,67506.8
2026-08-25 12:00:00,244819.8,18184.8,70144.8
2026-08-25 13:00:00,240268.0,19554.2,69478.5
2026-08-25 14:00:00,243342.0,21760.0,66166.5
2026-08-25 15:00:00,246420.0,22871.2,57739.5
2026-08-25 16:00:00,244364.8,23474.0,44748.5
2026-08-25 17:00:00,237273.8,23429.5,26352.0
2026-08-25 18:00:00,235008.5,23580.0,7942.5
2026-08-25 19:00:00,240557.0,23801.5,423.8
2026-08-25 20:00:00,237959.0,23608.0,0.0
2026-08-25 21:00:00,236221.2,23409.2,0.0
2026-08-25 22:00:00,235155.8,23161.5,0.0
2026-08-25 23:00:00,231847.8,22750.0,0.0
2026-08-26 00:00:00,226803.5,23359.2,0.0
2026-08-26 01:00:00,220677.5,23184.5,0.0
2026-08-26 02:00:00,215706.5,22342.2,0.0
2026-08-26 03:00:00,213480.2,20892.5,0.0
2026-08-26 04:00:00,212722.2,19608.2,0.0
2026-08-26 05:00:00,215769.8,18219.5,333.5
2026-08-26 06:00:00,220808.0,17279.0,1602.5
2026-08-26 07:00:00,226212.5,16227.5,13180.5
2026-08-26 08:00:00,232687.0,17705.2,36028.8
2026-08-26 09:00:00,243881.0,20466.0,56029.8
2026-08-26 10:00:00,245760.5,22262.0,69325.8
2026-08-26 11:00:00,245145.5,23192.5,73707.8
2026-08-26 12:00:00,245116.8,23899.0,74437.2
2026-08-26 13:00:00,241814.2,24199.8,71886.2
2026-08-26 14:00:00,246058.0,25785.2,69692.0
2026-08-26 15:00:00,248638.0,27084.8,61565.8
2026-08-26 16:00:00,244438.0,27019.5,46969.2
2026-08-26 17:00:00,238812.5,27472.5,28461.0
2026-08-26 18:00:00,236314.5,27267.8,9418.2
2026-08-26 19:00:00,242001.2,27186.5,927.5
2026-08-26 20:00:00,239821.0,26397.8,0.0
2026-08-26 21:00:00,240205.2,25383.5,0.0
2026-08-26 22:00:00,239899.5,24096.2,0.0
2026-08-26 23:00:00,235953.0,23747.2,0.0
2026-08-27 00:00:00,229944.5,23793.2,0.0
2026-08-27 01:00:00,223788.0,23688.2,0.0
2026-08-27 02:00:00,219229.5,23615.2,0.0
2026-08-27 03:00:00,217270.5,23578.0,0.0
2026-08-27 04:00:00,216484.8,22118.5,0.0
2026-08-27 05:00:00,220431.5,20944.5,795.2
2026-08-27 06:00:00,226612.0,20047.5,2211.5
2026-08-27 07:00:00,231666.5,19520.2,15837.0
2026-08-27 08:00:00,235381.2,22923.2,39327.2
2026-08-27 09:00:00,244534.8,26616.5,58133.0
2026-08-27 10:00:00,246306.2,28083.8,67170.8
2026-08-27 11:00:00,248346.8,29051.2,72462.5
2026-08-27 12:00:00,246868.5,29115.2,74621.0
2026-08-27 13:00:00,243681.5,28141.5,71641.0
2026-08-27 14:00:00,246483.8,28994.0,69814.8
2026-08-27 15:00:00,248687.5,28435.8,61268.0
2026-08-27 16:00:00,246698.2,28837.0,46781.5
2026-08-27 17:00:00,240182.2,29513.5,27273.5
2026-08-27 18:00:00,238117.2,30150.2,8250.0
2026-08-27 19:00:00,243024.8,29645.2,512.2
2026-08-27 20:00:00,240224.5,28772.2,0.0
2026-08-27 21:00:00,238753.0,27773.5,0.0
2026-08-27 22:00:00,239605.8,26506.2,0.0
2026-08-27 23:00:00,236077.0,25244.8,0.0
2026-08-28 00:00:00,230470.8,24604.0,0.0
2026-08-28 01:00:00,223928.8,24068.5,0.0
2026-08-28 02:00:00,219279.5,23445.0,0.0
2026-08-28 03:00:00,217385.0,22870.0,0.0
2026-08-28 04:00:00,217184.5,22200.2,0.0
2026-08-28 05:00:00,221921.5,21874.0,315.0
2026-08-28 06:00:00,227346.8,21519.2,1718.8
2026-08-28 07:00:00,230538.2,20139.5,15126.8
2026-08-28 08:00:00,232774.8,22624.8,40566.8
2026-08-28 09:00:00,239430.0,26630.8,60178.5
2026-08-28 10:00:00,240737.5,27353.2,66587.8
2026-08-28 11:00:00,240558.8,27699.5,69502.8
2026-08-28 12:00:00,239166.2,28335.5,70103.5
2026-08-28 13:00:00,235816.2,27654.8,68179.2
2026-08-28 14:00:00,235431.2,27373.2,66747.5
2026-08-28 15:00:00,238108.0,28479.5,62532.8
2026-08-28 16:00:00,235710.2,29587.0,49112.8
2026-08-28 17:00:00,226292.0,30079.0,27875.5
2026-08-28 18:00:00,223339.8,30123.5,7539.5
2026-08-28 19:00:00,231195.5,29285.0,442.0
2026-08-28 20:00:00,231055.5,28540.2,0.0
2026-08-28 21:00:00,230938.2,27903.2,0.0
2026-08-28 22:00:00,232040.8,26876.2,0.0
2026-08-28 23:00:00,228799.0,26845.0,0.0
2026-08-29 00:00:00,223296.8,27152.8,0.0
2026-08-29 01:00:00,217259.0,27521.8,0.0
2026-08-29 02:00:00,213030.0,27520.0,0.0
2026-08-29 03:00:00,211171.2,27401.0,0.0
2026-08-29 04:00:00,210229.8,27488.5,0.0
2026-08-29 05:00:00,214062.0,26850.8,340.5
2026-08-29 06:00:00,218956.0,25761.0,1457.8
2026-08-29 07:00:00,224041.8,24776.8,13672.2
2026-08-29 08:00:00,231060.5,27364.5,36472.5
2026-08-29 09:00:00,243013.8,29930.5,54702.0
2026-08-29 10:00:00,247095.2,30653.0,64119.8
2026-08-29 11:00:00,247673.2,31344.2,70496.2
2026-08-29 12:00:00,247411.5,31390.8,70355.8
2026-08-29 13:00:00,243010.0,32103.0,68569.5
2026-08-29 14:00:00,244947.8,32591.8,66232.8
2026-08-29 15:00:00,247925.8,32256.0,60046.0
2026-08-29 16:00:00,244925.8,32593.0,44805.5
2026-08-29 17:00:00,237278.2,32377.0,23235.8
2026-08-29 18:00:00,235187.5,32014.2,6021.2
2026-08-29 19:00:00,240929.2,30646.8,451.2
2026-08-29 20:00:00,239561.8,29722.2,0.0
2026-08-29 21:00:00,238222.5,29079.8,0.0
2026-08-29 22:00:00,238623.2,28433.8,0.0
2026-08-29 23:00:00,235432.2,28353.8,0.0
2026-08-30 00:00:00,229892.2,27577.5,0.0
2026-08-30 01:00:00,223974.0,27775.8,0.0
2026-08-30 02:00:00,218966.0,27370.8,0.0
2026-08-30 03:00:00,216920.8,26589.5,0.0
2026-08-30 04:00:00,216060.8,25224.5,0.0
2026-08-30 05:00:00,219464.8,24239.2,377.8
2026-08-30 06:00:00,220193.8,22917.5,1411.2
2026-08-30 07:00:00,222055.5,22466.0,11877.0
2026-08-30 08:00:00,228147.0,24795.5,33120.2
2026-08-30 09:00:00,237449.5,28325.2,52006.5
2026-08-30 10:00:00,239943.8,29724.8,60729.5
2026-08-30 11:00:00,241122.8,30185.8,66243.8
2026-08-30 12:00:00,239634.5,30812.0,64412.5
2026-08-30 13:00:00,236947.8,31387.0,61699.0
2026-08-30 14:00:00,237579.0,31802.8,58929.0
2026-08-30 15:00:00,239403.2,32328.5,55551.5
2026-08-30 16:00:00,235545.5,32411.2,42454.0
2026-08-30 17:00:00,227275.5,32069.5,22541.5
2026-08-30 18:00:00,224869.5,30642.8,6024.0
2026-08-30 19:00:00,232435.5,29505.5,516.0
2026-08-30 20:00:00,231554.2,28716.2,0.0
2026-08-30 21:00:00,232152.2,28500.0,0.0
2026-08-30 22:00:00,232292.5,28122.8,0.0
2026-08-30 23:00:00,228370.2,27159.2,0.0
2026-08-31 00:00:00,222626.8,26761.8,0.0
2026-08-31 01:00:00,217324.2,26512.0,0.0
2026-08-31 02:00:00,213356.5,25950.2,0.0
2026-08-31 03:00:00,211831.5,24857.5,0.0
2026-08-31 04:00:00,211811.5,23720.8,0.0
2026-08-31 05:00:00,217242.2,23678.2,393.8
2026-08-31 06:00:00,223673.5,23026.0,1431.0
2026-08-31 07:00:00,230184.0,22153.5,11784.2
2026-08-31 08:00:00,236337.5,23889.0,31103.5
2026-08-31 09:00:00,247973.5,26474.5,50355.5
2026-08-31 10:00:00,250978.2,27156.0,63702.5
2026-08-31 11:00:00,250577.2,27040.5,69805.8
2026-08-31 12:00:00,248369.2,28143.5,72396.0
2026-08-31 13:00:00,243642.5,28032.0,71565.5
2026-08-31 14:00:00,245550.0,28584.8,67586.8
2026-08-31 15:00:00,249334.2,28562.0,60494.2
2026-08-31 16:00:00,249943.0,28103.8,46166.5
2026-08-31 17:00:00,243472.5,28134.2,25267.0
2026-08-31 18:00:00,239233.2,27085.0,7197.2
2026-08-31 19:00:00,241573.8,26197.2,559.5
2026-08-31 20:00:00,238283.8,25672.2,0.0
2026-08-31 21:00:00,236873.2,24415.2,0.0
2026-08-31 22:00:00,237727.5,23592.8,0.0
2026-08-31 23:00:00,232622.2,23822.2,0.0
2026-09-01 00:00:00,226918.5,24042.5,0.0
2026-09-01 01:00:00,221705.2,23518.8,0.0
2026-09-01 02:00:00,217208.2,22941.8,0.0
2026-09-01 03:00:00,214504.8,21733.0,0.0
2026-09-01 04:00:00,213904.5,20460.5,0.0
2026-09-01 05:00:00,218021.8,19295.0,292.5
2026-09-01 06:00:00,222890.2,18630.8,1355.2
2026-09-01 07:00:00,229806.2,17496.5,11737.5
2026-09-01 08:00:00,238443.5,18471.0,36654.8
2026-09-01 09:00:00,249046.8,21334.8,57069.2
2026-09-01 10:00:00,250588.2,22924.2,69396.8
2026-09-01 11:00:00,250537.0,23025.2,73933.5
2026-09-01 12:00:00,248951.8,23021.8,74473.2
2026-09-01 13:00:00,244036.2,23187.2,72557.2
2026-09-01 14:00:00,249654.2,23224.8,69259.2
2026-09-01 15:00:00,254904.8,23531.8,63206.2
2026-09-01 16:00:00,251862.2,23572.0,48652.8
2026-09-01 17:00:00,243779.8,23515.0,27338.5
2026-09-01 18:00:00,235680.2,21953.8,7134.0
2026-09-01 19:00:00,234665.0,21148.0,437.2
2026-09-01 20:00:00,232565.0,20424.2,0.0
2026-09-01 21:00:00,231806.0,19658.0,0.0
2026-09-01 22:00:00,229826.5,18842.0,0.0
2026-09-01 23:00:00,226092.8,17395.0,0.0
2026-09-02 00:00:00,222470.0,17116.8,0.0
2026-09-02 01:00:00,217907.0,17061.0,0.0
2026-09-02 02:00:00,214293.0,16925.8,0.0
2026-09-02 03:00:00,211794.5,16593.5,0.0
2026-09-02 04:00:00,210735.2,15487.5,0.0
2026-09-02 05:00:00,213443.0,14453.5,280.8
2026-09-02 06:00:00,217861.0,13824.2,1391.5
2026-09-02 07:00:00,228741.8,13098.0,14348.8
2026-09-02 08:00:00,238886.2,13455.8,39110.0
2026-09-02 09:00:00,251234.5,15240.2,60480.0
2026-09-02 10:00:00,255136.8,15789.0,72258.0
2026-09-02 11:00:00,253768.5,16120.5,76661.0
2026-09-02 12:00:00,252342.5,17708.8,76847.8
2026-09-02 13:00:00,247763.8,19447.8,75375.2
2026-09-02 14:00:00,251023.8,20723.8,71521.5
2026-09-02 15:00:00,254503.0,20861.0,62400.0
2026-09-02 16:00:00,252199.2,22566.0,46719.0
2026-09-02 17:00:00,244599.0,22429.5,26483.8
2026-09-02 18:00:00,236525.2,22572.8,6935.8
2026-09-02 19:00:00,236539.5,22413.2,476.2
2026-09-02 20:00:00,233209.0,22161.0,0.0
2026-09-02 21:00:00,233343.2,20445.0,0.0
2026-09-02 22:00:00,231786.0,18544.0,0.0
2026-09-02 23:00:00,227578.8,17867.0,0.0
2026-09-03 00:00:00,220841.8,17260.8,0.0
2026-09-03 01:00:00,215253.5,16101.8,0.0
2026-09-03 02:00:00,210998.0,15005.5,0.0
2026-09-03 03:00:00,208667.2,13864.5,0.0
2026-09-03 04:00:00,208167.2,12915.2,0.0
2026-09-03 05:00:00,211949.5,11769.8,146.5
2026-09-03 06:00:00,214151.0,10873.8,1215.0
2026-09-03 07:00:00,223392.2,10176.5,14033.0
2026-09-03 08:00:00,237860.8,10977.2,38747.8
2026-09-03 09:00:00,250541.2,13024.8,59671.2
2026-09-03 10:00:00,252655.5,13917.5,70750.0
2026-09-03 11:00:00,251980.2,15234.0,75858.0
2026-09-03 12:00:00,249905.2,17378.2,76111.8
2026-09-03 13:00:00,245808.8,19568.0,73141.8
2026-09-03 14:00:00,249262.2,21185.8,66616.8
2026-09-03 15:00:00,253091.0,22090.5,58918.8
2026-09-03 16:00:00,249733.8,22370.5,44580.5
2026-09-03 17:00:00,240880.8,21523.5,24967.5
2026-09-03 18:00:00,231799.0,20316.0,6529.2
2026-09-03 19:00:00,231615.2,19949.5,347.0
2026-09-03 20:00:00,229097.2,19515.0,0.0
2026-09-03 21:00:00,228380.2,18626.8,0.0
2026-09-03 22:00:00,227933.0,17369.2,0.0
2026-09-03 23:00:00,224067.2,17268.8,0.0
2026-09-04 00:00:00,219638.5,17169.8,0.0
2026-09-04 01:00:00,213758.0,16697.8,0.0
2026-09-04 02:00:00,210123.8,16578.2,0.0
2026-09-04 03:00:00,208298.5,16404.5,0.0
2026-09-04 04:00:00,208212.5,15724.5,0.0
2026-09-04 05:00:00,210639.8,15059.8,128.8
2026-09-04 06:00:00,213608.5,13155.8,1053.5
2026-09-04 07:00:00,221081.2,11055.2,13445.5
2026-09-04 08:00:00,237399.0,11028.0,38001.8
2026-09-04 09:00:00,251277.2,12505.2,60422.5
2026-09-04 10:00:00,253556.2,13626.5,72152.0
2026-09-04 11:00:00,253663.0,14999.8,76164.0
2026-09-04 12:00:00,252203.0,16301.5,75437.2
2026-09-04 13:00:00,247513.0,18321.5,73041.8
2026-09-04 14:00:00,249138.2,19952.0,69018.0
2026-09-04 15:00:00,249736.0,20767.0,61053.0
2026-09-04 16:00:00,244279.8,22202.0,46065.0
2026-09-04 17:00:00,234678.2,23280.0,25796.8
2026-09-04 18:00:00,226519.5,22056.2,6222.2
2026-09-04 19:00:00,225015.2,19591.0,446.0
2026-09-04 20:00:00,223377.5,18490.5,0.0
2026-09-04 21:00:00,221690.2,16877.0,0.0
2026-09-04 22:00:00,220503.5,15787.2,0.0
2026-09-04 23:00:00,218330.5,15509.2,0.0
2026-09-05 00:00:00,215150.2,15368.8,0.0
2026-09-05 01:00:00,210967.8,14788.5,0.0
2026-09-05 02:00:00,207116.0,14199.0,0.0
2026-09-05 03:00:00,205116.5,14018.8,0.0
2026-09-05 04:00:00,204044.0,13281.8,0.0
2026-09-05 05:00:00,205360.8,11998.5,149.0
2026-09-05 06:00:00,207741.5,10900.0,1207.8
2026-09-05 07:00:00,214645.8,9176.0,13944.5
2026-09-05 08:00:00,230926.5,8922.8,38299.8
2026-09-05 09:00:00,244912.2,10570.8,59828.5
2026-09-05 10:00:00,248132.0,12333.8,72199.0
2026-09-05 11:00:00,248020.2,13552.2,76550.0
2026-09-05 12:00:00,246896.0,14284.0,76066.5
2026-09-05 13:00:00,242846.8,16014.2,74396.2
2026-09-05 14:00:00,245584.0,17828.0,70243.2
2026-09-05 15:00:00,248014.0,19421.0,60928.2
2026-09-05 16:00:00,244377.5,20593.0,45315.0
2026-09-05 17:00:00,233977.0,20688.2,22613.8
2026-09-05 18:00:00,226429.2,19855.5,5350.5
2026-09-05 19:00:00,227358.8,19137.2,295.8
2026-09-05 20:00:00,224396.0,17798.2,0.0
2026-09-05 21:00:00,223721.0,16297.5,0.0
2026-09-05 22:00:00,221675.0,15042.0,0.0
2026-09-05 23:00:00,219073.5,14130.5,0.0
2026-09-06 00:00:00,215069.2,13776.2,0.0
2026-09-06 01:00:00,209124.8,14620.0,0.0
2026-09-06 02:00:00,205321.2,14480.2,0.0
2026-09-06 03:00:00,203382.8,12785.0,0.0
2026-09-06 04:00:00,202402.5,10728.5,0.0
2026-09-06 05:00:00,202866.5,10221.5,106.0
2026-09-06 06:00:00,203931.0,10034.2,1189.8
2026-09-06 07:00:00,211016.5,9692.2,15044.8
2026-09-06 08:00:00,222220.0,10608.8,41506.0
2026-09-06 09:00:00,232170.5,13026.5,62620.5
2026-09-06 10:00:00,234308.8,13636.5,74247.5
2026-09-06 11:00:00,234893.0,14165.0,79663.8
2026-09-06 12:00:00,233192.2,14267.5,78367.2
2026-09-06 13:00:00,230222.8,15040.2,76907.8
2026-09-06 14:00:00,231334.0,16303.0,72577.8
2026-09-06 15:00:00,233721.8,18390.2,63482.8
2026-09-06 16:00:00,231634.2,19994.2,47034.2
2026-09-06 17:00:00,223707.8,20412.8,25446.2
2026-09-06 18:00:00,218293.0,19884.8,5602.8
2026-09-06 19:00:00,222456.2,18631.2,150.5
2026-09-06 20:00:00,221590.5,18186.2,0.0
2026-09-06 21:00:00,220959.8,17214.5,0.0
2026-09-06 22:00:00,220648.8,16878.8,0.0
2026-09-06 23:00:00,217955.0,17134.0,0.0
2026-09-07 00:00:00,213341.0,17185.8,0.0
2026-09-07 01:00:00,208987.8,16540.0,0.0
2026-09-07 02:00:00,205163.8,15743.2,0.0
2026-09-07 03:00:00,203455.0,14810.5,0.0
2026-09-07 04:00:00,203860.2,14124.2,0.0
2026-09-07 05:00:00,208939.5,13685.0,216.5
2026-09-07 06:00:00,216033.5,13147.0,1523.2
2026-09-07 07:00:00,223470.2,11919.8,15792.2
2026-09-07 08:00:00,231727.5,12358.5,41052.0
2026-09-07 09:00:00,243598.5,14134.2,61054.5
2026-09-07 10:00:00,247438.8,14559.0,71419.0
2026-09-07 11:00:00,249762.5,14996.5,77776.5
2026-09-07 12:00:00,251194.8,16148.8,79442.0
2026-09-07 13:00:00,247799.0,17318.2,77888.8
2026-09-07 14:00:00,252560.5,18729.8,73587.0
2026-09-07 15:00:00,256187.8,19891.5,65149.8
2026-09-07 16:00:00,253947.0,20832.0,48569.0
2026-09-07 17:00:00,244756.0,21718.8,26042.2
2026-09-07 18:00:00,236320.0,21074.0,5958.0
2026-09-07 19:00:00,236207.0,20875.2,343.2
2026-09-07 20:00:00,234448.5,20634.5,0.0
2026-09-07 21:00:00,234575.0,20653.5,0.0
2026-09-07 22:00:00,234310.5,20108.8,0.0
2026-09-07 23:00:00,230969.0,18988.2,0.0
2026-09-08 00:00:00,225604.5,18521.8,0.0
2026-09-08 01:00:00,219873.5,18591.8,0.0
2026-09-08 02:00:00,215260.5,18576.8,0.0
2026-09-08 03:00:00,213745.5,18149.8,0.0
2026-09-08 04:00:00,212736.5,17387.0,0.0
2026-09-08 05:00:00,215818.0,16139.2,104.0
2026-09-08 06:00:00,220104.2,14937.8,1095.5
2026-09-08 07:00:00,227136.8,13469.8,14712.8
2026-09-08 08:00:00,239546.5,14799.8,41456.5
2026-09-08 09:00:00,250631.2,16780.8,64074.8
2026-09-08 10:00:00,255095.0,17680.2,76482.8
2026-09-08 11:00:00,254121.0,18319.0,80602.5
2026-09-08 12:00:00,253409.5,19270.5,81326.0
2026-09-08 13:00:00,250466.5,19941.8,80354.5
2026-09-08 14:00:00,256204.0,20795.5,76647.2
2026-09-08 15:00:00,260702.8,21869.8,68839.0
2026-09-08 16:00:00,259098.8,23001.2,52876.2
2026-09-08 17:00:00,250728.8,23793.8,28742.8
2026-09-08 18:00:00,241102.5,24071.8,6224.8
2026-09-08 19:00:00,242102.5,23409.8,438.2
2026-09-08 20:00:00,239471.5,23150.5,0.0
2026-09-08 21:00:00,239782.0,21600.0,0.0
2026-09-08 22:00:00,238969.5,20087.5,0.0
2026-09-08 23:00:00,234879.0,18840.0,0.0
2026-09-09 00:00:00,229611.2,17670.0,0.0
2026-09-09 01:00:00,223501.0,17538.5,0.0
2026-09-09 02:00:00,219078.5,17184.8,0.0
2026-09-09 03:00:00,217103.8,16609.0,0.0
2026-09-09 04:00:00,216168.0,15506.8,0.0
2026-09-09 05:00:00,219267.5,14102.2,190.8
2026-09-09 06:00:00,223630.5,13153.0,1493.0
2026-09-09 07:00:00,231586.2,12059.5,15965.2
2026-09-09 08:00:00,245817.5,11728.2,45001.2
2026-09-09 09:00:00,258244.8,12115.5,67947.0
2026-09-09 10:00:00,260309.5,11730.0,79751.8
2026-09-09 11:00:00,259711.8,11847.2,83980.5
2026-09-09 12:00:00,258970.5,12203.8,83985.8
2026-09-09 13:00:00,255570.5,13585.0,83206.0
2026-09-09 14:00:00,261208.8,14533.0,78555.8
2026-09-09 15:00:00,265867.2,15970.0,69709.5
2026-09-09 16:00:00,264987.8,16474.5,53543.2
2026-09-09 17:00:00,252452.5,16578.2,29336.0
2026-09-09 18:00:00,241390.0,15442.5,6585.8
2026-09-09 19:00:00,240252.0,14626.5,432.8
2026-09-09 20:00:00,238862.2,15003.0,0.0
2026-09-09 21:00:00,237870.8,15667.0,0.0
2026-09-09 22:00:00,237858.8,15685.0,0.0
2026-09-09 23:00:00,236084.2,15960.2,0.0
2026-09-10 00:00:00,232030.5,15495.5,0.0
2026-09-10 01:00:00,225538.5,15259.5,0.0
2026-09-10 02:00:00,221026.2,15212.5,0.0
2026-09-10 03:00:00,218347.0,14458.5,0.0
2026-09-10 04:00:00,216161.5,13165.2,0.0
2026-09-10 05:00:00,218341.8,12078.5,255.2
2026-09-10 06:00:00,223444.0,11585.0,1311.5
2026-09-10 07:00:00,232212.2,10322.2,14918.2
2026-09-10 08:00:00,247146.2,9917.2,43669.5
2026-09-10 09:00:00,259965.2,10337.2,66954.8
2026-09-10 10:00:00,263599.0,9702.8,78922.5
2026-09-10 11:00:00,263046.8,9315.8,82749.8
2026-09-10 12:00:00,263468.5,9210.5,84870.8
2026-09-10 13:00:00,260978.5,10153.8,83947.8
2026-09-10 14:00:00,265490.2,11288.8,79517.8
2026-09-10 15:00:00,267451.0,12176.2,68303.0
2026-09-10 16:00:00,259028.2,12738.2,51255.8
2026-09-10 17:00:00,245553.5,12844.8,28186.5
2026-09-10 18:00:00,236017.0,12646.2,6285.2
2026-09-10 19:00:00,236783.5,13311.2,158.0
2026-09-10 20:00:00,236570.5,14456.5,0.0
2026-09-10 21:00:00,236786.2,14941.5,0.0
2026-09-10 22:00:00,235189.2,14703.2,0.0
2026-09-10 23:00:00,232755.5,14480.0,0.0
2026-09-11 00:00:00,226853.2,13969.2,0.0
2026-09-11 01:00:00,221905.2,13591.0,0.0
2026-09-11 02:00:00,217857.5,12582.8,0.0
2026-09-11 03:00:00,215079.2,11733.8,0.0
2026-09-11 04:00:00,214552.5,11165.8,0.0
2026-09-11 05:00:00,216698.8,10715.5,364.0
2026-09-11 06:00:00,221012.5,10188.0,1421.2
2026-09-11 07:00:00,227875.5,8278.2,14962.2
2026-09-11 08:00:00,244548.0,6930.5,41646.2
2026-09-11 09:00:00,259175.8,6535.2,65013.2
2026-09-11 10:00:00,263038.8,5906.2,78929.2
2026-09-11 11:00:00,262242.0,5338.8,82924.0
2026-09-11 12:00:00,261053.5,5669.2,83081.2
2026-09-11 13:00:00,256741.0,7045.5,81267.5
2026-09-11 14:00:00,259041.0,8544.0,75067.2
2026-09-11 15:00:00,259549.8,8749.0,64811.5
2026-09-11 16:00:00,250768.8,8429.5,47429.0
2026-09-11 17:00:00,238067.8,8473.8,25075.2
2026-09-11 18:00:00,231396.5,8839.8,5071.8
2026-09-11 19:00:00,232809.8,9744.5,185.0
2026-09-11 20:00:00,232318.8,10480.5,0.0
2026-09-11 21:00:00,231987.2,10709.2,0.0
2026-09-11 22:00:00,231872.0,10553.5,0.0
2026-09-11 23:00:00,229044.8,10269.5,0.0
2026-09-12 00:00:00,224614.2,10321.8,0.0
2026-09-12 01:00:00,219916.5,10246.8,0.0
2026-09-12 02:00:00,216919.8,10127.0,0.0
2026-09-12 03:00:00,214199.2,9612.2,0.0
2026-09-12 04:00:00,213259.0,8888.0,0.0
2026-09-12 05:00:00,215277.8,8458.8,250.8
2026-09-12 06:00:00,218788.2,8025.0,1200.5
2026-09-12 07:00:00,227299.2,7474.2,13089.2
2026-09-12 08:00:00,240297.8,6624.5,37057.8
2026-09-12 09:00:00,255009.2,6373.8,56713.5
2026-09-12 10:00:00,260635.8,5757.2,71770.0
2026-09-12 11:00:00,259915.8,5372.0,76066.8
2026-09-12 12:00:00,259144.5,5659.2,75826.5
2026-09-12 13:00:00,256072.5,6386.2,72428.5
2026-09-12 14:00:00,258426.8,8622.5,66284.8
2026-09-12 15:00:00,258220.2,11803.2,54799.5
2026-09-12 16:00:00,252400.5,14237.8,39107.0
2026-09-12 17:00:00,240778.8,15663.8,19220.5
2026-09-12 18:00:00,235208.0,15586.5,4391.8
2026-09-12 19:00:00,237996.0,16619.2,231.0
2026-09-12 20:00:00,234281.0,17684.5,0.0
2026-09-12 21:00:00,234205.2,17491.8,0.0
2026-09-12 22:00:00,233926.0,16704.5,0.0
2026-09-12 23:00:00,230472.0,15503.2,0.0
2026-09-13 00:00:00,225300.5,13781.5,0.0
2026-09-13 01:00:00,220763.0,11923.2,0.0
2026-09-13 02:00:00,216142.8,10566.0,0.0
2026-09-13 03:00:00,213407.5,9810.0,0.0
2026-09-13 04:00:00,212446.2,9648.2,0.0
2026-09-13 05:00:00,212564.2,9581.8,187.2
2026-09-13 06:00:00,214475.5,9204.5,859.0
2026-09-13 07:00:00,220754.8,7736.2,10575.8
2026-09-13 08:00:00,227444.5,7054.8,32215.8
2026-09-13 09:00:00,236839.0,7715.8,55430.8
2026-09-13 10:00:00,238080.5,7774.8,67319.8
2026-09-13 11:00:00,237536.0,8050.2,70919.0
2026-09-13 12:00:00,235894.5,8261.2,71922.2
2026-09-13 13:00:00,232994.5,8595.8,69640.2
2026-09-13 14:00:00,234259.8,9595.2,63115.8
2026-09-13 15:00:00,234671.5,11428.8,50221.2
2026-09-13 16:00:00,230330.2,14739.8,33331.8
2026-09-13 17:00:00,222831.0,15555.2,15254.8
2026-09-13 18:00:00,224144.0,12739.2,2746.0
2026-09-13 19:00:00,228867.2,12127.5,205.5
2026-09-13 20:00:00,226197.0,10835.8,0.0
2026-09-13 21:00:00,225844.2,10090.2,0.0
2026-09-13 22:00:00,225296.5,8806.5,0.0
2026-09-13 23:00:00,223251.0,7266.2,0.0
2026-09-14 00:00:00,218519.8,7072.2,0.0
2026-09-14 01:00:00,214203.8,7527.8,0.0
2026-09-14 02:00:00,211028.0,8017.2,0.0
2026-09-14 03:00:00,209582.2,8188.5,0.0
2026-09-14 04:00:00,210228.0,7694.0,0.0
2026-09-14 05:00:00,212987.8,6607.0,328.5
2026-09-14 06:00:00,215204.5,5918.5,1251.0
2026-09-14 07:00:00,220858.2,5300.8,11842.5
2026-09-14 08:00:00,229205.0,4390.8,33725.5
2026-09-14 09:00:00,240630.8,4868.5,54609.0
2026-09-14 10:00:00,243755.0,5381.5,63752.2
2026-09-14 11:00:00,243346.0,5945.0,70051.2
2026-09-14 12:00:00,241724.5,7654.0,70509.5
2026-09-14 13:00:00,236675.0,9255.0,64318.8
2026-09-14 14:00:00,238807.0,11084.8,58204.8
2026-09-14 15:00:00,240360.0,12392.2,47977.0
2026-09-14 16:00:00,236348.2,12377.8,31392.2
2026-09-14 17:00:00,227448.8,12589.0,15049.2
2026-09-14 18:00:00,226095.0,11821.2,2705.8
2026-09-14 19:00:00,230052.0,13628.5,146.2
2026-09-14 20:00:00,228133.2,12873.2,0.0
2026-09-14 21:00:00,228160.5,11258.2,0.0
2026-09-14 22:00:00,228401.8,9945.8,0.0
2026-09-14 23:00:00,225138.5,10233.8,0.0
2026-09-15 00:00:00,219894.2,9839.0,0.0
2026-09-15 01:00:00,214692.5,8848.8,0.0
2026-09-15 02:00:00,210856.5,7560.8,0.0
2026-09-15 03:00:00,208284.8,7141.5,0.0
2026-09-15 04:00:00,208375.8,6504.5,0.0
2026-09-15 05:00:00,211355.5,6199.2,178.8
2026-09-15 06:00:00,216287.8,6067.5,1236.8
2026-09-15 07:00:00,221291.2,5919.2,13447.8
2026-09-15 08:00:00,227396.0,5575.5,36208.8
2026-09-15 09:00:00,238889.8,5807.2,57074.8
2026-09-15 10:00:00,242051.0,5050.2,68286.5
2026-09-15 11:00:00,241712.8,4496.8,71866.5
2026-09-15 12:00:00,241016.2,4642.0,71816.0
2026-09-15 13:00:00,237968.8,5189.8,70843.0
2026-09-15 14:00:00,242646.5,6182.2,66007.2
2026-09-15 15:00:00,247524.8,6793.5,55407.2
2026-09-15 16:00:00,242717.2,7441.2,38348.5
2026-09-15 17:00:00,233058.0,7021.5,18561.5
2026-09-15 18:00:00,227640.5,7074.2,3398.8
2026-09-15 19:00:00,230068.2,7802.2,406.8
2026-09-15 20:00:00,230986.0,8588.8,0.0
2026-09-15 21:00:00,231137.2,9188.0,0.0
2026-09-15 22:00:00,229768.0,8915.5,0.0
2026-09-15 23:00:00,227286.0,8570.5,0.0
2026-09-16 00:00:00,222311.5,8279.8,0.0
2026-09-16 01:00:00,217796.0,7799.0,0.0
2026-09-16 02:00:00,214692.8,7530.0,0.0
2026-09-16 03:00:00,212051.5,7512.0,0.0
2026-09-16 04:00:00,211759.5,6912.2,0.0
2026-09-16 05:00:00,213982.8,6414.5,249.5
2026-09-16 06:00:00,218137.0,5984.8,1442.2
2026-09-16 07:00:00,223191.0,5149.8,14045.0
2026-09-16 08:00:00,230728.0,4432.2,37148.5
2026-09-16 09:00:00,241043.8,4238.8,55839.2
2026-09-16 10:00:00,245087.0,3989.5,65273.2
2026-09-16 11:00:00,246012.5,4043.8,69331.8
2026-09-16 12:00:00,245012.5,4100.2,69575.0
2026-09-16 13:00:00,244232.2,3979.2,69710.0
2026-09-16 14:00:00,249802.5,4322.2,64857.2
2026-09-16 15:00:00,251849.5,5182.2,54552.2
2026-09-16 16:00:00,245809.8,6982.5,41310.2
2026-09-16 17:00:00,235979.8,8688.8,20911.2
2026-09-16 18:00:00,231497.0,7810.8,4585.0
2026-09-16 19:00:00,233575.8,8265.0,471.5
2026-09-16 20:00:00,233590.5,8884.5,0.0
2026-09-16 21:00:00,233380.8,9562.0,0.0
2026-09-16 22:00:00,234830.8,10332.5,0.0
2026-09-16 23:00:00,231861.8,10390.8,0.0
2026-09-17 00:00:00,227149.2,10286.0,0.0
2026-09-17 01:00:00,221365.0,10421.5,0.0
2026-09-17 02:00:00,216279.8,9837.5,0.0
2026-09-17 03:00:00,211496.2,8427.5,0.0
2026-09-17 04:00:00,206480.5,8573.5,0.0
2026-09-17 05:00:00,208554.2,8982.0,282.5
2026-09-17 06:00:00,215533.0,9011.8,1445.8
2026-09-17 07:00:00,220563.0,8320.0,13334.2
2026-09-17 08:00:00,224369.5,7986.0,33596.8
2026-09-17 09:00:00,234070.5,7560.5,52779.0
2026-09-17 10:00:00,240323.8,7157.8,64554.5
2026-09-17 11:00:00,242166.5,6793.0,68683.2
2026-09-17 12:00:00,242531.5,7314.2,67671.5
2026-09-17 13:00:00,239960.8,7882.2,66677.8
2026-09-17 14:00:00,243418.8,9305.0,63397.2
2026-09-17 15:00:00,244520.2,11110.0,53318.2
2026-09-17 16:00:00,239550.8,12214.0,37213.8
2026-09-17 17:00:00,231269.0,12737.0,19193.0
2026-09-17 18:00:00,229542.8,13104.5,3671.8
2026-09-17 19:00:00,235162.0,13401.2,397.2
2026-09-17 20:00:00,231895.0,13788.8,0.0
2026-09-17 21:00:00,232145.2,13498.0,0.0
2026-09-17 22:00:00,233164.8,12216.2,0.0
2026-09-17 23:00:00,229138.2,11259.5,0.0
2026-09-18 00:00:00,222716.0,10220.5,0.0
2026-09-18 01:00:00,215774.8,9869.8,0.0
2026-09-18 02:00:00,210931.0,9954.5,0.0
2026-09-18 03:00:00,207441.2,9583.8,0.0
2026-09-18 04:00:00,204427.8,9208.5,0.0
2026-09-18 05:00:00,207179.5,9056.5,343.5
2026-09-18 06:00:00,212751.0,8852.0,1284.2
2026-09-18 07:00:00,218981.2,7480.5,13618.8
2026-09-18 08:00:00,224959.8,7000.5,36288.0
2026-09-18 09:00:00,236088.5,7748.8,58591.8
2026-09-18 10:00:00,240547.8,7551.5,69192.0
2026-09-18 11:00:00,240874.2,6752.5,72972.5
2026-09-18 12:00:00,238890.5,6765.0,73509.8
2026-09-18 13:00:00,236232.0,7397.5,71096.5
2026-09-18 14:00:00,238895.8,8289.0,65673.5
2026-09-18 15:00:00,241295.5,9207.8,53192.2
2026-09-18 16:00:00,239170.5,9730.0,38183.2
2026-09-18 17:00:00,231292.5,10312.8,20320.5
2026-09-18 18:00:00,231473.8,11457.0,4161.0
2026-09-18 19:00:00,236984.8,12366.5,321.5
2026-09-18 20:00:00,233395.8,13407.5,0.0
2026-09-18 21:00:00,233099.2,13422.0,0.0
2026-09-18 22:00:00,233355.5,12688.8,0.0
2026-09-18 23:00:00,229960.2,12214.2,0.0
2026-09-19 00:00:00,223560.5,11715.8,0.0
2026-09-19 01:00:00,217988.5,11677.0,0.0
2026-09-19 02:00:00,213324.2,11231.8,0.0
2026-09-19 03:00:00,210517.2,9973.0,0.0
2026-09-19 04:00:00,208685.5,8117.8,0.0
2026-09-19 05:00:00,210733.0,7573.2,196.8
2026-09-19 06:00:00,216620.5,7106.2,1341.5
2026-09-19 07:00:00,221855.5,6156.5,15214.0
2026-09-19 08:00:00,226972.5,5458.0,42367.5
2026-09-19 09:00:00,236680.0,5959.8,63696.8
2026-09-19 10:00:00,242283.8,5655.0,74819.2
2026-09-19 11:00:00,243537.8,4669.0,78404.8
2026-09-19 12:00:00,243909.0,4554.8,77771.2
2026-09-19 13:00:00,240227.2,5103.2,75000.5
2026-09-19 14:00:00,241999.0,6798.5,68262.0
2026-09-19 15:00:00,247108.2,7506.0,59897.2
2026-09-19 16:00:00,240981.0,7937.0,45879.8
2026-09-19 17:00:00,229404.0,8634.0,21759.0
2026-09-19 18:00:00,228115.0,8863.0,3822.2
2026-09-19 19:00:00,232172.5,9434.2,324.2
2026-09-19 20:00:00,231915.5,10368.5,0.0
2026-09-19 21:00:00,231262.8,10605.0,0.0
2026-09-19 22:00:00,231068.5,10545.5,0.0
2026-09-19 23:00:00,227837.5,9524.5,0.0
2026-09-20 00:00:00,222603.0,8992.0,0.0
2026-09-20 01:00:00,216412.8,8507.2,0.0
2026-09-20 02:00:00,212052.2,7844.2,0.0
2026-09-20 03:00:00,207989.2,6574.8,0.0
2026-09-20 04:00:00,207240.2,5803.0,0.0
2026-09-20 05:00:00,208363.0,5278.0,196.8
2026-09-20 06:00:00,208959.8,5136.8,1192.8
2026-09-20 07:00:00,210565.2,4806.8,12193.5
2026-09-20 08:00:00,216749.0,4061.0,37606.8
2026-09-20 09:00:00,223577.2,3794.2,57664.2
2026-09-20 10:00:00,225906.2,3453.8,68718.0
2026-09-20 11:00:00,227830.2,3570.5,73797.8
2026-09-20 12:00:00,228066.0,4474.8,73387.0
2026-09-20 13:00:00,225879.2,5229.2,71506.5
2026-09-20 14:00:00,227109.0,6403.0,65477.0
2026-09-20 15:00:00,229089.5,7695.8,57237.8
2026-09-20 16:00:00,224457.2,7794.2,40712.5
2026-09-20 17:00:00,216586.0,7802.8,20071.0
2026-09-20 18:00:00,218648.2,8634.2,3687.0
2026-09-20 19:00:00,224892.2,7947.0,516.5
2026-09-20 20:00:00,223090.8,7820.5,0.0
2026-09-20 21:00:00,223778.2,7005.0,0.0
2026-09-20 22:00:00,224884.2,6883.0,0.0
2026-09-20 23:00:00,221329.8,7415.5,0.0
2026-09-21 00:00:00,215360.8,7771.0,0.0
2026-09-21 01:00:00,209669.5,7300.8,0.0
2026-09-21 02:00:00,205870.8,6835.5,0.0
2026-09-21 03:00:00,204084.5,5813.2,0.0
2026-09-21 04:00:00,202766.8,5425.8,0.0
2026-09-21 05:00:00,205357.2,4565.0,173.8
2026-09-21 06:00:00,211504.5,3946.8,1206.2
2026-09-21 07:00:00,218487.8,4332.5,14642.2
2026-09-21 08:00:00,224124.5,5116.0,43002.0
2026-09-21 09:00:00,234275.5,6692.2,66030.8
2026-09-21 10:00:00,239068.8,7732.0,76950.5
2026-09-21 11:00:00,240362.0,7893.8,79891.2
2026-09-21 12:00:00,241871.8,8720.0,77731.5
2026-09-21 13:00:00,239569.0,8888.0,75421.0
2026-09-21 14:00:00,243902.5,9447.0,70703.8
2026-09-21 15:00:00,247559.0,10755.0,61701.5
2026-09-21 16:00:00,242090.2,10220.5,46359.8
2026-09-21 17:00:00,232789.0,9920.2,22020.8
2026-09-21 18:00:00,229875.8,10331.8,3951.8
2026-09-21 19:00:00,232804.8,10208.2,625.2
2026-09-21 20:00:00,232521.0,10115.2,0.0
2026-09-21 21:00:00,231770.5,9205.0,0.0
2026-09-21 22:00:00,231597.8,10259.2,0.0
2026-09-21 23:00:00,228018.2,10046.5,0.0
2026-09-22 00:00:00,222437.0,9499.2,0.0
2026-09-22 01:00:00,217281.2,9564.8,0.0
2026-09-22 02:00:00,213684.2,9242.5,0.0
2026-09-22 03:00:00,211074.8,10033.2,0.0
2026-09-22 04:00:00,209969.0,10601.5,0.0
2026-09-22 05:00:00,212756.5,11383.5,452.0
2026-09-22 06:00:00,219549.2,11551.8,1677.8
2026-09-22 07:00:00,226426.5,10628.0,14238.8
2026-09-22 08:00:00,231911.2,9858.8,41741.5
2026-09-22 09:00:00,240397.2,10548.5,64747.2
2026-09-22 10:00:00,243264.0,10992.0,77118.5
2026-09-22 11:00:00,243629.5,10817.5,81757.0
2026-09-22 12:00:00,243491.8,11708.8,82574.0
2026-09-22 13:00:00,239760.2,12305.2,78401.8
2026-09-22 14:00:00,242862.2,13175.5,72330.5
2026-09-22 15:00:00,246049.0,13838.5,63994.8
2026-09-22 16:00:00,244087.8,14527.0,47124.0
2026-09-22 17:00:00,237783.5,14260.2,21452.5
2026-09-22 18:00:00,234554.2,14119.0,3745.8
2026-09-22 19:00:00,237932.2,15135.8,544.8
2026-09-22 20:00:00,235143.8,16321.8,0.0
2026-09-22 21:00:00,234761.0,16519.8,0.0
2026-09-22 22:00:00,233823.5,16854.2,0.0
2026-09-22 23:00:00,230172.8,17311.8,0.0
2026-09-23 00:00:00,225663.0,17472.2,0.0
2026-09-23 01:00:00,219891.0,17838.5,0.0
2026-09-23 02:00:00,215723.2,17881.2,0.0
2026-09-23 03:00:00,213595.2,18243.2,0.0
2026-09-23 04:00:00,211749.5,18537.5,0.0
2026-09-23 05:00:00,214277.5,18679.5,332.0
2026-09-23 06:00:00,220252.5,18173.2,1243.0
2026-09-23 07:00:00,227159.0,17587.5,13193.2
2026-09-23 08:00:00,230224.0,16785.0,39730.0
2026-09-23 09:00:00,237158.0,16275.0,58771.8
2026-09-23 10:00:00,239045.0,16296.5,68743.2
2026-09-23 11:00:00,238023.0,16618.2,72563.8
2026-09-23 12:00:00,237177.2,16857.5,71942.0
2026-09-23 13:00:00,232297.8,17042.0,69490.5
2026-09-23 14:00:00,235403.5,18164.8,65426.5
2026-09-23 15:00:00,239348.5,19673.0,57786.0
2026-09-23 16:00:00,238794.5,20037.0,43538.0
2026-09-23 17:00:00,234189.8,20079.5,20558.5
2026-09-23 18:00:00,234615.8,19637.0,3114.5
2026-09-23 19:00:00,239833.0,18918.8,192.0
2026-09-23 20:00:00,236336.8,18921.0,0.0
2026-09-23 21:00:00,233822.5,20240.8,0.0
2026-09-23 22:00:00,233214.8,20729.2,0.0
2026-09-23 23:00:00,227942.5,20885.0,0.0
2026-09-24 00:00:00,221679.8,21899.8,0.0
2026-09-24 01:00:00,214823.8,22441.0,0.0
2026-09-24 02:00:00,208746.8,23131.8,0.0
2026-09-24 03:00:00,204554.2,23089.5,0.0
2026-09-24 04:00:00,202261.8,23509.2,0.0
2026-09-24 05:00:00,206730.8,23383.0,234.2
2026-09-24 06:00:00,215309.8,23012.2,1091.8
2026-09-24 07:00:00,219974.8,22140.5,13126.2
2026-09-24 08:00:00,221078.5,21216.0,39252.8
2026-09-24 09:00:00,227355.8,20763.5,59337.2
2026-09-24 10:00:00,228009.2,19674.2,67621.0
2026-09-24 11:00:00,228344.5,19543.0,70824.2
2026-09-24 12:00:00,226118.0,19357.0,68446.5
2026-09-24 13:00:00,220842.8,19469.2,63977.5
2026-09-24 14:00:00,223580.8,20850.5,61214.8
2026-09-24 15:00:00,229724.2,23039.2,58142.8
2026-09-24 16:00:00,231166.0,23542.0,44049.0
2026-09-24 17:00:00,230196.2,23568.5,20764.5
2026-09-24 18:00:00,234487.0,22786.0,3294.2
2026-09-24 19:00:00,235381.0,23875.2,125.8
2026-09-24 20:00:00,227975.8,24694.5,0.0
2026-09-24 21:00:00,224876.2,25068.8,0.0
2026-09-24 22:00:00,223012.8,25364.8,0.0
2026-09-24 23:00:00,218012.0,24699.5,0.0
2026-09-25 00:00:00,211648.5,24936.0,0.0
2026-09-25 01:00:00,205292.5,25333.2,0.0
2026-09-25 02:00:00,199561.0,25853.8,0.0
2026-09-25 03:00:00,195890.0,26564.2,0.0
2026-09-25 04:00:00,193500.8,26914.8,0.0
2026-09-25 05:00:00,197808.8,26598.8,242.5
2026-09-25 06:00:00,206234.2,25782.0,1049.5
2026-09-25 07:00:00,210820.0,24203.0,13731.8
2026-09-25 08:00:00,212947.5,22999.2,38821.5
2026-09-25 09:00:00,220060.2,22485.8,57252.8
2026-09-25 10:00:00,221661.5,21058.5,63110.0
2026-09-25 11:00:00,219784.2,20175.0,63102.8
2026-09-25 12:00:00,217515.2,19930.5,62735.5
2026-09-25 13:00:00,212624.0,20451.0,59480.0
2026-09-25 14:00:00,213694.5,21514.2,55871.5
2026-09-25 15:00:00,218293.8,23294.2,54478.0
2026-09-25 16:00:00,218077.0,24497.0,40854.2
2026-09-25 17:00:00,215881.2,24179.5,19583.8
2026-09-25 18:00:00,219187.5,24466.0,2606.0
2026-09-25 19:00:00,220150.5,24907.8,70.5
2026-09-25 20:00:00,212664.5,25879.8,0.0
2026-09-25 21:00:00,208810.5,25687.2,0.0
2026-09-25 22:00:00,207062.2,25565.8,0.0
2026-09-25 23:00:00,202208.0,25819.0,0.0
2026-09-26 00:00:00,195850.5,26520.2,0.0
2026-09-26 01:00:00,190293.5,27594.2,0.0
2026-09-26 02:00:00,185466.8,28226.8,0.0
2026-09-26 03:00:00,182885.5,28195.5,0.0
2026-09-26 04:00:00,181499.2,27922.5,0.0
2026-09-26 05:00:00,187363.8,26647.5,161.8
2026-09-26 06:00:00,196058.2,24885.5,1095.0
2026-09-26 07:00:00,200573.5,23315.2,13058.2
2026-09-26 08:00:00,204641.2,23790.0,37372.8
2026-09-26 09:00:00,214379.2,24394.0,54931.5
2026-09-26 10:00:00,214488.5,22517.5,55712.2
2026-09-26 11:00:00,213841.8,20317.2,56165.2
2026-09-26 12:00:00,211525.2,19463.8,56347.8
2026-09-26 13:00:00,206373.8,17899.2,52289.8
2026-09-26 14:00:00,211121.8,19206.2,55014.0
2026-09-26 15:00:00,217678.5,22347.8,55715.2
2026-09-26 16:00:00,221419.0,24284.5,44954.2
2026-09-26 17:00:00,219179.5,24268.2,20723.0
2026-09-26 18:00:00,221987.5,24137.2,3577.0
2026-09-26 19:00:00,222232.5,24865.8,526.0
2026-09-26 20:00:00,214739.2,25993.8,0.0
2026-09-26 21:00:00,211791.5,26195.2,0.0
2026-09-26 22:00:00,210523.8,25847.8,0.0
2026-09-26 23:00:00,205971.5,24745.5,0.0
2026-09-27 00:00:00,200353.0,23067.0,68.0
2026-09-27 01:00:00,195418.2,21479.0,117.2
2026-09-27 02:00:00,190686.0,21136.2,115.5
2026-09-27 03:00:00,188235.0,20628.0,114.8
2026-09-27 04:00:00,186603.0,19780.5,114.2
2026-09-27 05:00:00,192300.0,19102.8,135.0
2026-09-27 06:00:00,200005.0,18290.0,1384.0
2026-09-27 07:00:00,201783.2,16396.2,14950.8
2026-09-27 08:00:00,202901.5,15126.2,40548.8
2026-09-27 09:00:00,210078.0,15681.8,55741.2
2026-09-27 10:00:00,211024.2,14427.2,58832.0
2026-09-27 11:00:00,211524.5,13293.0,60277.8
2026-09-27 12:00:00,209954.0,12284.8,59201.8
2026-09-27 13:00:00,207992.0,11623.2,60998.8
2026-09-27 14:00:00,210090.2,12682.0,62202.5
2026-09-27 15:00:00,215071.5,12872.5,61078.0
2026-09-27 16:00:00,215583.5,13347.8,44336.8
2026-09-27 17:00:00,211744.5,13193.2,18933.2
2026-09-27 18:00:00,214363.0,12790.5,2257.8
2026-09-27 19:00:00,217711.8,12943.0,60.0
2026-09-27 20:00:00,213919.8,12910.5,12.2
2026-09-27 21:00:00,211945.2,12469.5,32.5
2026-09-27 22:00:00,211109.0,11904.2,64.0
2026-09-27 23:00:00,206262.5,11375.5,75.2
2026-09-28 00:00:00,200986.2,10335.0,0.0
2026-09-28 01:00:00,196207.2,9898.5,0.0
2026-09-28 02:00:00,192242.8,9447.2,0.0
2026-09-28 03:00:00,189566.8,8803.8,0.0
2026-09-28 04:00:00,188728.0,8042.8,0.0
2026-09-28 05:00:00,196086.8,7906.8,255.5
2026-09-28 06:00:00,205563.0,7692.8,1148.5
2026-09-28 07:00:00,213253.2,7181.2,14408.2
2026-09-28 08:00:00,217179.2,6547.5,42997.0
2026-09-28 09:00:00,227909.0,7218.2,66805.8
2026-09-28 10:00:00,231151.2,6648.5,80987.2
2026-09-28 11:00:00,229789.5,5486.8,83248.2
2026-09-28 12:00:00,228898.5,5326.2,82412.2
2026-09-28 13:00:00,225406.5,5811.5,80146.0
2026-09-28 14:00:00,228218.0,6694.5,73671.8
2026-09-28 15:00:00,235625.2,7704.8,61336.0
2026-09-28 16:00:00,234082.5,8597.2,41818.0
2026-09-28 17:00:00,226284.5,8413.2,17945.0
2026-09-28 18:00:00,226776.8,8333.8,2231.5
2026-09-28 19:00:00,229742.8,7768.5,21.5
2026-09-28 20:00:00,223790.5,6877.8,0.0
2026-09-28 21:00:00,220500.8,6673.8,0.0
2026-09-28 22:00:00,219293.8,6582.2,0.0
2026-09-28 23:00:00,214618.5,6929.2,0.0
2026-09-29 00:00:00,208526.5,6163.2,0.0
2026-09-29 01:00:00,202772.2,5132.8,0.0
2026-09-29 02:00:00,198050.2,4356.0,0.0
2026-09-29 03:00:00,195382.8,3881.5,0.0
2026-09-29 04:00:00,194190.2,3838.2,0.0
2026-09-29 05:00:00,199779.5,3602.8,297.0
2026-09-29 06:00:00,208932.0,3545.0,1115.8
2026-09-29 07:00:00,216281.2,3215.8,14484.5
2026-09-29 08:00:00,221068.5,2576.0,41834.2
2026-09-29 09:00:00,231879.5,2392.8,67356.0
2026-09-29 10:00:00,234412.2,2325.2,81470.5
2026-09-29 11:00:00,233354.0,2255.5,84200.8
2026-09-29 12:00:00,232442.2,2854.0,85409.0
2026-09-29 13:00:00,228441.8,3656.8,82967.5
2026-09-29 14:00:00,234481.8,4451.5,75933.8
2026-09-29 15:00:00,241870.2,4821.0,64497.2
2026-09-29 16:00:00,240419.5,5397.8,44887.2
2026-09-29 17:00:00,231812.2,6077.8,19049.2
2026-09-29 18:00:00,229489.0,5955.0,2028.5
2026-09-29 19:00:00,232717.2,5885.5,95.0
2026-09-29 20:00:00,230095.0,5694.8,0.0
2026-09-29 21:00:00,228867.0,5863.2,0.0
2026-09-29 22:00:00,227155.8,5577.0,0.0
2026-09-29 23:00:00,222486.2,5739.2,0.0
